conversion_id,click_id,affiliate_id,merchant_id,campaign_id,customer_id,product_id,session_id,converted_at,order_id,quantity,order_value,commission_rate,commission_earned,order_status,return_status
CONV_SYN_00001860,CLK_SYN_00007467,AFF018,MER0045,CAMP0017,CUST004904,B09PQR901,SES00490402,2024-01-02 02:11:39,ORD_SYN_00001860,1,349.99,0.02,7.0,Delivered,Not Returned
CONV_SYN_00001599,CLK_SYN_00006546,AFF006,MER0047,CAMP0016,CUST004521,B08QRST678,SES00452101,2024-01-02 06:29:52,ORD_SYN_00001599,1,199.99,0.02,4.0,Delivered,Not Returned
CONV_SYN_00000863,CLK_SYN_00006400,AFF020,MER0048,CAMP0017,CUST004232,B07HGJKL12,SES00423201,2024-01-02 08:22:20,ORD_SYN_00000863,1,249.0,0.02,4.98,Delivered,Returned
CONV_SYN_00000379,CLK_SYN_00005488,AFF009,MER0093,CAMP0029,CUST004741,B08STU901,SES00474101,2024-01-02 09:30:18,ORD_SYN_00000379,1,379.99,0.025,9.5,Delivered,Not Returned
CONV_SYN_00001635,CLK_SYN_00003206,AFF003,MER0071,CAMP0038,CUST004030,B09HIJ012,SES00403002,2024-01-02 11:01:44,ORD_SYN_00001635,2,279.98,0.04,11.2,Delivered,Returned
CONV_SYN_00001696,CLK_SYN_00006546,AFF006,MER0047,CAMP0016,CUST004521,B08QRST678,SES00452101,2024-01-02 23:30:28,ORD_SYN_00001696,1,199.99,0.02,4.0,Delivered,Returned
CONV_SYN_00000657,CLK_SYN_00002168,AFF004,MER0022,CAMP0006,CUST004959,B07DEF123,SES00495902,2024-01-03 06:40:46,ORD_SYN_00000657,2,199.98,0.03,6.0,Delivered,Not Returned
CONV_SYN_00001174,CLK_SYN_00007747,AFF008,MER0010,CAMP0020,CUST003808,B08EFG123,SES00380801,2024-01-03 21:46:33,ORD_SYN_00001174,1,79.99,0.03,2.4,Delivered,Not Returned
CONV_SYN_00001918,CLK_SYN_00002168,AFF004,MER0022,CAMP0006,CUST004959,B07DEF123,SES00495902,2024-01-03 23:56:58,ORD_SYN_00001918,1,99.99,0.03,3.0,Delivered,Returned
CONV_SYN_00000891,CLK_SYN_00002168,AFF004,MER0022,CAMP0006,CUST004959,B07DEF123,SES00495902,2024-01-04 00:59:58,ORD_SYN_00000891,1,99.99,0.03,3.0,Delivered,Not Returned
CONV_SYN_00001702,CLK_SYN_00005374,AFF007,MER0034,CAMP0037,CUST000853,B09VWX234,SES00085303,2024-01-04 05:57:47,ORD_SYN_00001702,1,599.0,0.02,11.98,Delivered,Not Returned
CONV_SYN_00001237,CLK_SYN_00004339,AFF018,MER0022,CAMP0031,CUST001993,B08JKL456,SES00199301,2024-01-04 12:53:50,ORD_SYN_00001237,1,99.99,0.04,4.0,Delivered,Not Returned
CONV_SYN_00001511,CLK_SYN_00003313,AFF018,MER0084,CAMP0002,CUST001303,B09DEF123,SES00130301,2024-01-04 17:04:34,ORD_SYN_00001511,1,1199.0,0.015,17.98,Delivered,Not Returned
CONV_SYN_00001969,CLK_SYN_00004493,AFF014,MER0068,CAMP0031,CUST004887,B07GHI456,SES00488702,2024-01-04 17:29:24,ORD_SYN_00001969,1,149.99,0.035,5.25,Cancelled,Not Returned
CONV_SYN_00000931,CLK_SYN_00007772,AFF020,MER0010,CAMP0041,CUST004695,B07MNO345,SES00469502,2024-01-04 23:03:13,ORD_SYN_00000931,1,59.99,0.04,2.4,Delivered,Not Returned
CONV_SYN_00001610,CLK_SYN_00007341,AFF007,MER0087,CAMP0024,CUST000886,B07DEF123,SES00088602,2024-01-05 12:13:14,ORD_SYN_00001610,1,99.99,0.03,3.0,Cancelled,Not Returned
CONV_SYN_00001103,CLK_SYN_00007831,AFF020,MER0079,CAMP0048,CUST000570,B09PQR012,SES00057001,2024-01-05 13:08:15,ORD_SYN_00001103,1,399.0,0.02,7.98,Delivered,Returned
CONV_SYN_00000260,CLK_SYN_00001425,AFF019,MER0050,CAMP0030,CUST002576,B08ABC567,SES00257601,2024-01-05 13:15:21,ORD_SYN_00000260,1,59.99,0.03,1.8,Delivered,Returned
CONV_SYN_00000795,CLK_SYN_00007879,AFF010,MER0005,CAMP0008,CUST001415,B08ABC123,SES00141501,2024-01-05 18:15:07,ORD_SYN_00000795,1,2495.0,0.015,37.42,Delivered,Not Returned
CONV_SYN_00000087,CLK_SYN_00007121,AFF017,MER0052,CAMP0001,CUST003718,B07MNO012,SES00371801,2024-01-05 21:42:16,ORD_SYN_00000087,1,99.99,0.03,3.0,Delivered,Not Returned
CONV_SYN_00001887,CLK_SYN_00007341,AFF007,MER0087,CAMP0024,CUST000886,B07DEF123,SES00088602,2024-01-05 22:38:26,ORD_SYN_00001887,1,99.99,0.03,3.0,Delivered,Returned
CONV_SYN_00001607,CLK_SYN_00001765,AFF017,MER0046,CAMP0009,CUST003195,B08EFG456,SES00319501,2024-01-06 18:43:44,ORD_SYN_00001607,2,79.9,0.04,3.2,Delivered,Not Returned
CONV_SYN_00000738,CLK_SYN_00009083,AFF001,MER0088,CAMP0015,CUST000370,B09VWX234,SES00037002,2024-01-06 20:40:18,ORD_SYN_00000738,1,599.0,0.02,11.98,Delivered,Returned
CONV_SYN_00000987,CLK_SYN_00009137,AFF006,MER0008,CAMP0011,CUST003423,B08C1W5N87,SES00342302,2024-01-06 20:43:44,ORD_SYN_00000987,2,159.9,0.03,4.8,Delivered,Not Returned
CONV_SYN_00000825,CLK_SYN_00006986,AFF010,MER0060,CAMP0007,CUST001837,B08C1W5N87,SES00183703,2024-01-06 21:34:12,ORD_SYN_00000825,3,239.85,0.03,7.2,Cancelled,Not Returned
CONV_SYN_00001008,CLK_SYN_00004600,AFF010,MER0074,CAMP0005,CUST002894,B09PQR901,SES00289402,2024-01-07 01:40:51,ORD_SYN_00001008,1,349.99,0.02,7.0,Delivered,Not Returned
CONV_SYN_00000869,CLK_SYN_00005748,AFF017,MER0095,CAMP0048,CUST000862,B08QRST678,SES00086203,2024-01-07 02:08:46,ORD_SYN_00000869,1,199.99,0.02,4.0,Cancelled,Returned
CONV_SYN_00001569,CLK_SYN_00000800,AFF014,MER0007,CAMP0008,CUST001029,B08ABC567,SES00102901,2024-01-07 05:08:43,ORD_SYN_00001569,1,59.99,0.03,1.8,Cancelled,Returned
CONV_SYN_00001309,CLK_SYN_00000554,AFF017,MER0019,CAMP0016,CUST004524,B09MNOP345,SES00452401,2024-01-07 05:32:05,ORD_SYN_00001309,1,79.99,0.03,2.4,Delivered,Returned
CONV_SYN_00001877,CLK_SYN_00002672,AFF011,MER0025,CAMP0040,CUST000317,B07DEF890,SES00031701,2024-01-07 09:34:32,ORD_SYN_00001877,1,25.99,0.04,1.04,Delivered,Not Returned
CONV_SYN_00001769,CLK_SYN_00006986,AFF010,MER0060,CAMP0007,CUST001837,B08C1W5N87,SES00183703,2024-01-07 11:06:00,ORD_SYN_00001769,1,79.95,0.03,2.4,Delivered,Not Returned
CONV_SYN_00000604,CLK_SYN_00000120,AFF005,MER0064,CAMP0010,CUST002546,B07GHI789,SES00254603,2024-01-07 16:12:18,ORD_SYN_00000604,1,179.0,0.02,3.58,Delivered,Not Returned
CONV_SYN_00001229,CLK_SYN_00003860,AFF011,MER0036,CAMP0048,CUST004731,B08STU901,SES00473103,2024-01-08 11:54:36,ORD_SYN_00001229,1,379.99,0.025,9.5,Delivered,Returned
CONV_SYN_00001668,CLK_SYN_00005092,AFF013,MER0082,CAMP0025,CUST001170,B08MNO012,SES00117001,2024-01-08 14:12:53,ORD_SYN_00001668,1,149.99,0.03,4.5,Cancelled,Not Returned
CONV_SYN_00000030,CLK_SYN_00001533,AFF001,MER0098,CAMP0044,CUST003146,B09GHI123,SES00314602,2024-01-08 15:47:25,ORD_SYN_00000030,1,179.99,0.025,4.5,Delivered,Not Returned
CONV_SYN_00001348,CLK_SYN_00003103,AFF010,MER0035,CAMP0003,CUST002900,B09DEF123,SES00290001,2024-01-08 18:12:37,ORD_SYN_00001348,1,1199.0,0.015,17.98,Delivered,Not Returned
CONV_SYN_00001933,CLK_SYN_00003103,AFF010,MER0035,CAMP0003,CUST002900,B09DEF123,SES00290001,2024-01-08 22:45:37,ORD_SYN_00001933,1,1199.0,0.015,17.98,Delivered,Not Returned
CONV_SYN_00000065,CLK_SYN_00009488,AFF002,MER0013,CAMP0028,CUST003623,B09XYZ234,SES00362302,2024-01-09 13:39:10,ORD_SYN_00000065,1,348.0,0.02,6.96,Delivered,Not Returned
CONV_SYN_00000121,CLK_SYN_00007671,AFF014,MER0036,CAMP0031,CUST000993,B07VWX678,SES00099302,2024-01-09 19:06:19,ORD_SYN_00000121,1,329.0,0.02,6.58,Cancelled,Returned
CONV_SYN_00000833,CLK_SYN_00008864,AFF007,MER0036,CAMP0004,CUST001336,B09JKL789,SES00133602,2024-01-09 19:38:21,ORD_SYN_00000833,1,699.95,0.025,17.5,Delivered,Not Returned
CONV_SYN_00000315,CLK_SYN_00005816,AFF020,MER0053,CAMP0001,CUST002960,B08ABC567,SES00296002,2024-01-09 20:45:33,ORD_SYN_00000315,1,59.99,0.03,1.8,Delivered,Returned
CONV_SYN_00000336,CLK_SYN_00005788,AFF018,MER0082,CAMP0032,CUST004000,B09PQR901,SES00400001,2024-01-09 20:49:45,ORD_SYN_00000336,1,349.99,0.02,7.0,Cancelled,Returned
CONV_SYN_00000203,CLK_SYN_00000667,AFF005,MER0036,CAMP0007,CUST001539,B08STU901,SES00153902,2024-01-09 23:54:29,ORD_SYN_00000203,1,379.99,0.025,9.5,Delivered,Returned
CONV_SYN_00000909,CLK_SYN_00002310,AFF010,MER0024,CAMP0012,CUST003684,B09XYZ234,SES00368403,2024-01-10 00:25:39,ORD_SYN_00000909,1,348.0,0.02,6.96,Cancelled,Not Returned
CONV_SYN_00000290,CLK_SYN_00008750,AFF010,MER0054,CAMP0011,CUST002894,B08JKL345,SES00289402,2024-01-10 08:55:33,ORD_SYN_00000290,1,349.95,0.02,7.0,Cancelled,Not Returned
CONV_SYN_00000878,CLK_SYN_00003530,AFF011,MER0050,CAMP0050,CUST002618,B08QRST678,SES00261803,2024-01-10 14:37:12,ORD_SYN_00000878,1,199.99,0.02,4.0,Delivered,Not Returned
CONV_SYN_00001633,CLK_SYN_00006334,AFF009,MER0094,CAMP0008,CUST002546,B08N5WRWNW,SES00254601,2024-01-10 18:11:53,ORD_SYN_00001633,3,149.97,0.04,6.0,Delivered,Not Returned
CONV_SYN_00001999,CLK_SYN_00006334,AFF009,MER0094,CAMP0008,CUST002546,B08N5WRWNW,SES00254601,2024-01-10 20:32:17,ORD_SYN_00001999,1,49.99,0.04,2.0,Delivered,Returned
CONV_SYN_00001721,CLK_SYN_00007403,AFF003,MER0094,CAMP0045,CUST000508,B07HGJKL12,SES00050803,2024-01-11 04:16:50,ORD_SYN_00001721,1,249.0,0.02,4.98,Delivered,Returned
CONV_SYN_00000195,CLK_SYN_00006619,AFF010,MER0042,CAMP0032,CUST002789,B08JKL789,SES00278902,2024-01-11 05:12:42,ORD_SYN_00000195,1,25.99,0.04,1.04,Delivered,Returned
CONV_SYN_00000235,CLK_SYN_00006734,AFF016,MER0070,CAMP0009,CUST001672,B07VWX567,SES00167202,2024-01-11 12:26:02,ORD_SYN_00000235,1,99.0,0.025,2.48,Cancelled,Not Returned
CONV_SYN_00001587,CLK_SYN_00001009,AFF006,MER0009,CAMP0009,CUST003268,B08JKL012,SES00326801,2024-01-11 16:04:33,ORD_SYN_00001587,2,438.0,0.02,8.76,Cancelled,Not Returned
CONV_SYN_00000892,CLK_SYN_00002476,AFF015,MER0006,CAMP0040,CUST000063,B08N5WRWNW,SES00006301,2024-01-11 21:01:58,ORD_SYN_00000892,1,49.99,0.04,2.0,Delivered,Returned
CONV_SYN_00000701,CLK_SYN_00004671,AFF009,MER0089,CAMP0029,CUST004814,B08JKL012,SES00481401,2024-01-12 08:49:35,ORD_SYN_00000701,1,219.0,0.02,4.38,Delivered,Not Returned
CONV_SYN_00001653,CLK_SYN_00008046,AFF020,MER0055,CAMP0028,CUST004097,B09PQR678,SES00409702,2024-01-12 17:19:14,ORD_SYN_00001653,1,399.99,0.02,8.0,Delivered,Not Returned
CONV_SYN_00000654,CLK_SYN_00000712,AFF015,MER0035,CAMP0039,CUST004866,B07GHI456,SES00486603,2024-01-12 18:09:50,ORD_SYN_00000654,1,149.99,0.035,5.25,Delivered,Returned
CONV_SYN_00001332,CLK_SYN_00006449,AFF001,MER0084,CAMP0013,CUST004749,B07DEF123,SES00474903,2024-01-12 20:18:01,ORD_SYN_00001332,1,99.99,0.03,3.0,Delivered,Not Returned
CONV_SYN_00001754,CLK_SYN_00003076,AFF010,MER0048,CAMP0043,CUST003675,B09GHI123,SES00367501,2024-01-12 23:54:32,ORD_SYN_00001754,1,179.99,0.025,4.5,Delivered,Not Returned
CONV_SYN_00000309,CLK_SYN_00009613,AFF018,MER0073,CAMP0008,CUST003626,B07MNO012,SES00362601,2024-01-13 02:33:28,ORD_SYN_00000309,1,99.99,0.03,3.0,Delivered,Not Returned
CONV_SYN_00001479,CLK_SYN_00005698,AFF005,MER0079,CAMP0042,CUST004938,B08STU678,SES00493801,2024-01-13 13:59:45,ORD_SYN_00001479,1,69.99,0.03,2.1,Cancelled,Returned
CONV_SYN_00001426,CLK_SYN_00003607,AFF015,MER0024,CAMP0007,CUST002917,B09GHI123,SES00291703,2024-01-13 14:24:51,ORD_SYN_00001426,1,179.99,0.025,4.5,Delivered,Returned
CONV_SYN_00001800,CLK_SYN_00005398,AFF005,MER0051,CAMP0028,CUST002741,B08YZA567,SES00274103,2024-01-13 19:04:43,ORD_SYN_00001800,2,179.98,0.03,5.4,Cancelled,Returned
CONV_SYN_00001256,CLK_SYN_00008106,AFF005,MER0068,CAMP0034,CUST000586,B08JKL789,SES00058603,2024-01-13 20:02:49,ORD_SYN_00001256,1,25.99,0.04,1.04,Delivered,Not Returned
CONV_SYN_00001262,CLK_SYN_00001097,AFF003,MER0072,CAMP0021,CUST000636,B09VWX234,SES00063603,2024-01-13 20:21:42,ORD_SYN_00001262,1,599.0,0.02,11.98,Delivered,Returned
CONV_SYN_00000793,CLK_SYN_00005398,AFF005,MER0051,CAMP0028,CUST002741,B08YZA567,SES00274103,2024-01-13 21:42:31,ORD_SYN_00000793,1,89.99,0.03,2.7,Cancelled,Not Returned
CONV_SYN_00001697,CLK_SYN_00005451,AFF006,MER0073,CAMP0045,CUST001376,B09JKL789,SES00137602,2024-01-14 12:54:36,ORD_SYN_00001697,1,699.95,0.025,17.5,Delivered,Not Returned
CONV_SYN_00001463,CLK_SYN_00006554,AFF009,MER0035,CAMP0040,CUST003976,B08EFG456,SES00397603,2024-01-14 13:41:48,ORD_SYN_00001463,1,39.95,0.04,1.6,Delivered,Not Returned
CONV_SYN_00001665,CLK_SYN_00008109,AFF013,MER0049,CAMP0027,CUST004335,B07DEF456,SES00433502,2024-01-14 19:03:52,ORD_SYN_00001665,1,299.0,0.025,7.48,Cancelled,Not Returned
CONV_SYN_00001183,CLK_SYN_00009901,AFF016,MER0010,CAMP0037,CUST001878,B07GHI456,SES00187802,2024-01-14 22:19:00,ORD_SYN_00001183,1,149.99,0.035,5.25,Delivered,Not Returned
CONV_SYN_00000995,CLK_SYN_00004107,AFF012,MER0057,CAMP0020,CUST000901,B08ABC567,SES00090103,2024-01-15 05:52:04,ORD_SYN_00000995,1,59.99,0.03,1.8,Delivered,Returned
CONV_SYN_00001442,CLK_SYN_00000481,AFF018,MER0082,CAMP0023,CUST000473,B09PQR012,SES00047301,2024-01-15 08:44:40,ORD_SYN_00001442,2,798.0,0.02,15.96,Cancelled,Not Returned
CONV_SYN_00001283,CLK_SYN_00001140,AFF019,MER0066,CAMP0021,CUST004784,B09YZA234,SES00478403,2024-01-15 12:19:06,ORD_SYN_00001283,1,199.99,0.02,4.0,Cancelled,Not Returned
CONV_SYN_00000097,CLK_SYN_00002192,AFF019,MER0060,CAMP0006,CUST003039,B09PQR012,SES00303901,2024-01-15 14:41:40,ORD_SYN_00000097,1,399.0,0.02,7.98,Delivered,Not Returned
CONV_SYN_00000676,CLK_SYN_00007886,AFF016,MER0033,CAMP0026,CUST002150,B07VWX678,SES00215002,2024-01-16 08:32:18,ORD_SYN_00000676,1,329.0,0.02,6.58,Cancelled,Not Returned
CONV_SYN_00000799,CLK_SYN_00004276,AFF010,MER0050,CAMP0028,CUST004227,B09PQR901,SES00422702,2024-01-16 12:53:20,ORD_SYN_00000799,1,349.99,0.02,7.0,Delivered,Not Returned
CONV_SYN_00000517,CLK_SYN_00007339,AFF010,MER0012,CAMP0008,CUST004338,B09YZA234,SES00433802,2024-01-16 14:20:31,ORD_SYN_00000517,1,199.99,0.02,4.0,Delivered,Not Returned
CONV_SYN_00000966,CLK_SYN_00009921,AFF019,MER0067,CAMP0010,CUST000247,B09GHI123,SES00024701,2024-01-16 19:54:42,ORD_SYN_00000966,1,179.99,0.025,4.5,Delivered,Not Returned
CONV_SYN_00001869,CLK_SYN_00003432,AFF001,MER0083,CAMP0009,CUST004920,B07HGJKL12,SES00492001,2024-01-17 23:57:49,ORD_SYN_00001869,1,249.0,0.02,4.98,Delivered,Not Returned
CONV_SYN_00000677,CLK_SYN_00000191,AFF011,MER0015,CAMP0029,CUST003783,B07TUVW901,SES00378302,2024-01-18 11:41:05,ORD_SYN_00000677,1,149.95,0.025,3.75,Delivered,Returned
CONV_SYN_00000486,CLK_SYN_00001684,AFF018,MER0003,CAMP0016,CUST002676,B09YZA234,SES00267602,2024-01-18 13:05:39,ORD_SYN_00000486,1,199.99,0.02,4.0,Cancelled,Returned
CONV_SYN_00000007,CLK_SYN_00001374,AFF010,MER0003,CAMP0011,CUST002154,B09YZA234,SES00215403,2024-01-18 14:20:06,ORD_SYN_00000007,2,399.98,0.02,8.0,Delivered,Returned
CONV_SYN_00000477,CLK_SYN_00002153,AFF008,MER0042,CAMP0018,CUST003487,B07PQR345,SES00348702,2024-01-18 16:32:08,ORD_SYN_00000477,1,399.0,0.02,7.98,Cancelled,Not Returned
CONV_SYN_00001632,CLK_SYN_00004068,AFF001,MER0031,CAMP0007,CUST000197,B08STU345,SES00019703,2024-01-18 20:20:40,ORD_SYN_00001632,1,349.99,0.025,8.75,Cancelled,Not Returned
CONV_SYN_00001837,CLK_SYN_00006932,AFF017,MER0051,CAMP0034,CUST002971,B09GHI123,SES00297103,2024-01-19 08:41:15,ORD_SYN_00001837,1,179.99,0.025,4.5,Delivered,Not Returned
CONV_SYN_00001820,CLK_SYN_00007938,AFF019,MER0016,CAMP0003,CUST001142,B09GHI123,SES00114201,2024-01-19 11:18:13,ORD_SYN_00001820,1,179.99,0.025,4.5,Cancelled,Not Returned
CONV_SYN_00000410,CLK_SYN_00008212,AFF002,MER0027,CAMP0029,CUST001308,B09PQR012,SES00130803,2024-01-19 21:47:13,ORD_SYN_00000410,1,399.0,0.02,7.98,Cancelled,Not Returned
CONV_SYN_00000116,CLK_SYN_00002170,AFF019,MER0066,CAMP0010,CUST002048,B07VWX234,SES00204803,2024-01-20 02:31:11,ORD_SYN_00000116,1,29.99,0.04,1.2,Delivered,Not Returned
CONV_SYN_00001638,CLK_SYN_00003054,AFF004,MER0093,CAMP0010,CUST002852,B08JKL456,SES00285203,2024-01-20 09:52:00,ORD_SYN_00001638,2,199.98,0.04,8.0,Delivered,Not Returned
CONV_SYN_00001559,CLK_SYN_00005754,AFF004,MER0026,CAMP0041,CUST003963,B09YZA567,SES00396302,2024-01-20 11:18:56,ORD_SYN_00001559,1,49.99,0.03,1.5,Delivered,Not Returned
CONV_SYN_00001688,CLK_SYN_00006264,AFF011,MER0068,CAMP0048,CUST004662,B07VWX234,SES00466203,2024-01-20 15:18:06,ORD_SYN_00001688,1,29.99,0.04,1.2,Delivered,Returned
CONV_SYN_00001228,CLK_SYN_00004751,AFF018,MER0011,CAMP0022,CUST004128,B08EFG123,SES00412801,2024-01-20 16:18:15,ORD_SYN_00001228,1,79.99,0.03,2.4,Delivered,Returned
CONV_SYN_00001938,CLK_SYN_00001872,AFF020,MER0091,CAMP0008,CUST003046,B08ABC123,SES00304602,2024-01-20 16:30:48,ORD_SYN_00001938,1,2495.0,0.015,37.42,Delivered,Not Returned
CONV_SYN_00000597,CLK_SYN_00008982,AFF011,MER0028,CAMP0021,CUST001794,B09GHI789,SES00179401,2024-01-20 23:34:04,ORD_SYN_00000597,1,49.99,0.04,2.0,Delivered,Not Returned
CONV_SYN_00000346,CLK_SYN_00009634,AFF017,MER0051,CAMP0005,CUST003492,B09YZA890,SES00349201,2024-01-21 00:30:04,ORD_SYN_00000346,1,98.0,0.03,2.94,Delivered,Returned
CONV_SYN_00000637,CLK_SYN_00002425,AFF011,MER0093,CAMP0048,CUST000556,B09MNOP345,SES00055601,2024-01-21 09:49:01,ORD_SYN_00000637,1,79.99,0.03,2.4,Delivered,Not Returned
CONV_SYN_00001694,CLK_SYN_00009744,AFF018,MER0079,CAMP0002,CUST001804,B08ABC123,SES00180402,2024-01-21 12:25:53,ORD_SYN_00001694,1,2495.0,0.015,37.42,Cancelled,Not Returned
CONV_SYN_00001040,CLK_SYN_00005545,AFF003,MER0003,CAMP0017,CUST002007,B08YZA567,SES00200703,2024-01-21 12:58:43,ORD_SYN_00001040,1,89.99,0.03,2.7,Delivered,Returned
CONV_SYN_00001730,CLK_SYN_00002975,AFF019,MER0098,CAMP0026,CUST001717,B07DEF890,SES00171702,2024-01-21 21:06:05,ORD_SYN_00001730,2,51.98,0.04,2.08,Delivered,Not Returned
CONV_SYN_00001623,CLK_SYN_00008903,AFF002,MER0038,CAMP0039,CUST002244,B07GHI789,SES00224402,2024-01-22 13:08:16,ORD_SYN_00001623,1,179.0,0.02,3.58,Delivered,Returned
CONV_SYN_00000778,CLK_SYN_00000511,AFF004,MER0082,CAMP0016,CUST004381,B09HIJ012,SES00438103,2024-01-22 14:43:23,ORD_SYN_00000778,2,279.98,0.04,11.2,Delivered,Not Returned
CONV_SYN_00000326,CLK_SYN_00005124,AFF019,MER0025,CAMP0038,CUST000272,B08JKL456,SES00027202,2024-01-22 16:07:05,ORD_SYN_00000326,1,99.99,0.04,4.0,Delivered,Not Returned
CONV_SYN_00000367,CLK_SYN_00004151,AFF011,MER0076,CAMP0050,CUST001423,B08ABC890,SES00142302,2024-01-22 23:42:02,ORD_SYN_00000367,2,499.98,0.025,12.5,Delivered,Returned
CONV_SYN_00001324,CLK_SYN_00005954,AFF003,MER0100,CAMP0011,CUST000397,B07BCD890,SES00039702,2024-01-23 03:03:56,ORD_SYN_00001324,1,799.99,0.02,16.0,Delivered,Not Returned
CONV_SYN_00001450,CLK_SYN_00002328,AFF017,MER0073,CAMP0002,CUST001946,B07EFG567,SES00194602,2024-01-23 04:46:20,ORD_SYN_00001450,1,449.95,0.025,11.25,Delivered,Returned
CONV_SYN_00000934,CLK_SYN_00001115,AFF016,MER0049,CAMP0033,CUST000835,B07BCD890,SES00083503,2024-01-23 07:12:00,ORD_SYN_00000934,1,799.99,0.02,16.0,Cancelled,Not Returned
CONV_SYN_00000413,CLK_SYN_00006004,AFF009,MER0054,CAMP0006,CUST003267,B09PQR345,SES00326701,2024-01-23 11:24:39,ORD_SYN_00000413,2,179.98,0.03,5.4,Delivered,Not Returned
CONV_SYN_00001475,CLK_SYN_00004358,AFF008,MER0078,CAMP0042,CUST004504,B07MNO789,SES00450403,2024-01-23 20:51:52,ORD_SYN_00001475,1,199.95,0.03,6.0,Cancelled,Not Returned
CONV_SYN_00000310,CLK_SYN_00005074,AFF020,MER0080,CAMP0001,CUST000062,B08ABC123,SES00006203,2024-01-23 23:06:26,ORD_SYN_00000310,1,2495.0,0.015,37.42,Delivered,Not Returned
CONV_SYN_00001813,CLK_SYN_00004151,AFF011,MER0076,CAMP0050,CUST001423,B08ABC890,SES00142302,2024-01-24 01:23:26,ORD_SYN_00001813,1,249.99,0.025,6.25,Delivered,Not Returned
CONV_SYN_00001572,CLK_SYN_00006008,AFF004,MER0008,CAMP0050,CUST002037,B08BCD234,SES00203701,2024-01-24 02:49:22,ORD_SYN_00001572,1,497.99,0.02,9.96,Cancelled,Not Returned
CONV_SYN_00000419,CLK_SYN_00005391,AFF019,MER0086,CAMP0018,CUST002420,B09MNOP345,SES00242001,2024-01-24 05:29:08,ORD_SYN_00000419,2,159.98,0.03,4.8,Cancelled,Not Returned
CONV_SYN_00001301,CLK_SYN_00009930,AFF005,MER0061,CAMP0045,CUST002393,B08STU345,SES00239303,2024-01-24 15:34:28,ORD_SYN_00001301,1,349.99,0.025,8.75,Delivered,Returned
CONV_SYN_00001186,CLK_SYN_00008306,AFF003,MER0079,CAMP0020,CUST003451,B07MNO789,SES00345103,2024-01-24 18:06:38,ORD_SYN_00001186,1,199.95,0.03,6.0,Delivered,Not Returned
CONV_SYN_00001996,CLK_SYN_00005286,AFF019,MER0064,CAMP0017,CUST003726,B08JKL456,SES00372603,2024-01-25 10:34:42,ORD_SYN_00001996,1,99.99,0.04,4.0,Cancelled,Not Returned
CONV_SYN_00000794,CLK_SYN_00003841,AFF017,MER0075,CAMP0030,CUST000765,B08ABC567,SES00076501,2024-01-25 10:43:48,ORD_SYN_00000794,1,59.99,0.03,1.8,Delivered,Not Returned
CONV_SYN_00001746,CLK_SYN_00005939,AFF006,MER0073,CAMP0017,CUST004543,B08ABC123,SES00454301,2024-01-26 01:41:38,ORD_SYN_00001746,1,2495.0,0.015,37.42,Cancelled,Not Returned
CONV_SYN_00001720,CLK_SYN_00004299,AFF017,MER0078,CAMP0025,CUST000286,B09HIJ012,SES00028603,2024-01-26 01:51:28,ORD_SYN_00001720,1,139.99,0.04,5.6,Delivered,Not Returned
CONV_SYN_00000392,CLK_SYN_00009620,AFF011,MER0060,CAMP0015,CUST004543,B08N5WRWNW,SES00454301,2024-01-26 05:03:54,ORD_SYN_00000392,1,49.99,0.04,2.0,Delivered,Not Returned
CONV_SYN_00000630,CLK_SYN_00000796,AFF002,MER0073,CAMP0025,CUST001045,B08JKL345,SES00104502,2024-01-26 05:17:18,ORD_SYN_00000630,1,349.95,0.02,7.0,Delivered,Not Returned
CONV_SYN_00000767,CLK_SYN_00000839,AFF014,MER0080,CAMP0004,CUST004008,B08ABC567,SES00400802,2024-01-26 06:27:49,ORD_SYN_00000767,1,59.99,0.03,1.8,Cancelled,Not Returned
CONV_SYN_00001941,CLK_SYN_00002350,AFF003,MER0036,CAMP0018,CUST003508,B07MNO012,SES00350802,2024-01-26 07:37:11,ORD_SYN_00001941,1,99.99,0.03,3.0,Delivered,Not Returned
CONV_SYN_00001065,CLK_SYN_00003020,AFF015,MER0048,CAMP0046,CUST000301,B08JKL012,SES00030102,2024-01-26 08:15:17,ORD_SYN_00001065,1,219.0,0.02,4.38,Delivered,Not Returned
CONV_SYN_00001617,CLK_SYN_00001082,AFF012,MER0048,CAMP0050,CUST000223,B08STU678,SES00022303,2024-01-26 11:46:34,ORD_SYN_00001617,2,139.98,0.03,4.2,Delivered,Not Returned
CONV_SYN_00001657,CLK_SYN_00005286,AFF019,MER0064,CAMP0017,CUST003726,B08JKL456,SES00372603,2024-01-27 03:43:06,ORD_SYN_00001657,1,99.99,0.04,4.0,Cancelled,Not Returned
CONV_SYN_00000765,CLK_SYN_00005138,AFF020,MER0047,CAMP0027,CUST004010,B09PQR012,SES00401002,2024-01-27 04:17:45,ORD_SYN_00000765,1,399.0,0.02,7.98,Delivered,Returned
CONV_SYN_00000212,CLK_SYN_00005445,AFF015,MER0031,CAMP0017,CUST000165,B08BCD234,SES00016502,2024-01-27 08:27:16,ORD_SYN_00000212,1,497.99,0.02,9.96,Cancelled,Not Returned
CONV_SYN_00000165,CLK_SYN_00007746,AFF018,MER0094,CAMP0012,CUST003473,B09GHI456,SES00347302,2024-01-27 11:07:42,ORD_SYN_00000165,1,99.99,0.03,3.0,Delivered,Not Returned
CONV_SYN_00001973,CLK_SYN_00009228,AFF003,MER0018,CAMP0013,CUST003604,B07HGJKL12,SES00360401,2024-01-28 05:17:54,ORD_SYN_00001973,1,249.0,0.02,4.98,Delivered,Not Returned
CONV_SYN_00000693,CLK_SYN_00008594,AFF012,MER0087,CAMP0031,CUST002644,B08C1W5N87,SES00264402,2024-01-28 15:27:43,ORD_SYN_00000693,1,79.95,0.03,2.4,Delivered,Returned
CONV_SYN_00001811,CLK_SYN_00003602,AFF005,MER0095,CAMP0050,CUST003516,B07TUVW901,SES00351603,2024-01-28 15:37:23,ORD_SYN_00001811,2,299.9,0.025,7.5,Cancelled,Not Returned
CONV_SYN_00001495,CLK_SYN_00007759,AFF017,MER0074,CAMP0023,CUST001704,B07MNO789,SES00170402,2024-01-28 16:32:36,ORD_SYN_00001495,1,199.95,0.03,6.0,Delivered,Not Returned
CONV_SYN_00000489,CLK_SYN_00008627,AFF002,MER0021,CAMP0046,CUST004466,B09GHI456,SES00446602,2024-01-28 19:37:20,ORD_SYN_00000489,1,99.99,0.03,3.0,Delivered,Not Returned
CONV_SYN_00000180,CLK_SYN_00000922,AFF006,MER0018,CAMP0040,CUST002073,B09YZA567,SES00207301,2024-01-28 22:29:24,ORD_SYN_00000180,2,99.98,0.03,3.0,Delivered,Not Returned
CONV_SYN_00000523,CLK_SYN_00001499,AFF019,MER0006,CAMP0028,CUST002482,B08STU345,SES00248202,2024-01-28 23:10:27,ORD_SYN_00000523,1,349.99,0.025,8.75,Delivered,Not Returned
CONV_SYN_00000312,CLK_SYN_00002904,AFF020,MER0052,CAMP0001,CUST002200,B07MNO789,SES00220002,2024-01-29 08:06:31,ORD_SYN_00000312,1,199.95,0.03,6.0,Delivered,Returned
CONV_SYN_00000515,CLK_SYN_00000922,AFF006,MER0018,CAMP0040,CUST002073,B09YZA567,SES00207301,2024-01-29 09:05:24,ORD_SYN_00000515,1,49.99,0.03,1.5,Cancelled,Not Returned
CONV_SYN_00001383,CLK_SYN_00001327,AFF015,MER0090,CAMP0003,CUST004980,B07VWX567,SES00498001,2024-01-29 20:04:09,ORD_SYN_00001383,2,198.0,0.025,4.95,Delivered,Not Returned
CONV_SYN_00000753,CLK_SYN_00004870,AFF013,MER0060,CAMP0011,CUST004742,B07PQR345,SES00474202,2024-01-30 03:12:00,ORD_SYN_00000753,1,399.0,0.02,7.98,Delivered,Not Returned
CONV_SYN_00000512,CLK_SYN_00008627,AFF002,MER0021,CAMP0046,CUST004466,B09GHI456,SES00446602,2024-01-30 05:26:32,ORD_SYN_00000512,2,199.98,0.03,6.0,Delivered,Returned
CONV_SYN_00000703,CLK_SYN_00000860,AFF017,MER0064,CAMP0002,CUST003077,B08ABC567,SES00307701,2024-01-30 18:10:35,ORD_SYN_00000703,2,119.98,0.03,3.6,Delivered,Not Returned
CONV_SYN_00001088,CLK_SYN_00006960,AFF006,MER0003,CAMP0034,CUST001495,B09YZA567,SES00149501,2024-01-30 19:04:24,ORD_SYN_00001088,1,49.99,0.03,1.5,Delivered,Not Returned
CONV_SYN_00001955,CLK_SYN_00005647,AFF009,MER0041,CAMP0042,CUST003669,B09PQR012,SES00366901,2024-01-30 20:21:37,ORD_SYN_00001955,1,399.0,0.02,7.98,Delivered,Not Returned
CONV_SYN_00000482,CLK_SYN_00006829,AFF010,MER0052,CAMP0035,CUST002350,B08EFG456,SES00235001,2024-01-31 13:58:29,ORD_SYN_00000482,1,39.95,0.04,1.6,Delivered,Not Returned
CONV_SYN_00000994,CLK_SYN_00003113,AFF018,MER0038,CAMP0020,CUST002185,B09PQR012,SES00218502,2024-01-31 18:03:12,ORD_SYN_00000994,1,399.0,0.02,7.98,Delivered,Not Returned
CONV_SYN_00001148,CLK_SYN_00008827,AFF007,MER0015,CAMP0024,CUST003146,B08EFG456,SES00314601,2024-01-31 19:35:28,ORD_SYN_00001148,1,39.95,0.04,1.6,Delivered,Not Returned
CONV_SYN_00000990,CLK_SYN_00003799,AFF001,MER0082,CAMP0034,CUST002442,B07HGJKL12,SES00244201,2024-02-01 01:41:00,ORD_SYN_00000990,1,249.0,0.02,4.98,Delivered,Not Returned
CONV_SYN_00001127,CLK_SYN_00003202,AFF006,MER0078,CAMP0046,CUST004859,B08ABC123,SES00485902,2024-02-01 02:13:20,ORD_SYN_00001127,2,4990.0,0.015,74.85,Cancelled,Not Returned
CONV_SYN_00000012,CLK_SYN_00005647,AFF009,MER0041,CAMP0042,CUST003669,B09PQR012,SES00366901,2024-02-01 02:52:49,ORD_SYN_00000012,3,1197.0,0.02,23.94,Delivered,Returned
CONV_SYN_00000052,CLK_SYN_00007486,AFF013,MER0017,CAMP0031,CUST001252,B08STU234,SES00125203,2024-02-01 08:12:58,ORD_SYN_00000052,2,256.0,0.03,7.68,Delivered,Returned
CONV_SYN_00000397,CLK_SYN_00008437,AFF017,MER0091,CAMP0017,CUST002713,B08JKL789,SES00271301,2024-02-01 09:44:05,ORD_SYN_00000397,2,51.98,0.04,2.08,Delivered,Not Returned
CONV_SYN_00000338,CLK_SYN_00004437,AFF011,MER0084,CAMP0025,CUST003674,B07DEF123,SES00367402,2024-02-01 11:50:09,ORD_SYN_00000338,1,99.99,0.03,3.0,Delivered,Not Returned
CONV_SYN_00001535,CLK_SYN_00007719,AFF010,MER0022,CAMP0041,CUST002641,B08ABC890,SES00264102,2024-02-01 12:03:38,ORD_SYN_00001535,1,249.99,0.025,6.25,Delivered,Not Returned
CONV_SYN_00001586,CLK_SYN_00002796,AFF018,MER0004,CAMP0001,CUST000891,B09JKL789,SES00089101,2024-02-01 13:55:26,ORD_SYN_00001586,1,699.95,0.025,17.5,Delivered,Not Returned
CONV_SYN_00001106,CLK_SYN_00005578,AFF006,MER0057,CAMP0050,CUST004093,B08C1W5N87,SES00409302,2024-02-01 17:44:20,ORD_SYN_00001106,1,79.95,0.03,2.4,Delivered,Not Returned
CONV_SYN_00001002,CLK_SYN_00004811,AFF011,MER0058,CAMP0031,CUST003953,B07GHI456,SES00395303,2024-02-01 18:30:09,ORD_SYN_00001002,1,149.99,0.035,5.25,Delivered,Not Returned
CONV_SYN_00000873,CLK_SYN_00002096,AFF013,MER0089,CAMP0015,CUST004043,B09MNOP345,SES00404301,2024-02-01 19:38:24,ORD_SYN_00000873,1,79.99,0.03,2.4,Delivered,Returned
CONV_SYN_00001362,CLK_SYN_00009639,AFF009,MER0001,CAMP0047,CUST000955,B09HIJ012,SES00095503,2024-02-01 19:41:13,ORD_SYN_00001362,1,139.99,0.04,5.6,Cancelled,Not Returned
CONV_SYN_00000601,CLK_SYN_00004312,AFF004,MER0018,CAMP0009,CUST002149,B07DEF456,SES00214902,2024-02-02 00:54:14,ORD_SYN_00000601,1,299.0,0.025,7.48,Cancelled,Not Returned
CONV_SYN_00001375,CLK_SYN_00006726,AFF007,MER0021,CAMP0021,CUST004015,B07TUVW901,SES00401502,2024-02-02 10:34:59,ORD_SYN_00001375,1,149.95,0.025,3.75,Delivered,Not Returned
CONV_SYN_00000128,CLK_SYN_00006731,AFF011,MER0024,CAMP0003,CUST001066,B09YZA567,SES00106603,2024-02-02 11:56:32,ORD_SYN_00000128,1,49.99,0.03,1.5,Delivered,Not Returned
CONV_SYN_00000077,CLK_SYN_00003516,AFF014,MER0084,CAMP0036,CUST004080,B08JKL345,SES00408001,2024-02-02 15:17:39,ORD_SYN_00000077,1,349.95,0.02,7.0,Delivered,Not Returned
CONV_SYN_00001395,CLK_SYN_00002840,AFF002,MER0015,CAMP0014,CUST003017,B09DEF123,SES00301703,2024-02-02 22:07:04,ORD_SYN_00001395,1,1199.0,0.015,17.98,Delivered,Returned
CONV_SYN_00000845,CLK_SYN_00004103,AFF004,MER0049,CAMP0034,CUST001587,B08JKL789,SES00158702,2024-02-03 10:57:42,ORD_SYN_00000845,1,25.99,0.04,1.04,Cancelled,Not Returned
CONV_SYN_00000453,CLK_SYN_00005914,AFF020,MER0060,CAMP0005,CUST003543,B07VWX567,SES00354301,2024-02-03 11:15:34,ORD_SYN_00000453,1,99.0,0.025,2.48,Delivered,Not Returned
CONV_SYN_00000364,CLK_SYN_00000836,AFF019,MER0099,CAMP0026,CUST004380,B08QRST678,SES00438002,2024-02-03 12:16:17,ORD_SYN_00000364,1,199.99,0.02,4.0,Delivered,Not Returned
CONV_SYN_00000182,CLK_SYN_00008853,AFF012,MER0035,CAMP0002,CUST002848,B07DEF456,SES00284803,2024-02-03 14:51:03,ORD_SYN_00000182,1,299.0,0.025,7.48,Delivered,Returned
CONV_SYN_00001634,CLK_SYN_00004280,AFF010,MER0023,CAMP0044,CUST003268,B07MNO789,SES00326801,2024-02-03 16:57:06,ORD_SYN_00001634,1,199.95,0.03,6.0,Cancelled,Not Returned
CONV_SYN_00000002,CLK_SYN_00008926,AFF002,MER0100,CAMP0022,CUST004275,B07VWX901,SES00427503,2024-02-03 20:27:01,ORD_SYN_00000002,1,99.99,0.025,2.5,Delivered,Returned
CONV_SYN_00001783,CLK_SYN_00004081,AFF012,MER0007,CAMP0036,CUST004026,B09GHI456,SES00402601,2024-02-03 20:35:12,ORD_SYN_00001783,1,99.99,0.03,3.0,Delivered,Not Returned
CONV_SYN_00000648,CLK_SYN_00006851,AFF007,MER0060,CAMP0003,CUST003920,B07TUVW901,SES00392002,2024-02-03 22:13:55,ORD_SYN_00000648,2,299.9,0.025,7.5,Delivered,Not Returned
CONV_SYN_00001317,CLK_SYN_00009424,AFF006,MER0031,CAMP0007,CUST004704,B08N5WRWNW,SES00470401,2024-02-04 06:03:26,ORD_SYN_00001317,1,49.99,0.04,2.0,Cancelled,Not Returned
CONV_SYN_00001338,CLK_SYN_00009424,AFF006,MER0031,CAMP0007,CUST004704,B08N5WRWNW,SES00470401,2024-02-04 21:23:14,ORD_SYN_00001338,1,49.99,0.04,2.0,Delivered,Not Returned
CONV_SYN_00000602,CLK_SYN_00008472,AFF020,MER0013,CAMP0029,CUST001358,B07BCD890,SES00135803,2024-02-04 23:15:23,ORD_SYN_00000602,1,799.99,0.02,16.0,Cancelled,Not Returned
CONV_SYN_00000383,CLK_SYN_00004103,AFF004,MER0049,CAMP0034,CUST001587,B08JKL789,SES00158702,2024-02-05 04:33:42,ORD_SYN_00000383,1,25.99,0.04,1.04,Delivered,Not Returned
CONV_SYN_00000965,CLK_SYN_00007080,AFF010,MER0052,CAMP0047,CUST001685,B08ABC890,SES00168503,2024-02-05 05:32:49,ORD_SYN_00000965,2,499.98,0.025,12.5,Cancelled,Not Returned
CONV_SYN_00000553,CLK_SYN_00000254,AFF018,MER0032,CAMP0004,CUST004075,B07VWX567,SES00407501,2024-02-05 07:26:18,ORD_SYN_00000553,1,99.0,0.025,2.48,Delivered,Not Returned
CONV_SYN_00000969,CLK_SYN_00002731,AFF003,MER0037,CAMP0024,CUST001254,B08ABC567,SES00125403,2024-02-05 09:06:01,ORD_SYN_00000969,1,59.99,0.03,1.8,Delivered,Returned
CONV_SYN_00001669,CLK_SYN_00000743,AFF018,MER0004,CAMP0015,CUST001655,B07DEF456,SES00165502,2024-02-05 10:10:31,ORD_SYN_00001669,1,299.0,0.025,7.48,Delivered,Not Returned
CONV_SYN_00001637,CLK_SYN_00005070,AFF011,MER0052,CAMP0017,CUST002358,B08ABC123,SES00235801,2024-02-05 15:36:26,ORD_SYN_00001637,1,2495.0,0.015,37.42,Delivered,Not Returned
CONV_SYN_00001604,CLK_SYN_00005660,AFF001,MER0042,CAMP0046,CUST003024,B08YZA567,SES00302402,2024-02-05 19:47:52,ORD_SYN_00001604,2,179.98,0.03,5.4,Cancelled,Not Returned
CONV_SYN_00000805,CLK_SYN_00007379,AFF016,MER0052,CAMP0002,CUST002694,B08STU345,SES00269401,2024-02-05 22:42:45,ORD_SYN_00000805,1,349.99,0.025,8.75,Delivered,Not Returned
CONV_SYN_00001675,CLK_SYN_00002397,AFF015,MER0048,CAMP0019,CUST001443,B08C1W5N87,SES00144301,2024-02-06 06:03:25,ORD_SYN_00001675,1,79.95,0.03,2.4,Delivered,Not Returned
CONV_SYN_00001128,CLK_SYN_00008468,AFF006,MER0076,CAMP0036,CUST004409,B09PQR901,SES00440901,2024-02-06 08:17:50,ORD_SYN_00001128,1,349.99,0.02,7.0,Cancelled,Returned
CONV_SYN_00001880,CLK_SYN_00005923,AFF002,MER0055,CAMP0042,CUST004420,B07VWX234,SES00442001,2024-02-06 08:19:54,ORD_SYN_00001880,1,29.99,0.04,1.2,Delivered,Returned
CONV_SYN_00000266,CLK_SYN_00000743,AFF018,MER0004,CAMP0015,CUST001655,B07DEF456,SES00165502,2024-02-06 08:44:43,ORD_SYN_00000266,1,299.0,0.025,7.48,Delivered,Not Returned
CONV_SYN_00001409,CLK_SYN_00009594,AFF007,MER0018,CAMP0027,CUST003445,B08STU234,SES00344502,2024-02-06 10:34:27,ORD_SYN_00001409,1,128.0,0.03,3.84,Delivered,Not Returned
CONV_SYN_00001944,CLK_SYN_00000522,AFF011,MER0082,CAMP0020,CUST002198,B08ABC123,SES00219803,2024-02-06 11:30:32,ORD_SYN_00001944,2,4990.0,0.015,74.85,Delivered,Not Returned
CONV_SYN_00001377,CLK_SYN_00005129,AFF006,MER0059,CAMP0023,CUST000352,B09DEF123,SES00035201,2024-02-06 15:48:09,ORD_SYN_00001377,1,1199.0,0.015,17.98,Delivered,Returned
CONV_SYN_00001062,CLK_SYN_00000427,AFF010,MER0069,CAMP0004,CUST002686,B07GHI789,SES00268601,2024-02-06 18:37:33,ORD_SYN_00001062,1,179.0,0.02,3.58,Delivered,Returned
CONV_SYN_00001748,CLK_SYN_00000743,AFF018,MER0004,CAMP0015,CUST001655,B07DEF456,SES00165502,2024-02-06 18:48:55,ORD_SYN_00001748,2,598.0,0.025,14.95,Cancelled,Returned
CONV_SYN_00001412,CLK_SYN_00002256,AFF019,MER0052,CAMP0030,CUST003427,B09GHI789,SES00342701,2024-02-06 19:25:00,ORD_SYN_00001412,1,49.99,0.04,2.0,Delivered,Not Returned
CONV_SYN_00001552,CLK_SYN_00001595,AFF013,MER0078,CAMP0017,CUST000173,B09PQR345,SES00017302,2024-02-06 19:58:34,ORD_SYN_00001552,1,89.99,0.03,2.7,Cancelled,Not Returned
CONV_SYN_00001523,CLK_SYN_00000168,AFF009,MER0020,CAMP0026,CUST000748,B07MNO789,SES00074801,2024-02-06 21:44:15,ORD_SYN_00001523,1,199.95,0.03,6.0,Delivered,Not Returned
CONV_SYN_00001751,CLK_SYN_00004607,AFF004,MER0084,CAMP0050,CUST004738,B09JKL789,SES00473803,2024-02-07 02:42:22,ORD_SYN_00001751,2,1399.9,0.025,35.0,Delivered,Not Returned
CONV_SYN_00001530,CLK_SYN_00008823,AFF011,MER0083,CAMP0028,CUST003780,B07VWX234,SES00378001,2024-02-07 04:11:32,ORD_SYN_00001530,1,29.99,0.04,1.2,Cancelled,Not Returned
CONV_SYN_00000663,CLK_SYN_00008291,AFF019,MER0053,CAMP0044,CUST000293,B08BCD234,SES00029302,2024-02-07 10:27:41,ORD_SYN_00000663,1,497.99,0.02,9.96,Delivered,Not Returned
CONV_SYN_00000999,CLK_SYN_00003381,AFF008,MER0047,CAMP0037,CUST001220,B07HGJKL12,SES00122002,2024-02-07 11:31:55,ORD_SYN_00000999,1,249.0,0.02,4.98,Delivered,Not Returned
CONV_SYN_00001543,CLK_SYN_00003381,AFF008,MER0047,CAMP0037,CUST001220,B07HGJKL12,SES00122002,2024-02-07 14:35:31,ORD_SYN_00001543,1,249.0,0.02,4.98,Cancelled,Returned
CONV_SYN_00001829,CLK_SYN_00003575,AFF001,MER0054,CAMP0015,CUST003663,B07VWX901,SES00366302,2024-02-07 15:01:25,ORD_SYN_00001829,2,199.98,0.025,5.0,Delivered,Not Returned
CONV_SYN_00001801,CLK_SYN_00002390,AFF001,MER0077,CAMP0049,CUST004862,B09VWX234,SES00486202,2024-02-07 17:08:35,ORD_SYN_00001801,1,599.0,0.02,11.98,Delivered,Not Returned
CONV_SYN_00001078,CLK_SYN_00003201,AFF002,MER0005,CAMP0023,CUST004566,B08ABC567,SES00456602,2024-02-07 17:34:53,ORD_SYN_00001078,1,59.99,0.03,1.8,Delivered,Returned
CONV_SYN_00000067,CLK_SYN_00009515,AFF012,MER0043,CAMP0038,CUST001123,B07EFG567,SES00112303,2024-02-07 20:46:35,ORD_SYN_00000067,1,449.95,0.025,11.25,Delivered,Not Returned
CONV_SYN_00000114,CLK_SYN_00008280,AFF002,MER0087,CAMP0010,CUST003170,B09PQR012,SES00317002,2024-02-08 07:18:02,ORD_SYN_00000114,1,399.0,0.02,7.98,Delivered,Returned
CONV_SYN_00000316,CLK_SYN_00007031,AFF007,MER0044,CAMP0030,CUST001440,B09JKL789,SES00144001,2024-02-08 14:08:48,ORD_SYN_00000316,1,699.95,0.025,17.5,Delivered,Not Returned
CONV_SYN_00001756,CLK_SYN_00006364,AFF003,MER0057,CAMP0011,CUST001283,B08EFG456,SES00128302,2024-02-08 17:01:53,ORD_SYN_00001756,1,39.95,0.04,1.6,Delivered,Not Returned
CONV_SYN_00000283,CLK_SYN_00001146,AFF008,MER0073,CAMP0002,CUST002265,B09YZA234,SES00226501,2024-02-08 18:42:33,ORD_SYN_00000283,1,199.99,0.02,4.0,Delivered,Returned
CONV_SYN_00000059,CLK_SYN_00003898,AFF002,MER0068,CAMP0026,CUST002272,B09GHI123,SES00227202,2024-02-08 19:23:01,ORD_SYN_00000059,1,179.99,0.025,4.5,Delivered,Not Returned
CONV_SYN_00001549,CLK_SYN_00000645,AFF003,MER0064,CAMP0032,CUST000391,B07PQR345,SES00039102,2024-02-08 20:37:55,ORD_SYN_00001549,1,399.0,0.02,7.98,Cancelled,Returned
CONV_SYN_00000070,CLK_SYN_00009319,AFF005,MER0041,CAMP0050,CUST004890,B07DEF890,SES00489002,2024-02-08 20:49:46,ORD_SYN_00000070,1,25.99,0.04,1.04,Delivered,Not Returned
CONV_SYN_00001484,CLK_SYN_00005118,AFF012,MER0006,CAMP0015,CUST000149,B07DEF890,SES00014901,2024-02-09 08:00:48,ORD_SYN_00001484,1,25.99,0.04,1.04,Delivered,Not Returned
CONV_SYN_00000935,CLK_SYN_00008310,AFF008,MER0085,CAMP0023,CUST004476,B08JKL456,SES00447602,2024-02-09 08:01:14,ORD_SYN_00000935,1,99.99,0.04,4.0,Cancelled,Not Returned
CONV_SYN_00001470,CLK_SYN_00008341,AFF015,MER0072,CAMP0026,CUST002335,B08JKL012,SES00233502,2024-02-09 09:28:46,ORD_SYN_00001470,1,219.0,0.02,4.38,Cancelled,Not Returned
CONV_SYN_00000466,CLK_SYN_00008747,AFF010,MER0092,CAMP0049,CUST003753,B08YZA567,SES00375303,2024-02-09 14:36:59,ORD_SYN_00000466,1,89.99,0.03,2.7,Delivered,Not Returned
CONV_SYN_00000141,CLK_SYN_00000385,AFF012,MER0041,CAMP0043,CUST000397,B09YZA890,SES00039701,2024-02-09 17:00:13,ORD_SYN_00000141,1,98.0,0.03,2.94,Cancelled,Returned
CONV_SYN_00000859,CLK_SYN_00009064,AFF011,MER0024,CAMP0039,CUST001410,B08C1W5N87,SES00141001,2024-02-09 21:09:28,ORD_SYN_00000859,2,159.9,0.03,4.8,Delivered,Returned
CONV_SYN_00000536,CLK_SYN_00002715,AFF002,MER0080,CAMP0039,CUST004773,B07BCD890,SES00477302,2024-02-09 21:17:27,ORD_SYN_00000536,1,799.99,0.02,16.0,Cancelled,Not Returned
CONV_SYN_00001923,CLK_SYN_00003279,AFF002,MER0053,CAMP0027,CUST000831,B09GHI123,SES00083101,2024-02-10 09:50:49,ORD_SYN_00001923,2,359.98,0.025,9.0,Delivered,Not Returned
CONV_SYN_00001515,CLK_SYN_00005367,AFF001,MER0073,CAMP0033,CUST003174,B08ABC123,SES00317401,2024-02-10 16:01:14,ORD_SYN_00001515,1,2495.0,0.015,37.42,Delivered,Not Returned
CONV_SYN_00000306,CLK_SYN_00001604,AFF012,MER0026,CAMP0018,CUST003760,B09GHI123,SES00376001,2024-02-10 16:26:51,ORD_SYN_00000306,1,179.99,0.025,4.5,Delivered,Returned
CONV_SYN_00000409,CLK_SYN_00004323,AFF017,MER0004,CAMP0028,CUST002590,B07DEF123,SES00259001,2024-02-10 18:59:10,ORD_SYN_00000409,1,99.99,0.03,3.0,Delivered,Not Returned
CONV_SYN_00000820,CLK_SYN_00002715,AFF002,MER0080,CAMP0039,CUST004773,B07BCD890,SES00477302,2024-02-10 23:31:51,ORD_SYN_00000820,1,799.99,0.02,16.0,Delivered,Returned
CONV_SYN_00000705,CLK_SYN_00003417,AFF008,MER0082,CAMP0005,CUST004097,B08STU345,SES00409701,2024-02-11 02:21:19,ORD_SYN_00000705,2,699.98,0.025,17.5,Delivered,Not Returned
CONV_SYN_00001964,CLK_SYN_00006492,AFF010,MER0016,CAMP0005,CUST002744,B09HIJ890,SES00274403,2024-02-11 04:01:45,ORD_SYN_00001964,1,299.99,0.025,7.5,Cancelled,Not Returned
CONV_SYN_00000304,CLK_SYN_00001174,AFF015,MER0021,CAMP0008,CUST000148,B09JKL789,SES00014803,2024-02-11 11:55:07,ORD_SYN_00000304,1,699.95,0.025,17.5,Delivered,Not Returned
CONV_SYN_00001950,CLK_SYN_00003039,AFF005,MER0003,CAMP0015,CUST001207,B08EFG456,SES00120702,2024-02-11 22:05:55,ORD_SYN_00001950,2,79.9,0.04,3.2,Cancelled,Not Returned
CONV_SYN_00000496,CLK_SYN_00009656,AFF006,MER0089,CAMP0035,CUST004582,B07VWX678,SES00458201,2024-02-12 04:32:16,ORD_SYN_00000496,1,329.0,0.02,6.58,Delivered,Not Returned
CONV_SYN_00000968,CLK_SYN_00006441,AFF017,MER0050,CAMP0041,CUST004013,B08ABC890,SES00401303,2024-02-12 19:34:41,ORD_SYN_00000968,1,249.99,0.025,6.25,Delivered,Not Returned
CONV_SYN_00000368,CLK_SYN_00003547,AFF015,MER0014,CAMP0048,CUST000008,B08ABC123,SES00000801,2024-02-13 04:01:26,ORD_SYN_00000368,1,2495.0,0.015,37.42,Delivered,Not Returned
CONV_SYN_00001466,CLK_SYN_00001286,AFF011,MER0052,CAMP0040,CUST002445,B09DEF123,SES00244502,2024-02-13 06:23:29,ORD_SYN_00001466,3,3597.0,0.015,53.95,Delivered,Not Returned
CONV_SYN_00001344,CLK_SYN_00003554,AFF002,MER0012,CAMP0050,CUST002309,B08JKL345,SES00230902,2024-02-13 16:14:59,ORD_SYN_00001344,1,349.95,0.02,7.0,Delivered,Not Returned
CONV_SYN_00000404,CLK_SYN_00002483,AFF012,MER0008,CAMP0002,CUST002370,B09MNOP345,SES00237001,2024-02-13 17:51:32,ORD_SYN_00000404,2,159.98,0.03,4.8,Delivered,Returned
CONV_SYN_00001858,CLK_SYN_00001676,AFF015,MER0019,CAMP0031,CUST004383,B07TUVW901,SES00438302,2024-02-14 02:56:59,ORD_SYN_00001858,1,149.95,0.025,3.75,Delivered,Not Returned
CONV_SYN_00000248,CLK_SYN_00008548,AFF010,MER0036,CAMP0020,CUST003554,B07GHI456,SES00355402,2024-02-14 04:23:26,ORD_SYN_00000248,2,299.98,0.035,10.5,Cancelled,Returned
CONV_SYN_00000319,CLK_SYN_00002812,AFF012,MER0015,CAMP0023,CUST004130,B07DEF123,SES00413002,2024-02-14 13:43:16,ORD_SYN_00000319,1,99.99,0.03,3.0,Cancelled,Not Returned
CONV_SYN_00000018,CLK_SYN_00002812,AFF012,MER0015,CAMP0023,CUST004130,B07DEF123,SES00413002,2024-02-14 22:10:16,ORD_SYN_00000018,1,99.99,0.03,3.0,Delivered,Not Returned
CONV_SYN_00000535,CLK_SYN_00003717,AFF012,MER0064,CAMP0014,CUST004017,B07HGJKL12,SES00401701,2024-02-15 09:55:31,ORD_SYN_00000535,1,249.0,0.02,4.98,Delivered,Not Returned
CONV_SYN_00000956,CLK_SYN_00001545,AFF006,MER0048,CAMP0016,CUST000407,B08STU901,SES00040701,2024-02-15 10:41:57,ORD_SYN_00000956,1,379.99,0.025,9.5,Delivered,Not Returned
CONV_SYN_00001767,CLK_SYN_00004596,AFF003,MER0088,CAMP0021,CUST001726,B09YZA234,SES00172601,2024-02-15 22:00:05,ORD_SYN_00001767,1,199.99,0.02,4.0,Delivered,Not Returned
CONV_SYN_00000558,CLK_SYN_00002758,AFF006,MER0056,CAMP0044,CUST001226,B07EFG567,SES00122601,2024-02-16 01:26:38,ORD_SYN_00000558,1,449.95,0.025,11.25,Delivered,Not Returned
CONV_SYN_00001940,CLK_SYN_00000102,AFF001,MER0040,CAMP0027,CUST000698,B07MNO345,SES00069801,2024-02-16 01:35:18,ORD_SYN_00001940,1,59.99,0.04,2.4,Delivered,Not Returned
CONV_SYN_00000598,CLK_SYN_00003465,AFF019,MER0037,CAMP0044,CUST000834,B08JKL789,SES00083403,2024-02-16 05:24:59,ORD_SYN_00000598,1,25.99,0.04,1.04,Delivered,Not Returned
CONV_SYN_00001794,CLK_SYN_00006637,AFF001,MER0041,CAMP0038,CUST004381,B07MNO345,SES00438102,2024-02-16 06:51:36,ORD_SYN_00001794,1,59.99,0.04,2.4,Delivered,Not Returned
CONV_SYN_00000614,CLK_SYN_00008610,AFF016,MER0052,CAMP0033,CUST003352,B08STU901,SES00335202,2024-02-16 11:10:47,ORD_SYN_00000614,2,759.98,0.025,19.0,Delivered,Not Returned
CONV_SYN_00001236,CLK_SYN_00004786,AFF009,MER0004,CAMP0001,CUST000164,B08STU345,SES00016403,2024-02-16 12:23:00,ORD_SYN_00001236,1,349.99,0.025,8.75,Delivered,Returned
CONV_SYN_00000714,CLK_SYN_00001758,AFF001,MER0019,CAMP0016,CUST000190,B08ABC890,SES00019001,2024-02-16 19:47:43,ORD_SYN_00000714,1,249.99,0.025,6.25,Delivered,Not Returned
CONV_SYN_00001761,CLK_SYN_00009855,AFF004,MER0070,CAMP0025,CUST001097,B08ABC890,SES00109701,2024-02-16 19:52:12,ORD_SYN_00001761,1,249.99,0.025,6.25,Delivered,Not Returned
CONV_SYN_00001963,CLK_SYN_00006978,AFF018,MER0085,CAMP0021,CUST000037,B09YZA567,SES00003702,2024-02-16 19:59:55,ORD_SYN_00001963,1,49.99,0.03,1.5,Delivered,Not Returned
CONV_SYN_00001052,CLK_SYN_00008559,AFF007,MER0062,CAMP0009,CUST003060,B09YZA567,SES00306001,2024-02-16 21:31:06,ORD_SYN_00001052,1,49.99,0.03,1.5,Cancelled,Returned
CONV_SYN_00001403,CLK_SYN_00007907,AFF010,MER0066,CAMP0036,CUST001738,B08STU901,SES00173803,2024-02-16 22:31:57,ORD_SYN_00001403,1,379.99,0.025,9.5,Delivered,Not Returned
CONV_SYN_00000276,CLK_SYN_00007907,AFF010,MER0066,CAMP0036,CUST001738,B08STU901,SES00173803,2024-02-17 13:51:09,ORD_SYN_00000276,1,379.99,0.025,9.5,Cancelled,Not Returned
CONV_SYN_00001913,CLK_SYN_00006157,AFF019,MER0054,CAMP0039,CUST001872,B09YZA901,SES00187201,2024-02-17 19:52:13,ORD_SYN_00001913,1,199.99,0.03,6.0,Delivered,Returned
CONV_SYN_00001747,CLK_SYN_00003230,AFF013,MER0041,CAMP0019,CUST004465,B08MNO012,SES00446503,2024-02-17 23:44:50,ORD_SYN_00001747,1,149.99,0.03,4.5,Cancelled,Returned
CONV_SYN_00000822,CLK_SYN_00003918,AFF015,MER0070,CAMP0027,CUST003297,B08BCD234,SES00329701,2024-02-18 00:12:19,ORD_SYN_00000822,1,497.99,0.02,9.96,Delivered,Not Returned
CONV_SYN_00000948,CLK_SYN_00001404,AFF010,MER0096,CAMP0020,CUST001035,B07VWX567,SES00103503,2024-02-18 04:49:25,ORD_SYN_00000948,1,99.0,0.025,2.48,Delivered,Not Returned
CONV_SYN_00001482,CLK_SYN_00000036,AFF004,MER0023,CAMP0049,CUST001927,B07MNO789,SES00192702,2024-02-18 08:09:15,ORD_SYN_00001482,2,399.9,0.03,12.0,Cancelled,Not Returned
CONV_SYN_00000036,CLK_SYN_00001495,AFF005,MER0032,CAMP0047,CUST002322,B07PQR345,SES00232202,2024-02-18 11:31:48,ORD_SYN_00000036,1,399.0,0.02,7.98,Delivered,Not Returned
CONV_SYN_00001242,CLK_SYN_00001758,AFF001,MER0019,CAMP0016,CUST000190,B08ABC890,SES00019001,2024-02-18 11:36:55,ORD_SYN_00001242,1,249.99,0.025,6.25,Delivered,Returned
CONV_SYN_00001149,CLK_SYN_00005110,AFF011,MER0022,CAMP0021,CUST004461,B09YZA567,SES00446101,2024-02-18 12:03:56,ORD_SYN_00001149,1,49.99,0.03,1.5,Delivered,Not Returned
CONV_SYN_00000155,CLK_SYN_00000575,AFF015,MER0034,CAMP0049,CUST004548,B08EFG456,SES00454801,2024-02-18 16:30:17,ORD_SYN_00000155,1,39.95,0.04,1.6,Delivered,Not Returned
CONV_SYN_00001137,CLK_SYN_00001808,AFF018,MER0071,CAMP0038,CUST001151,B08JKL789,SES00115102,2024-02-18 17:07:37,ORD_SYN_00001137,1,25.99,0.04,1.04,Delivered,Returned
CONV_SYN_00001168,CLK_SYN_00003906,AFF006,MER0037,CAMP0033,CUST000392,B07MNO345,SES00039201,2024-02-18 20:13:09,ORD_SYN_00001168,1,59.99,0.04,2.4,Delivered,Not Returned
CONV_SYN_00000573,CLK_SYN_00009824,AFF011,MER0024,CAMP0016,CUST001240,B07HGJKL12,SES00124002,2024-02-18 23:33:54,ORD_SYN_00000573,1,249.0,0.02,4.98,Delivered,Not Returned
CONV_SYN_00001925,CLK_SYN_00007623,AFF004,MER0058,CAMP0034,CUST003794,B08EFG123,SES00379403,2024-02-19 01:29:18,ORD_SYN_00001925,1,79.99,0.03,2.4,Delivered,Returned
CONV_SYN_00001894,CLK_SYN_00000755,AFF004,MER0069,CAMP0035,CUST003857,B08ABC567,SES00385701,2024-02-19 01:46:08,ORD_SYN_00001894,1,59.99,0.03,1.8,Delivered,Not Returned
CONV_SYN_00001645,CLK_SYN_00007504,AFF019,MER0051,CAMP0030,CUST000865,B09DEF123,SES00086503,2024-02-19 03:09:27,ORD_SYN_00001645,1,1199.0,0.015,17.98,Delivered,Not Returned
CONV_SYN_00001433,CLK_SYN_00001058,AFF007,MER0005,CAMP0006,CUST004158,B09YZA234,SES00415802,2024-02-19 05:00:39,ORD_SYN_00001433,1,199.99,0.02,4.0,Cancelled,Not Returned
CONV_SYN_00001399,CLK_SYN_00006382,AFF001,MER0077,CAMP0050,CUST000594,B07DEF123,SES00059402,2024-02-19 07:42:04,ORD_SYN_00001399,1,99.99,0.03,3.0,Delivered,Not Returned
CONV_SYN_00001165,CLK_SYN_00007493,AFF016,MER0001,CAMP0029,CUST002906,B07VWX901,SES00290602,2024-02-19 13:30:00,ORD_SYN_00001165,1,99.99,0.025,2.5,Delivered,Not Returned
CONV_SYN_00000791,CLK_SYN_00002393,AFF002,MER0029,CAMP0035,CUST001481,B09HIJ890,SES00148101,2024-02-19 17:12:32,ORD_SYN_00000791,1,299.99,0.025,7.5,Cancelled,Returned
CONV_SYN_00000174,CLK_SYN_00009302,AFF016,MER0020,CAMP0020,CUST000908,B08MNO012,SES00090802,2024-02-20 06:09:47,ORD_SYN_00000174,1,149.99,0.03,4.5,Delivered,Returned
CONV_SYN_00000626,CLK_SYN_00001544,AFF015,MER0043,CAMP0012,CUST002127,B09VWX234,SES00212702,2024-02-20 06:11:22,ORD_SYN_00000626,1,599.0,0.02,11.98,Delivered,Returned
CONV_SYN_00001956,CLK_SYN_00006399,AFF014,MER0097,CAMP0010,CUST003805,B08ABC567,SES00380502,2024-02-20 09:47:53,ORD_SYN_00001956,1,59.99,0.03,1.8,Delivered,Not Returned
CONV_SYN_00001213,CLK_SYN_00007380,AFF018,MER0044,CAMP0011,CUST004793,B09VWX234,SES00479303,2024-02-20 20:21:40,ORD_SYN_00001213,1,599.0,0.02,11.98,Delivered,Not Returned
CONV_SYN_00001398,CLK_SYN_00006993,AFF020,MER0026,CAMP0024,CUST002636,B09MNOP345,SES00263601,2024-02-20 22:19:59,ORD_SYN_00001398,1,79.99,0.03,2.4,Delivered,Not Returned
CONV_SYN_00001260,CLK_SYN_00005596,AFF003,MER0041,CAMP0050,CUST004407,B09XYZ234,SES00440701,2024-02-21 03:28:06,ORD_SYN_00001260,3,1044.0,0.02,20.88,Delivered,Returned
CONV_SYN_00001834,CLK_SYN_00001666,AFF004,MER0056,CAMP0003,CUST000785,B07MNO345,SES00078502,2024-02-21 07:25:08,ORD_SYN_00001834,1,59.99,0.04,2.4,Cancelled,Not Returned
CONV_SYN_00000901,CLK_SYN_00003081,AFF013,MER0047,CAMP0013,CUST003819,B09PQR678,SES00381903,2024-02-21 09:54:21,ORD_SYN_00000901,1,399.99,0.02,8.0,Delivered,Not Returned
CONV_SYN_00001743,CLK_SYN_00009797,AFF014,MER0093,CAMP0034,CUST000537,B09GHI456,SES00053703,2024-02-21 10:37:51,ORD_SYN_00001743,1,99.99,0.03,3.0,Delivered,Not Returned
CONV_SYN_00000513,CLK_SYN_00002012,AFF015,MER0081,CAMP0036,CUST000085,B09YZA567,SES00008503,2024-02-21 12:35:49,ORD_SYN_00000513,2,99.98,0.03,3.0,Delivered,Returned
CONV_SYN_00000726,CLK_SYN_00008086,AFF014,MER0081,CAMP0050,CUST000466,B07VWX678,SES00046602,2024-02-21 16:40:09,ORD_SYN_00000726,1,329.0,0.02,6.58,Cancelled,Not Returned
CONV_SYN_00001831,CLK_SYN_00004973,AFF005,MER0008,CAMP0034,CUST001866,B08YZA567,SES00186601,2024-02-21 20:44:03,ORD_SYN_00001831,1,89.99,0.03,2.7,Delivered,Not Returned
CONV_SYN_00001144,CLK_SYN_00000027,AFF011,MER0048,CAMP0050,CUST001756,B09PQR345,SES00175603,2024-02-22 01:02:08,ORD_SYN_00001144,1,89.99,0.03,2.7,Delivered,Not Returned
CONV_SYN_00001200,CLK_SYN_00000780,AFF012,MER0099,CAMP0040,CUST003635,B07VWX567,SES00363501,2024-02-22 08:38:15,ORD_SYN_00001200,1,99.0,0.025,2.48,Delivered,Not Returned
CONV_SYN_00001577,CLK_SYN_00007507,AFF007,MER0077,CAMP0033,CUST002401,B08STU901,SES00240101,2024-02-22 15:23:34,ORD_SYN_00001577,1,379.99,0.025,9.5,Delivered,Returned
CONV_SYN_00000567,CLK_SYN_00002012,AFF015,MER0081,CAMP0036,CUST000085,B09YZA567,SES00008503,2024-02-22 18:05:49,ORD_SYN_00000567,1,49.99,0.03,1.5,Delivered,Not Returned
CONV_SYN_00001474,CLK_SYN_00005817,AFF013,MER0084,CAMP0033,CUST003247,B09GHI456,SES00324702,2024-02-23 05:19:45,ORD_SYN_00001474,1,99.99,0.03,3.0,Delivered,Not Returned
CONV_SYN_00001153,CLK_SYN_00003803,AFF010,MER0039,CAMP0026,CUST001641,B09XYZ234,SES00164103,2024-02-23 05:42:49,ORD_SYN_00001153,1,348.0,0.02,6.96,Delivered,Not Returned
CONV_SYN_00001684,CLK_SYN_00000038,AFF013,MER0004,CAMP0044,CUST002176,B09PQR345,SES00217602,2024-02-23 06:42:50,ORD_SYN_00001684,1,89.99,0.03,2.7,Delivered,Not Returned
CONV_SYN_00001373,CLK_SYN_00007507,AFF007,MER0077,CAMP0033,CUST002401,B08STU901,SES00240101,2024-02-23 11:34:22,ORD_SYN_00001373,1,379.99,0.025,9.5,Delivered,Not Returned
CONV_SYN_00000337,CLK_SYN_00000027,AFF011,MER0048,CAMP0050,CUST001756,B09PQR345,SES00175603,2024-02-23 17:22:32,ORD_SYN_00000337,1,89.99,0.03,2.7,Cancelled,Not Returned
CONV_SYN_00001847,CLK_SYN_00005524,AFF011,MER0049,CAMP0008,CUST002688,B08STU678,SES00268803,2024-02-24 11:10:24,ORD_SYN_00001847,1,69.99,0.03,2.1,Cancelled,Not Returned
CONV_SYN_00000682,CLK_SYN_00005142,AFF010,MER0051,CAMP0010,CUST001986,B07VWX901,SES00198603,2024-02-25 02:03:56,ORD_SYN_00000682,1,99.99,0.025,2.5,Delivered,Not Returned
CONV_SYN_00001291,CLK_SYN_00005860,AFF006,MER0020,CAMP0046,CUST004748,B09PQR901,SES00474801,2024-02-25 03:41:29,ORD_SYN_00001291,1,349.99,0.02,7.0,Delivered,Returned
CONV_SYN_00000848,CLK_SYN_00005142,AFF010,MER0051,CAMP0010,CUST001986,B07VWX901,SES00198603,2024-02-25 09:53:08,ORD_SYN_00000848,1,99.99,0.025,2.5,Delivered,Not Returned
CONV_SYN_00001299,CLK_SYN_00008971,AFF010,MER0035,CAMP0030,CUST002524,B07VWX234,SES00252402,2024-02-25 13:01:00,ORD_SYN_00001299,1,29.99,0.04,1.2,Delivered,Not Returned
CONV_SYN_00000126,CLK_SYN_00001061,AFF018,MER0062,CAMP0018,CUST004693,B09YZA567,SES00469303,2024-02-26 08:31:43,ORD_SYN_00000126,1,49.99,0.03,1.5,Delivered,Returned
CONV_SYN_00001231,CLK_SYN_00002059,AFF004,MER0040,CAMP0036,CUST001684,B07VWX678,SES00168402,2024-02-26 09:09:51,ORD_SYN_00001231,1,329.0,0.02,6.58,Delivered,Not Returned
CONV_SYN_00000809,CLK_SYN_00008813,AFF002,MER0050,CAMP0001,CUST001567,B08BCD234,SES00156701,2024-02-26 14:50:50,ORD_SYN_00000809,1,497.99,0.02,9.96,Delivered,Not Returned
CONV_SYN_00001100,CLK_SYN_00008978,AFF007,MER0015,CAMP0022,CUST002000,B08ABC123,SES00200002,2024-02-26 18:34:32,ORD_SYN_00001100,1,2495.0,0.015,37.42,Cancelled,Not Returned
CONV_SYN_00000563,CLK_SYN_00002713,AFF016,MER0070,CAMP0019,CUST004599,B07MNO345,SES00459901,2024-02-27 03:58:45,ORD_SYN_00000563,1,59.99,0.04,2.4,Delivered,Returned
CONV_SYN_00000037,CLK_SYN_00008383,AFF008,MER0075,CAMP0022,CUST004596,B08STU234,SES00459601,2024-02-27 10:13:10,ORD_SYN_00000037,1,128.0,0.03,3.84,Delivered,Returned
CONV_SYN_00000168,CLK_SYN_00003460,AFF002,MER0086,CAMP0010,CUST001111,B07VWX678,SES00111103,2024-02-27 14:52:56,ORD_SYN_00000168,2,658.0,0.02,13.16,Delivered,Not Returned
CONV_SYN_00001289,CLK_SYN_00005492,AFF004,MER0047,CAMP0008,CUST004329,B09YZA890,SES00432902,2024-02-27 19:27:46,ORD_SYN_00001289,1,98.0,0.03,2.94,Delivered,Not Returned
CONV_SYN_00000556,CLK_SYN_00003872,AFF008,MER0017,CAMP0011,CUST003891,B08ABC567,SES00389102,2024-02-27 23:49:54,ORD_SYN_00000556,1,59.99,0.03,1.8,Delivered,Not Returned
CONV_SYN_00000599,CLK_SYN_00008813,AFF002,MER0050,CAMP0001,CUST001567,B08BCD234,SES00156701,2024-02-28 01:19:02,ORD_SYN_00000599,2,995.98,0.02,19.92,Delivered,Not Returned
CONV_SYN_00001147,CLK_SYN_00008439,AFF015,MER0066,CAMP0049,CUST001069,B08QRST678,SES00106903,2024-02-28 04:00:46,ORD_SYN_00001147,3,599.97,0.02,12.0,Delivered,Not Returned
CONV_SYN_00001700,CLK_SYN_00008790,AFF009,MER0045,CAMP0017,CUST000607,B09HIJ012,SES00060702,2024-02-28 07:52:08,ORD_SYN_00001700,2,279.98,0.04,11.2,Cancelled,Returned
CONV_SYN_00001430,CLK_SYN_00002908,AFF019,MER0001,CAMP0007,CUST004572,B07VWX678,SES00457202,2024-02-28 22:37:46,ORD_SYN_00001430,1,329.0,0.02,6.58,Cancelled,Not Returned
CONV_SYN_00000908,CLK_SYN_00007289,AFF017,MER0069,CAMP0037,CUST001651,B08BCD234,SES00165103,2024-02-29 07:44:28,ORD_SYN_00000908,1,497.99,0.02,9.96,Delivered,Not Returned
CONV_SYN_00000850,CLK_SYN_00003665,AFF014,MER0005,CAMP0041,CUST002391,B07VWX901,SES00239103,2024-02-29 11:12:24,ORD_SYN_00000850,1,99.99,0.025,2.5,Delivered,Not Returned
CONV_SYN_00000899,CLK_SYN_00000460,AFF018,MER0061,CAMP0035,CUST004503,B08ABC567,SES00450302,2024-03-01 01:56:31,ORD_SYN_00000899,1,59.99,0.03,1.8,Delivered,Not Returned
CONV_SYN_00000649,CLK_SYN_00005467,AFF011,MER0058,CAMP0030,CUST003254,B07FZ8S74R,SES00325403,2024-03-01 05:07:25,ORD_SYN_00000649,1,39.99,0.04,1.6,Cancelled,Not Returned
CONV_SYN_00001400,CLK_SYN_00006498,AFF004,MER0025,CAMP0021,CUST002719,B08JKL456,SES00271903,2024-03-01 07:52:07,ORD_SYN_00001400,1,99.99,0.04,4.0,Delivered,Not Returned
CONV_SYN_00001021,CLK_SYN_00008682,AFF001,MER0026,CAMP0016,CUST000605,B07TUVW901,SES00060503,2024-03-01 15:02:18,ORD_SYN_00001021,1,149.95,0.025,3.75,Delivered,Not Returned
CONV_SYN_00001644,CLK_SYN_00004467,AFF010,MER0033,CAMP0028,CUST001202,B08STU678,SES00120203,2024-03-01 15:11:07,ORD_SYN_00001644,1,69.99,0.03,2.1,Cancelled,Returned
CONV_SYN_00000498,CLK_SYN_00002820,AFF005,MER0100,CAMP0010,CUST001938,B07VWX901,SES00193801,2024-03-01 18:19:03,ORD_SYN_00000498,1,99.99,0.025,2.5,Delivered,Not Returned
CONV_SYN_00000055,CLK_SYN_00004575,AFF007,MER0029,CAMP0041,CUST004644,B08QRST678,SES00464402,2024-03-01 20:22:09,ORD_SYN_00000055,2,399.98,0.02,8.0,Delivered,Returned
CONV_SYN_00000253,CLK_SYN_00007410,AFF011,MER0006,CAMP0006,CUST004631,B07DEF123,SES00463101,2024-03-02 02:03:22,ORD_SYN_00000253,1,99.99,0.03,3.0,Delivered,Not Returned
CONV_SYN_00000673,CLK_SYN_00008253,AFF014,MER0031,CAMP0036,CUST001064,B09PQR345,SES00106403,2024-03-02 04:48:32,ORD_SYN_00000673,1,89.99,0.03,2.7,Cancelled,Not Returned
CONV_SYN_00001540,CLK_SYN_00007502,AFF012,MER0040,CAMP0042,CUST000289,B08ABC890,SES00028902,2024-03-02 10:11:19,ORD_SYN_00001540,1,249.99,0.025,6.25,Delivered,Returned
CONV_SYN_00001041,CLK_SYN_00002747,AFF006,MER0016,CAMP0027,CUST004398,B07HGJKL12,SES00439802,2024-03-03 03:19:37,ORD_SYN_00001041,1,249.0,0.02,4.98,Delivered,Returned
CONV_SYN_00000011,CLK_SYN_00008969,AFF012,MER0095,CAMP0022,CUST001925,B09GHI123,SES00192503,2024-03-03 04:28:31,ORD_SYN_00000011,1,179.99,0.025,4.5,Delivered,Not Returned
CONV_SYN_00000454,CLK_SYN_00005940,AFF015,MER0097,CAMP0032,CUST004727,B08JKL456,SES00472701,2024-03-03 06:13:41,ORD_SYN_00000454,1,99.99,0.04,4.0,Delivered,Not Returned
CONV_SYN_00000178,CLK_SYN_00003462,AFF002,MER0098,CAMP0018,CUST001434,B07MNO789,SES00143403,2024-03-03 06:39:39,ORD_SYN_00000178,1,199.95,0.03,6.0,Cancelled,Not Returned
CONV_SYN_00000138,CLK_SYN_00005804,AFF002,MER0043,CAMP0049,CUST000199,B08ABC890,SES00019902,2024-03-03 07:47:55,ORD_SYN_00000138,2,499.98,0.025,12.5,Delivered,Not Returned
CONV_SYN_00000804,CLK_SYN_00004161,AFF014,MER0006,CAMP0011,CUST001830,B07VWX678,SES00183001,2024-03-03 08:32:02,ORD_SYN_00000804,2,658.0,0.02,13.16,Delivered,Not Returned
CONV_SYN_00000424,CLK_SYN_00009691,AFF017,MER0084,CAMP0002,CUST004754,B07TUVW901,SES00475403,2024-03-03 08:37:47,ORD_SYN_00000424,1,149.95,0.025,3.75,Cancelled,Not Returned
CONV_SYN_00001181,CLK_SYN_00009623,AFF012,MER0070,CAMP0031,CUST002408,B09GHI123,SES00240801,2024-03-03 10:11:15,ORD_SYN_00001181,1,179.99,0.025,4.5,Cancelled,Not Returned
CONV_SYN_00001701,CLK_SYN_00004161,AFF014,MER0006,CAMP0011,CUST001830,B07VWX678,SES00183001,2024-03-03 10:22:26,ORD_SYN_00001701,1,329.0,0.02,6.58,Delivered,Returned
CONV_SYN_00001824,CLK_SYN_00000426,AFF004,MER0081,CAMP0032,CUST000983,B08BCD234,SES00098301,2024-03-03 12:27:42,ORD_SYN_00001824,1,497.99,0.02,9.96,Delivered,Not Returned
CONV_SYN_00001527,CLK_SYN_00002314,AFF019,MER0042,CAMP0018,CUST002687,B07TUVW901,SES00268703,2024-03-03 18:49:17,ORD_SYN_00001527,1,149.95,0.025,3.75,Cancelled,Not Returned
CONV_SYN_00001239,CLK_SYN_00006208,AFF015,MER0096,CAMP0020,CUST004755,B07VWX234,SES00475503,2024-03-03 19:46:01,ORD_SYN_00001239,1,29.99,0.04,1.2,Delivered,Not Returned
CONV_SYN_00000285,CLK_SYN_00006552,AFF019,MER0028,CAMP0030,CUST001358,B09GHI123,SES00135801,2024-03-04 00:54:56,ORD_SYN_00000285,1,179.99,0.025,4.5,Cancelled,Returned
CONV_SYN_00001440,CLK_SYN_00009355,AFF013,MER0013,CAMP0023,CUST004259,B07MNO678,SES00425901,2024-03-04 02:06:03,ORD_SYN_00001440,1,34.99,0.04,1.4,Cancelled,Not Returned
CONV_SYN_00000333,CLK_SYN_00000855,AFF001,MER0059,CAMP0010,CUST004076,B08ABC123,SES00407601,2024-03-04 03:37:02,ORD_SYN_00000333,1,2495.0,0.015,37.42,Delivered,Returned
CONV_SYN_00000408,CLK_SYN_00006290,AFF019,MER0075,CAMP0045,CUST004300,B09GHI123,SES00430003,2024-03-04 06:56:47,ORD_SYN_00000408,1,179.99,0.025,4.5,Delivered,Returned
CONV_SYN_00000151,CLK_SYN_00008592,AFF009,MER0019,CAMP0018,CUST003498,B08STU234,SES00349802,2024-03-04 08:39:17,ORD_SYN_00000151,1,128.0,0.03,3.84,Cancelled,Returned
CONV_SYN_00001608,CLK_SYN_00006389,AFF009,MER0065,CAMP0004,CUST003295,B08STU901,SES00329502,2024-03-05 01:47:59,ORD_SYN_00001608,1,379.99,0.025,9.5,Delivered,Returned
CONV_SYN_00001982,CLK_SYN_00008263,AFF015,MER0038,CAMP0044,CUST004740,B09YZA901,SES00474001,2024-03-05 05:55:25,ORD_SYN_00001982,2,399.98,0.03,12.0,Cancelled,Not Returned
CONV_SYN_00000393,CLK_SYN_00006552,AFF019,MER0028,CAMP0030,CUST001358,B09GHI123,SES00135801,2024-03-05 07:27:56,ORD_SYN_00000393,3,539.97,0.025,13.5,Cancelled,Returned
CONV_SYN_00001744,CLK_SYN_00002828,AFF015,MER0012,CAMP0040,CUST003284,B08STU345,SES00328402,2024-03-06 02:42:02,ORD_SYN_00001744,1,349.99,0.025,8.75,Delivered,Not Returned
CONV_SYN_00000134,CLK_SYN_00009552,AFF009,MER0052,CAMP0007,CUST004833,B08JKL345,SES00483301,2024-03-06 06:49:35,ORD_SYN_00000134,1,349.95,0.02,7.0,Delivered,Not Returned
CONV_SYN_00000189,CLK_SYN_00008085,AFF013,MER0074,CAMP0006,CUST002821,B09PQR678,SES00282102,2024-03-06 08:05:01,ORD_SYN_00000189,2,799.98,0.02,16.0,Delivered,Returned
CONV_SYN_00001074,CLK_SYN_00000133,AFF007,MER0012,CAMP0007,CUST000824,B07FZ8S74R,SES00082402,2024-03-06 08:49:19,ORD_SYN_00001074,1,39.99,0.04,1.6,Delivered,Returned
CONV_SYN_00000220,CLK_SYN_00006222,AFF012,MER0016,CAMP0021,CUST003351,B07DEF890,SES00335101,2024-03-06 11:23:44,ORD_SYN_00000220,1,25.99,0.04,1.04,Delivered,Returned
CONV_SYN_00001677,CLK_SYN_00008693,AFF006,MER0080,CAMP0024,CUST001841,B08STU678,SES00184101,2024-03-06 19:47:08,ORD_SYN_00001677,1,69.99,0.03,2.1,Delivered,Not Returned
CONV_SYN_00001562,CLK_SYN_00005328,AFF020,MER0024,CAMP0033,CUST001986,B09GHI456,SES00198603,2024-03-06 23:30:35,ORD_SYN_00001562,1,99.99,0.03,3.0,Delivered,Returned
CONV_SYN_00001334,CLK_SYN_00001461,AFF009,MER0098,CAMP0008,CUST004304,B09PQR012,SES00430403,2024-03-07 02:19:59,ORD_SYN_00001334,1,399.0,0.02,7.98,Delivered,Not Returned
CONV_SYN_00000849,CLK_SYN_00001266,AFF019,MER0012,CAMP0041,CUST004190,B07MNO789,SES00419003,2024-03-07 09:44:32,ORD_SYN_00000849,1,199.95,0.03,6.0,Delivered,Not Returned
CONV_SYN_00000844,CLK_SYN_00007981,AFF003,MER0003,CAMP0030,CUST004440,B07MNO678,SES00444003,2024-03-07 17:28:12,ORD_SYN_00000844,1,34.99,0.04,1.4,Delivered,Not Returned
CONV_SYN_00001224,CLK_SYN_00009001,AFF010,MER0029,CAMP0032,CUST000117,B09YZA890,SES00011701,2024-03-07 17:54:39,ORD_SYN_00001224,1,98.0,0.03,2.94,Delivered,Not Returned
CONV_SYN_00001974,CLK_SYN_00006959,AFF001,MER0051,CAMP0039,CUST004710,B08BCD234,SES00471003,2024-03-07 23:46:46,ORD_SYN_00001974,1,497.99,0.02,9.96,Delivered,Not Returned
CONV_SYN_00001265,CLK_SYN_00001314,AFF017,MER0064,CAMP0044,CUST004207,B08JKL012,SES00420701,2024-03-08 00:32:29,ORD_SYN_00001265,1,219.0,0.02,4.38,Cancelled,Not Returned
CONV_SYN_00001906,CLK_SYN_00001908,AFF008,MER0029,CAMP0004,CUST003108,B08ABC890,SES00310802,2024-03-08 02:05:35,ORD_SYN_00001906,1,249.99,0.025,6.25,Delivered,Returned
CONV_SYN_00000884,CLK_SYN_00001036,AFF004,MER0018,CAMP0040,CUST003956,B08STU901,SES00395601,2024-03-08 11:34:12,ORD_SYN_00000884,1,379.99,0.025,9.5,Delivered,Returned
CONV_SYN_00001017,CLK_SYN_00006439,AFF008,MER0041,CAMP0031,CUST000652,B07MNO012,SES00065203,2024-03-08 14:28:32,ORD_SYN_00001017,1,99.99,0.03,3.0,Delivered,Not Returned
CONV_SYN_00001380,CLK_SYN_00002500,AFF009,MER0094,CAMP0045,CUST001363,B09HIJ012,SES00136302,2024-03-09 08:07:29,ORD_SYN_00001380,1,139.99,0.04,5.6,Cancelled,Not Returned
CONV_SYN_00000578,CLK_SYN_00002198,AFF002,MER0066,CAMP0006,CUST002255,B09GHI123,SES00225501,2024-03-09 19:18:43,ORD_SYN_00000578,1,179.99,0.025,4.5,Delivered,Not Returned
CONV_SYN_00001026,CLK_SYN_00009820,AFF004,MER0020,CAMP0033,CUST002016,B07HGJKL12,SES00201603,2024-03-09 19:32:04,ORD_SYN_00001026,1,249.0,0.02,4.98,Delivered,Not Returned
CONV_SYN_00000323,CLK_SYN_00005739,AFF005,MER0082,CAMP0019,CUST002222,B09YZA234,SES00222203,2024-03-10 00:01:36,ORD_SYN_00000323,1,199.99,0.02,4.0,Delivered,Not Returned
CONV_SYN_00000229,CLK_SYN_00002833,AFF012,MER0068,CAMP0036,CUST003581,B08JKL789,SES00358102,2024-03-10 00:18:31,ORD_SYN_00000229,1,25.99,0.04,1.04,Delivered,Not Returned
CONV_SYN_00000221,CLK_SYN_00002261,AFF020,MER0024,CAMP0035,CUST001744,B07MNO012,SES00174401,2024-03-10 13:12:52,ORD_SYN_00000221,1,99.99,0.03,3.0,Delivered,Returned
CONV_SYN_00001517,CLK_SYN_00008043,AFF017,MER0080,CAMP0023,CUST000615,B07HGJKL12,SES00061501,2024-03-10 17:58:06,ORD_SYN_00001517,1,249.0,0.02,4.98,Delivered,Not Returned
CONV_SYN_00000172,CLK_SYN_00006645,AFF004,MER0015,CAMP0033,CUST004361,B09GHI789,SES00436101,2024-03-10 20:38:21,ORD_SYN_00000172,1,49.99,0.04,2.0,Delivered,Not Returned
CONV_SYN_00000608,CLK_SYN_00000791,AFF013,MER0083,CAMP0042,CUST000800,B09XYZ234,SES00080002,2024-03-11 02:59:26,ORD_SYN_00000608,1,348.0,0.02,6.96,Delivered,Not Returned
CONV_SYN_00000815,CLK_SYN_00007210,AFF017,MER0099,CAMP0035,CUST002128,B08C1W5N87,SES00212801,2024-03-11 06:40:40,ORD_SYN_00000815,1,79.95,0.03,2.4,Delivered,Not Returned
CONV_SYN_00001359,CLK_SYN_00001036,AFF004,MER0018,CAMP0040,CUST003956,B08STU901,SES00395601,2024-03-11 06:54:00,ORD_SYN_00001359,1,379.99,0.025,9.5,Delivered,Not Returned
CONV_SYN_00000763,CLK_SYN_00006663,AFF010,MER0060,CAMP0009,CUST002612,B07MNO345,SES00261201,2024-03-11 06:56:58,ORD_SYN_00000763,1,59.99,0.04,2.4,Delivered,Not Returned
CONV_SYN_00001366,CLK_SYN_00007288,AFF005,MER0007,CAMP0022,CUST003473,B08STU234,SES00347302,2024-03-11 10:03:04,ORD_SYN_00001366,1,128.0,0.03,3.84,Cancelled,Returned
CONV_SYN_00000975,CLK_SYN_00002886,AFF008,MER0058,CAMP0019,CUST002043,B09VWX234,SES00204302,2024-03-11 11:51:38,ORD_SYN_00000975,1,599.0,0.02,11.98,Cancelled,Returned
CONV_SYN_00000328,CLK_SYN_00003083,AFF013,MER0061,CAMP0031,CUST000897,B09PQR901,SES00089703,2024-03-11 14:12:44,ORD_SYN_00000328,1,349.99,0.02,7.0,Delivered,Not Returned
CONV_SYN_00001561,CLK_SYN_00007744,AFF020,MER0030,CAMP0022,CUST003210,B08EFG456,SES00321002,2024-03-11 17:48:54,ORD_SYN_00001561,1,39.95,0.04,1.6,Delivered,Not Returned
CONV_SYN_00000348,CLK_SYN_00005280,AFF015,MER0048,CAMP0027,CUST002489,B08STU345,SES00248902,2024-03-11 18:07:47,ORD_SYN_00000348,1,349.99,0.025,8.75,Delivered,Not Returned
CONV_SYN_00000656,CLK_SYN_00001987,AFF017,MER0067,CAMP0006,CUST003816,B08STU345,SES00381602,2024-03-11 18:36:41,ORD_SYN_00000656,3,1049.97,0.025,26.25,Delivered,Returned
CONV_SYN_00001385,CLK_SYN_00003710,AFF014,MER0067,CAMP0045,CUST002823,B09PQR678,SES00282303,2024-03-11 20:54:25,ORD_SYN_00001385,1,399.99,0.02,8.0,Delivered,Not Returned
CONV_SYN_00001650,CLK_SYN_00000888,AFF014,MER0044,CAMP0003,CUST004386,B09HIJ012,SES00438602,2024-03-11 21:20:14,ORD_SYN_00001650,2,279.98,0.04,11.2,Delivered,Returned
CONV_SYN_00001613,CLK_SYN_00003083,AFF013,MER0061,CAMP0031,CUST000897,B09PQR901,SES00089703,2024-03-12 00:09:44,ORD_SYN_00001613,1,349.99,0.02,7.0,Cancelled,Not Returned
CONV_SYN_00001481,CLK_SYN_00006663,AFF010,MER0060,CAMP0009,CUST002612,B07MNO345,SES00261201,2024-03-12 02:04:46,ORD_SYN_00001481,1,59.99,0.04,2.4,Delivered,Not Returned
CONV_SYN_00001618,CLK_SYN_00004541,AFF006,MER0026,CAMP0036,CUST001603,B07HGJKL12,SES00160301,2024-03-12 08:03:53,ORD_SYN_00001618,3,747.0,0.02,14.94,Delivered,Not Returned
CONV_SYN_00000205,CLK_SYN_00009924,AFF013,MER0059,CAMP0036,CUST003885,B09DEF123,SES00388503,2024-03-12 14:58:39,ORD_SYN_00000205,1,1199.0,0.015,17.98,Cancelled,Not Returned
CONV_SYN_00000910,CLK_SYN_00005225,AFF010,MER0083,CAMP0037,CUST000445,B07DEF456,SES00044503,2024-03-13 05:21:58,ORD_SYN_00000910,1,299.0,0.025,7.48,Delivered,Returned
CONV_SYN_00000751,CLK_SYN_00007210,AFF017,MER0099,CAMP0035,CUST002128,B08C1W5N87,SES00212801,2024-03-13 12:32:16,ORD_SYN_00000751,1,79.95,0.03,2.4,Delivered,Not Returned
CONV_SYN_00000034,CLK_SYN_00005265,AFF002,MER0015,CAMP0042,CUST004676,B08STU345,SES00467601,2024-03-13 12:35:17,ORD_SYN_00000034,1,349.99,0.025,8.75,Delivered,Not Returned
CONV_SYN_00000217,CLK_SYN_00008277,AFF013,MER0050,CAMP0045,CUST003588,B08BCD234,SES00358803,2024-03-13 19:11:47,ORD_SYN_00000217,1,497.99,0.02,9.96,Delivered,Not Returned
CONV_SYN_00000885,CLK_SYN_00001325,AFF005,MER0028,CAMP0019,CUST000768,B08STU234,SES00076802,2024-03-13 19:11:55,ORD_SYN_00000885,1,128.0,0.03,3.84,Cancelled,Not Returned
CONV_SYN_00001397,CLK_SYN_00009631,AFF005,MER0053,CAMP0005,CUST002029,B08QRST678,SES00202903,2024-03-13 20:51:24,ORD_SYN_00001397,1,199.99,0.02,4.0,Cancelled,Returned
CONV_SYN_00000406,CLK_SYN_00001799,AFF001,MER0002,CAMP0034,CUST000680,B07MNO789,SES00068003,2024-03-13 23:48:38,ORD_SYN_00000406,1,199.95,0.03,6.0,Delivered,Returned
CONV_SYN_00000224,CLK_SYN_00001850,AFF011,MER0036,CAMP0022,CUST004094,B08BCD234,SES00409401,2024-03-14 01:26:36,ORD_SYN_00000224,1,497.99,0.02,9.96,Delivered,Not Returned
CONV_SYN_00000821,CLK_SYN_00004463,AFF020,MER0100,CAMP0003,CUST001222,B09DEF123,SES00122201,2024-03-14 04:55:40,ORD_SYN_00000821,1,1199.0,0.015,17.98,Delivered,Not Returned
CONV_SYN_00001745,CLK_SYN_00004541,AFF006,MER0026,CAMP0036,CUST001603,B07HGJKL12,SES00160301,2024-03-14 05:06:53,ORD_SYN_00001745,1,249.0,0.02,4.98,Delivered,Not Returned
CONV_SYN_00001782,CLK_SYN_00003705,AFF010,MER0007,CAMP0018,CUST000838,B07TUVW901,SES00083802,2024-03-14 11:21:24,ORD_SYN_00001782,1,149.95,0.025,3.75,Cancelled,Not Returned
CONV_SYN_00000166,CLK_SYN_00007432,AFF003,MER0004,CAMP0027,CUST004610,B07VWX234,SES00461003,2024-03-14 11:50:26,ORD_SYN_00000166,3,89.97,0.04,3.6,Cancelled,Not Returned
CONV_SYN_00001532,CLK_SYN_00004721,AFF012,MER0072,CAMP0010,CUST001521,B07MNO012,SES00152102,2024-03-14 14:01:42,ORD_SYN_00001532,1,99.99,0.03,3.0,Delivered,Not Returned
CONV_SYN_00001749,CLK_SYN_00001479,AFF009,MER0074,CAMP0006,CUST003778,B07DEF456,SES00377803,2024-03-15 01:25:21,ORD_SYN_00001749,1,299.0,0.025,7.48,Cancelled,Not Returned
CONV_SYN_00000888,CLK_SYN_00009426,AFF016,MER0011,CAMP0008,CUST003632,B07BCD890,SES00363202,2024-03-15 02:17:51,ORD_SYN_00000888,1,799.99,0.02,16.0,Delivered,Returned
CONV_SYN_00000953,CLK_SYN_00005721,AFF002,MER0054,CAMP0032,CUST001230,B08STU234,SES00123003,2024-03-15 07:24:50,ORD_SYN_00000953,1,128.0,0.03,3.84,Cancelled,Not Returned
CONV_SYN_00001601,CLK_SYN_00002123,AFF012,MER0051,CAMP0004,CUST004642,B08N5WRWNW,SES00464203,2024-03-15 07:50:20,ORD_SYN_00001601,1,49.99,0.04,2.0,Delivered,Not Returned
CONV_SYN_00001583,CLK_SYN_00001134,AFF016,MER0036,CAMP0012,CUST001072,B09PQR345,SES00107201,2024-03-15 13:44:56,ORD_SYN_00001583,1,89.99,0.03,2.7,Delivered,Not Returned
CONV_SYN_00000239,CLK_SYN_00000007,AFF016,MER0020,CAMP0018,CUST002963,B09YZA567,SES00296303,2024-03-15 17:45:34,ORD_SYN_00000239,1,49.99,0.03,1.5,Delivered,Returned
CONV_SYN_00000881,CLK_SYN_00002481,AFF018,MER0082,CAMP0005,CUST002613,B08N5WRWNW,SES00261301,2024-03-15 18:01:10,ORD_SYN_00000881,1,49.99,0.04,2.0,Cancelled,Returned
CONV_SYN_00001346,CLK_SYN_00007750,AFF018,MER0041,CAMP0022,CUST002566,B08JKL345,SES00256601,2024-03-15 22:00:03,ORD_SYN_00001346,1,349.95,0.02,7.0,Delivered,Not Returned
CONV_SYN_00000950,CLK_SYN_00006628,AFF006,MER0048,CAMP0044,CUST000333,B08ABC123,SES00033302,2024-03-15 23:27:41,ORD_SYN_00000950,1,2495.0,0.015,37.42,Delivered,Not Returned
CONV_SYN_00001330,CLK_SYN_00009581,AFF004,MER0073,CAMP0016,CUST003622,B09DEF123,SES00362202,2024-03-15 23:29:38,ORD_SYN_00001330,1,1199.0,0.015,17.98,Delivered,Not Returned
CONV_SYN_00000679,CLK_SYN_00004454,AFF015,MER0085,CAMP0021,CUST000010,B09DEF123,SES00001001,2024-03-16 02:08:47,ORD_SYN_00000679,1,1199.0,0.015,17.98,Delivered,Not Returned
CONV_SYN_00001053,CLK_SYN_00005260,AFF002,MER0076,CAMP0033,CUST003403,B08STU345,SES00340301,2024-03-16 04:04:24,ORD_SYN_00001053,1,349.99,0.025,8.75,Delivered,Returned
CONV_SYN_00000904,CLK_SYN_00005671,AFF012,MER0038,CAMP0048,CUST001240,B07TUVW901,SES00124002,2024-03-16 18:04:13,ORD_SYN_00000904,1,149.95,0.025,3.75,Delivered,Returned
CONV_SYN_00000086,CLK_SYN_00008727,AFF007,MER0014,CAMP0038,CUST001899,B07DEF890,SES00189903,2024-03-16 22:34:56,ORD_SYN_00000086,2,51.98,0.04,2.08,Cancelled,Not Returned
CONV_SYN_00001343,CLK_SYN_00002395,AFF011,MER0076,CAMP0032,CUST002406,B09PQR012,SES00240603,2024-03-17 01:17:36,ORD_SYN_00001343,1,399.0,0.02,7.98,Delivered,Returned
CONV_SYN_00001467,CLK_SYN_00005579,AFF006,MER0020,CAMP0011,CUST003497,B07HGJKL12,SES00349702,2024-03-17 04:08:22,ORD_SYN_00001467,1,249.0,0.02,4.98,Delivered,Returned
CONV_SYN_00000897,CLK_SYN_00007754,AFF015,MER0100,CAMP0046,CUST003365,B08QRST678,SES00336502,2024-03-17 06:28:58,ORD_SYN_00000897,1,199.99,0.02,4.0,Delivered,Not Returned
CONV_SYN_00001619,CLK_SYN_00000824,AFF003,MER0011,CAMP0035,CUST002321,B09XYZ234,SES00232102,2024-03-17 06:48:06,ORD_SYN_00001619,1,348.0,0.02,6.96,Delivered,Not Returned
CONV_SYN_00001670,CLK_SYN_00006213,AFF014,MER0094,CAMP0039,CUST000350,B09YZA234,SES00035002,2024-03-17 12:56:27,ORD_SYN_00001670,1,199.99,0.02,4.0,Delivered,Not Returned
CONV_SYN_00000091,CLK_SYN_00001581,AFF002,MER0074,CAMP0041,CUST004271,B09YZA890,SES00427102,2024-03-17 20:31:27,ORD_SYN_00000091,1,98.0,0.03,2.94,Delivered,Not Returned
CONV_SYN_00000026,CLK_SYN_00000671,AFF007,MER0077,CAMP0028,CUST003852,B09HIJ012,SES00385201,2024-03-18 05:24:43,ORD_SYN_00000026,3,419.97,0.04,16.8,Delivered,Not Returned
CONV_SYN_00001087,CLK_SYN_00003097,AFF019,MER0009,CAMP0022,CUST002960,B08STU678,SES00296002,2024-03-18 08:48:52,ORD_SYN_00001087,1,69.99,0.03,2.1,Cancelled,Not Returned
CONV_SYN_00000691,CLK_SYN_00002481,AFF018,MER0082,CAMP0005,CUST002613,B08N5WRWNW,SES00261301,2024-03-18 10:37:10,ORD_SYN_00000691,1,49.99,0.04,2.0,Cancelled,Not Returned
CONV_SYN_00001080,CLK_SYN_00009350,AFF018,MER0054,CAMP0036,CUST002176,B07MNO789,SES00217603,2024-03-18 11:12:07,ORD_SYN_00001080,2,399.9,0.03,12.0,Delivered,Not Returned
CONV_SYN_00001170,CLK_SYN_00006017,AFF004,MER0083,CAMP0042,CUST000499,B09JKL789,SES00049902,2024-03-18 12:28:18,ORD_SYN_00001170,1,699.95,0.025,17.5,Delivered,Not Returned
CONV_SYN_00000605,CLK_SYN_00003572,AFF018,MER0072,CAMP0001,CUST004129,B09GHI123,SES00412902,2024-03-19 12:33:14,ORD_SYN_00000605,2,359.98,0.025,9.0,Delivered,Returned
CONV_SYN_00000473,CLK_SYN_00009517,AFF016,MER0061,CAMP0032,CUST000553,B09HIJ012,SES00055303,2024-03-19 12:33:35,ORD_SYN_00000473,1,139.99,0.04,5.6,Delivered,Not Returned
CONV_SYN_00001232,CLK_SYN_00003033,AFF002,MER0091,CAMP0030,CUST001187,B07MNO345,SES00118702,2024-03-19 12:39:46,ORD_SYN_00001232,2,119.98,0.04,4.8,Delivered,Not Returned
CONV_SYN_00000798,CLK_SYN_00000500,AFF018,MER0036,CAMP0017,CUST001236,B07VWX901,SES00123601,2024-03-19 12:41:58,ORD_SYN_00000798,1,99.99,0.025,2.5,Cancelled,Returned
CONV_SYN_00000936,CLK_SYN_00001189,AFF011,MER0069,CAMP0019,CUST004086,B09YZA901,SES00408602,2024-03-19 16:37:34,ORD_SYN_00000936,1,199.99,0.03,6.0,Delivered,Not Returned
CONV_SYN_00001184,CLK_SYN_00009769,AFF003,MER0007,CAMP0022,CUST002931,B09DEF123,SES00293101,2024-03-19 20:46:00,ORD_SYN_00001184,1,1199.0,0.015,17.98,Delivered,Not Returned
CONV_SYN_00001710,CLK_SYN_00006664,AFF016,MER0035,CAMP0046,CUST004162,B07MNO345,SES00416201,2024-03-19 20:54:22,ORD_SYN_00001710,1,59.99,0.04,2.4,Delivered,Not Returned
CONV_SYN_00000501,CLK_SYN_00008626,AFF002,MER0012,CAMP0032,CUST001347,B07MNO012,SES00134703,2024-03-19 23:25:37,ORD_SYN_00000501,1,99.99,0.03,3.0,Delivered,Returned
CONV_SYN_00000991,CLK_SYN_00007945,AFF012,MER0074,CAMP0022,CUST000940,B09YZA890,SES00094003,2024-03-20 06:53:38,ORD_SYN_00000991,2,196.0,0.03,5.88,Delivered,Not Returned
CONV_SYN_00001428,CLK_SYN_00006453,AFF020,MER0013,CAMP0013,CUST001394,B08ABC123,SES00139401,2024-03-20 21:49:00,ORD_SYN_00001428,1,2495.0,0.015,37.42,Delivered,Returned
CONV_SYN_00001155,CLK_SYN_00001643,AFF010,MER0067,CAMP0004,CUST002258,B08JKL345,SES00225803,2024-03-20 22:16:24,ORD_SYN_00001155,1,349.95,0.02,7.0,Delivered,Not Returned
CONV_SYN_00001891,CLK_SYN_00007017,AFF011,MER0069,CAMP0028,CUST001310,B07DEF456,SES00131001,2024-03-21 05:35:20,ORD_SYN_00001891,1,299.0,0.025,7.48,Cancelled,Returned
CONV_SYN_00000430,CLK_SYN_00005223,AFF008,MER0013,CAMP0026,CUST000396,B07DEF890,SES00039601,2024-03-21 08:06:17,ORD_SYN_00000430,3,77.97,0.04,3.12,Delivered,Returned
CONV_SYN_00001118,CLK_SYN_00008626,AFF002,MER0012,CAMP0032,CUST001347,B07MNO012,SES00134703,2024-03-21 10:56:49,ORD_SYN_00001118,1,99.99,0.03,3.0,Delivered,Returned
CONV_SYN_00001439,CLK_SYN_00000862,AFF018,MER0043,CAMP0030,CUST002938,B07MNO345,SES00293802,2024-03-21 20:33:07,ORD_SYN_00001439,1,59.99,0.04,2.4,Delivered,Not Returned
CONV_SYN_00000944,CLK_SYN_00001695,AFF013,MER0047,CAMP0027,CUST002829,B07PQR345,SES00282901,2024-03-22 00:46:02,ORD_SYN_00000944,1,399.0,0.02,7.98,Cancelled,Not Returned
CONV_SYN_00000537,CLK_SYN_00005327,AFF008,MER0099,CAMP0028,CUST004657,B08JKL456,SES00465703,2024-03-22 13:05:39,ORD_SYN_00000537,1,99.99,0.04,4.0,Delivered,Returned
CONV_SYN_00000303,CLK_SYN_00007326,AFF012,MER0013,CAMP0016,CUST004913,B09GHI456,SES00491301,2024-03-22 14:44:29,ORD_SYN_00000303,1,99.99,0.03,3.0,Delivered,Not Returned
CONV_SYN_00000664,CLK_SYN_00004472,AFF004,MER0048,CAMP0005,CUST002761,B08STU901,SES00276103,2024-03-22 22:11:11,ORD_SYN_00000664,1,379.99,0.025,9.5,Delivered,Not Returned
CONV_SYN_00000735,CLK_SYN_00000726,AFF012,MER0006,CAMP0030,CUST004442,B07VWX234,SES00444201,2024-03-23 01:33:26,ORD_SYN_00000735,1,29.99,0.04,1.2,Delivered,Not Returned
CONV_SYN_00001843,CLK_SYN_00001695,AFF013,MER0047,CAMP0027,CUST002829,B07PQR345,SES00282901,2024-03-23 10:09:26,ORD_SYN_00001843,1,399.0,0.02,7.98,Delivered,Not Returned
CONV_SYN_00000947,CLK_SYN_00002732,AFF002,MER0083,CAMP0019,CUST000308,B09XYZ234,SES00030802,2024-03-23 12:21:46,ORD_SYN_00000947,1,348.0,0.02,6.96,Delivered,Not Returned
CONV_SYN_00000967,CLK_SYN_00002890,AFF013,MER0091,CAMP0048,CUST003987,B08JKL456,SES00398702,2024-03-23 12:38:10,ORD_SYN_00000967,1,99.99,0.04,4.0,Cancelled,Not Returned
CONV_SYN_00001132,CLK_SYN_00003352,AFF011,MER0065,CAMP0030,CUST004584,B07VWX901,SES00458403,2024-03-23 20:23:50,ORD_SYN_00001132,1,99.99,0.025,2.5,Delivered,Returned
CONV_SYN_00001742,CLK_SYN_00007511,AFF010,MER0040,CAMP0049,CUST000649,B08STU345,SES00064901,2024-03-23 23:24:44,ORD_SYN_00001742,1,349.99,0.025,8.75,Delivered,Returned
CONV_SYN_00000261,CLK_SYN_00008923,AFF009,MER0042,CAMP0015,CUST004756,B08STU234,SES00475601,2024-03-24 04:27:23,ORD_SYN_00000261,1,128.0,0.03,3.84,Cancelled,Returned
CONV_SYN_00001538,CLK_SYN_00000970,AFF004,MER0081,CAMP0018,CUST000876,B07MNO789,SES00087601,2024-03-24 14:40:37,ORD_SYN_00001538,1,199.95,0.03,6.0,Cancelled,Not Returned
CONV_SYN_00001376,CLK_SYN_00007133,AFF009,MER0040,CAMP0038,CUST001134,B07BCD890,SES00113402,2024-03-24 16:46:03,ORD_SYN_00001376,1,799.99,0.02,16.0,Delivered,Returned
CONV_SYN_00000895,CLK_SYN_00001716,AFF008,MER0062,CAMP0040,CUST001992,B07VWX678,SES00199202,2024-03-24 22:29:02,ORD_SYN_00000895,2,658.0,0.02,13.16,Delivered,Not Returned
CONV_SYN_00001704,CLK_SYN_00007106,AFF006,MER0025,CAMP0038,CUST002755,B08JKL456,SES00275501,2024-03-25 12:19:05,ORD_SYN_00001704,1,99.99,0.04,4.0,Cancelled,Not Returned
CONV_SYN_00000972,CLK_SYN_00001741,AFF019,MER0025,CAMP0037,CUST000891,B08EFG456,SES00089101,2024-03-26 04:24:40,ORD_SYN_00000972,1,39.95,0.04,1.6,Cancelled,Returned
CONV_SYN_00000247,CLK_SYN_00000970,AFF004,MER0081,CAMP0018,CUST000876,B07MNO789,SES00087601,2024-03-26 09:16:01,ORD_SYN_00000247,1,199.95,0.03,6.0,Cancelled,Not Returned
CONV_SYN_00000970,CLK_SYN_00005511,AFF004,MER0041,CAMP0007,CUST002833,B09PQR901,SES00283303,2024-03-27 05:40:44,ORD_SYN_00000970,2,699.98,0.02,14.0,Cancelled,Not Returned
CONV_SYN_00001766,CLK_SYN_00004495,AFF011,MER0066,CAMP0008,CUST004207,B09YZA567,SES00420702,2024-03-27 11:31:29,ORD_SYN_00001766,2,99.98,0.03,3.0,Delivered,Not Returned
CONV_SYN_00001233,CLK_SYN_00005354,AFF009,MER0023,CAMP0002,CUST001440,B07EFG567,SES00144003,2024-03-27 18:12:25,ORD_SYN_00001233,1,449.95,0.025,11.25,Delivered,Not Returned
CONV_SYN_00000199,CLK_SYN_00004752,AFF017,MER0028,CAMP0003,CUST003001,B09YZA901,SES00300101,2024-03-27 22:10:15,ORD_SYN_00000199,1,199.99,0.03,6.0,Delivered,Not Returned
CONV_SYN_00001898,CLK_SYN_00001317,AFF019,MER0095,CAMP0013,CUST000976,B09PQR012,SES00097601,2024-03-28 01:20:01,ORD_SYN_00001898,1,399.0,0.02,7.98,Delivered,Not Returned
CONV_SYN_00000307,CLK_SYN_00004752,AFF017,MER0028,CAMP0003,CUST003001,B09YZA901,SES00300101,2024-03-28 11:03:03,ORD_SYN_00000307,1,199.99,0.03,6.0,Cancelled,Not Returned
CONV_SYN_00001250,CLK_SYN_00003828,AFF006,MER0090,CAMP0003,CUST000796,B08EFG456,SES00079603,2024-03-28 15:33:02,ORD_SYN_00001250,1,39.95,0.04,1.6,Delivered,Not Returned
CONV_SYN_00001961,CLK_SYN_00003909,AFF020,MER0064,CAMP0010,CUST002086,B07BCD890,SES00208601,2024-03-28 17:02:17,ORD_SYN_00001961,1,799.99,0.02,16.0,Delivered,Not Returned
CONV_SYN_00001476,CLK_SYN_00004126,AFF011,MER0026,CAMP0006,CUST001358,B07DEF123,SES00135802,2024-03-28 18:31:56,ORD_SYN_00001476,1,99.99,0.03,3.0,Delivered,Not Returned
CONV_SYN_00001437,CLK_SYN_00005990,AFF013,MER0052,CAMP0027,CUST001303,B09GHI123,SES00130302,2024-03-29 03:11:56,ORD_SYN_00001437,2,359.98,0.025,9.0,Delivered,Returned
CONV_SYN_00001492,CLK_SYN_00007313,AFF012,MER0035,CAMP0050,CUST003828,B07TUVW901,SES00382803,2024-03-29 12:00:22,ORD_SYN_00001492,1,149.95,0.025,3.75,Delivered,Returned
CONV_SYN_00001460,CLK_SYN_00008011,AFF018,MER0014,CAMP0012,CUST004638,B08ABC890,SES00463802,2024-03-29 19:06:54,ORD_SYN_00001460,1,249.99,0.025,6.25,Delivered,Not Returned
CONV_SYN_00000355,CLK_SYN_00004456,AFF006,MER0034,CAMP0037,CUST003561,B08JKL012,SES00356103,2024-03-29 21:21:45,ORD_SYN_00000355,1,219.0,0.02,4.38,Delivered,Returned
CONV_SYN_00000983,CLK_SYN_00003061,AFF005,MER0043,CAMP0033,CUST000284,B08QRST678,SES00028403,2024-03-29 21:29:30,ORD_SYN_00000983,1,199.99,0.02,4.0,Delivered,Returned
CONV_SYN_00000779,CLK_SYN_00003310,AFF015,MER0069,CAMP0020,CUST001259,B07VWX234,SES00125901,2024-03-30 12:02:13,ORD_SYN_00000779,1,29.99,0.04,1.2,Delivered,Not Returned
CONV_SYN_00001501,CLK_SYN_00003926,AFF016,MER0012,CAMP0050,CUST000700,B07GHI789,SES00070001,2024-03-30 13:41:09,ORD_SYN_00001501,1,179.0,0.02,3.58,Delivered,Not Returned
CONV_SYN_00001651,CLK_SYN_00006411,AFF003,MER0088,CAMP0007,CUST001823,B08STU901,SES00182301,2024-03-30 15:00:08,ORD_SYN_00001651,1,379.99,0.025,9.5,Delivered,Not Returned
CONV_SYN_00001699,CLK_SYN_00002964,AFF001,MER0047,CAMP0036,CUST003566,B07TUVW901,SES00356602,2024-03-30 16:58:15,ORD_SYN_00001699,2,299.9,0.025,7.5,Cancelled,Not Returned
CONV_SYN_00001427,CLK_SYN_00003709,AFF002,MER0060,CAMP0034,CUST004943,B08JKL012,SES00494303,2024-03-30 22:22:04,ORD_SYN_00001427,1,219.0,0.02,4.38,Delivered,Returned
CONV_SYN_00001295,CLK_SYN_00008045,AFF007,MER0033,CAMP0037,CUST002361,B09PQR678,SES00236102,2024-03-30 23:27:14,ORD_SYN_00001295,1,399.99,0.02,8.0,Delivered,Returned
CONV_SYN_00000014,CLK_SYN_00004471,AFF017,MER0056,CAMP0025,CUST001306,B09PQR012,SES00130603,2024-03-31 07:25:02,ORD_SYN_00000014,1,399.0,0.02,7.98,Delivered,Not Returned
CONV_SYN_00000227,CLK_SYN_00007545,AFF019,MER0018,CAMP0021,CUST004951,B09GHI789,SES00495101,2024-03-31 09:20:43,ORD_SYN_00000227,1,49.99,0.04,2.0,Cancelled,Not Returned
CONV_SYN_00001267,CLK_SYN_00006243,AFF012,MER0049,CAMP0040,CUST004298,B09HIJ012,SES00429803,2024-03-31 17:29:28,ORD_SYN_00001267,1,139.99,0.04,5.6,Delivered,Not Returned
CONV_SYN_00001631,CLK_SYN_00007652,AFF008,MER0046,CAMP0016,CUST000569,B09YZA234,SES00056901,2024-03-31 23:07:28,ORD_SYN_00001631,2,399.98,0.02,8.0,Delivered,Not Returned
CONV_SYN_00001447,CLK_SYN_00005458,AFF004,MER0044,CAMP0007,CUST000035,B08MNO012,SES00003502,2024-04-01 21:03:48,ORD_SYN_00001447,2,299.98,0.03,9.0,Delivered,Not Returned
CONV_SYN_00001986,CLK_SYN_00003926,AFF016,MER0012,CAMP0050,CUST000700,B07GHI789,SES00070001,2024-04-01 22:54:21,ORD_SYN_00001986,1,179.0,0.02,3.58,Delivered,Not Returned
CONV_SYN_00000432,CLK_SYN_00000990,AFF010,MER0083,CAMP0020,CUST002378,B09PQR012,SES00237802,2024-04-01 23:34:30,ORD_SYN_00000432,1,399.0,0.02,7.98,Cancelled,Not Returned
CONV_SYN_00000456,CLK_SYN_00004581,AFF002,MER0012,CAMP0028,CUST002756,B08MNO012,SES00275602,2024-04-01 23:53:08,ORD_SYN_00000456,1,149.99,0.03,4.5,Delivered,Returned
CONV_SYN_00001570,CLK_SYN_00004471,AFF017,MER0056,CAMP0025,CUST001306,B09PQR012,SES00130603,2024-04-02 01:19:38,ORD_SYN_00001570,1,399.0,0.02,7.98,Delivered,Not Returned
CONV_SYN_00000106,CLK_SYN_00009693,AFF018,MER0049,CAMP0035,CUST002982,B09GHI789,SES00298201,2024-04-02 04:16:19,ORD_SYN_00000106,3,149.97,0.04,6.0,Delivered,Returned
CONV_SYN_00000997,CLK_SYN_00008083,AFF020,MER0081,CAMP0003,CUST002324,B09YZA234,SES00232403,2024-04-02 08:55:13,ORD_SYN_00000997,1,199.99,0.02,4.0,Cancelled,Not Returned
CONV_SYN_00001076,CLK_SYN_00008645,AFF010,MER0095,CAMP0039,CUST002136,B07DEF890,SES00213603,2024-04-02 14:53:44,ORD_SYN_00001076,1,25.99,0.04,1.04,Delivered,Returned
CONV_SYN_00001978,CLK_SYN_00002741,AFF008,MER0039,CAMP0017,CUST003995,B09GHI123,SES00399501,2024-04-02 18:32:42,ORD_SYN_00001978,1,179.99,0.025,4.5,Delivered,Returned
CONV_SYN_00001388,CLK_SYN_00000148,AFF001,MER0060,CAMP0044,CUST000888,B08STU345,SES00088803,2024-04-02 20:47:17,ORD_SYN_00001388,1,349.99,0.025,8.75,Delivered,Not Returned
CONV_SYN_00000841,CLK_SYN_00005831,AFF002,MER0084,CAMP0035,CUST002090,B08STU901,SES00209002,2024-04-02 21:32:49,ORD_SYN_00000841,1,379.99,0.025,9.5,Delivered,Not Returned
CONV_SYN_00001972,CLK_SYN_00005831,AFF002,MER0084,CAMP0035,CUST002090,B08STU901,SES00209002,2024-04-03 07:56:13,ORD_SYN_00001972,1,379.99,0.025,9.5,Delivered,Returned
CONV_SYN_00000493,CLK_SYN_00003231,AFF017,MER0057,CAMP0045,CUST000481,B09YZA567,SES00048103,2024-04-03 09:52:51,ORD_SYN_00000493,1,49.99,0.03,1.5,Delivered,Not Returned
CONV_SYN_00000375,CLK_SYN_00003082,AFF018,MER0092,CAMP0023,CUST004111,B07FZ8S74R,SES00411103,2024-04-03 14:06:28,ORD_SYN_00000375,1,39.99,0.04,1.6,Cancelled,Not Returned
CONV_SYN_00000443,CLK_SYN_00003339,AFF005,MER0090,CAMP0018,CUST003989,B08STU345,SES00398902,2024-04-03 17:43:49,ORD_SYN_00000443,1,349.99,0.025,8.75,Cancelled,Returned
CONV_SYN_00000210,CLK_SYN_00004018,AFF014,MER0055,CAMP0028,CUST002891,B08MNO012,SES00289101,2024-04-03 18:41:36,ORD_SYN_00000210,1,149.99,0.03,4.5,Delivered,Not Returned
CONV_SYN_00000522,CLK_SYN_00002819,AFF018,MER0016,CAMP0037,CUST004431,B09YZA234,SES00443103,2024-04-04 09:58:42,ORD_SYN_00000522,1,199.99,0.02,4.0,Delivered,Not Returned
CONV_SYN_00001169,CLK_SYN_00006170,AFF011,MER0052,CAMP0013,CUST002875,B08MNO012,SES00287501,2024-04-04 15:34:23,ORD_SYN_00001169,1,149.99,0.03,4.5,Cancelled,Not Returned
CONV_SYN_00000258,CLK_SYN_00003252,AFF014,MER0005,CAMP0025,CUST000403,B07MNO345,SES00040301,2024-04-04 16:14:04,ORD_SYN_00000258,1,59.99,0.04,2.4,Delivered,Not Returned
CONV_SYN_00000870,CLK_SYN_00003550,AFF012,MER0030,CAMP0047,CUST000504,B08YZA567,SES00050402,2024-04-04 18:43:22,ORD_SYN_00000870,1,89.99,0.03,2.7,Delivered,Not Returned
CONV_SYN_00000917,CLK_SYN_00007991,AFF017,MER0073,CAMP0046,CUST003725,B09PQR012,SES00372502,2024-04-04 19:29:03,ORD_SYN_00000917,1,399.0,0.02,7.98,Delivered,Returned
CONV_SYN_00000024,CLK_SYN_00007520,AFF009,MER0055,CAMP0033,CUST000627,B07DEF123,SES00062701,2024-04-04 19:55:20,ORD_SYN_00000024,1,99.99,0.03,3.0,Cancelled,Not Returned
CONV_SYN_00000858,CLK_SYN_00009380,AFF011,MER0093,CAMP0046,CUST002212,B08STU345,SES00221201,2024-04-05 13:26:07,ORD_SYN_00000858,1,349.99,0.025,8.75,Delivered,Not Returned
CONV_SYN_00001161,CLK_SYN_00004881,AFF016,MER0038,CAMP0018,CUST004763,B08C1W5N87,SES00476302,2024-04-05 17:02:00,ORD_SYN_00001161,1,79.95,0.03,2.4,Cancelled,Not Returned
CONV_SYN_00001162,CLK_SYN_00007840,AFF020,MER0061,CAMP0020,CUST002098,B09GHI123,SES00209803,2024-04-05 17:06:00,ORD_SYN_00001162,1,179.99,0.025,4.5,Delivered,Returned
CONV_SYN_00001121,CLK_SYN_00002116,AFF014,MER0084,CAMP0018,CUST002676,B09YZA567,SES00267601,2024-04-05 19:17:31,ORD_SYN_00001121,1,49.99,0.03,1.5,Cancelled,Not Returned
CONV_SYN_00000554,CLK_SYN_00002638,AFF003,MER0026,CAMP0022,CUST000285,B07DEF890,SES00028503,2024-04-05 20:09:24,ORD_SYN_00000554,1,25.99,0.04,1.04,Delivered,Not Returned
CONV_SYN_00001443,CLK_SYN_00001004,AFF018,MER0066,CAMP0021,CUST003412,B08JKL345,SES00341201,2024-04-06 17:30:48,ORD_SYN_00001443,1,349.95,0.02,7.0,Cancelled,Returned
CONV_SYN_00000045,CLK_SYN_00008116,AFF014,MER0086,CAMP0003,CUST003704,B08YZA567,SES00370401,2024-04-07 04:31:11,ORD_SYN_00000045,1,89.99,0.03,2.7,Cancelled,Returned
CONV_SYN_00000089,CLK_SYN_00001332,AFF001,MER0071,CAMP0049,CUST003924,B08N5WRWNW,SES00392401,2024-04-07 14:05:35,ORD_SYN_00000089,2,99.98,0.04,4.0,Delivered,Not Returned
CONV_SYN_00000780,CLK_SYN_00008047,AFF011,MER0048,CAMP0036,CUST000354,B09HIJ012,SES00035402,2024-04-08 02:56:59,ORD_SYN_00000780,1,139.99,0.04,5.6,Delivered,Returned
CONV_SYN_00000914,CLK_SYN_00006612,AFF015,MER0090,CAMP0020,CUST001477,B09YZA234,SES00147703,2024-04-08 19:14:14,ORD_SYN_00000914,2,399.98,0.02,8.0,Delivered,Not Returned
CONV_SYN_00000561,CLK_SYN_00004010,AFF018,MER0096,CAMP0021,CUST004679,B09MNOP345,SES00467902,2024-04-09 02:46:40,ORD_SYN_00000561,1,79.99,0.03,2.4,Delivered,Not Returned
CONV_SYN_00001354,CLK_SYN_00004051,AFF002,MER0097,CAMP0016,CUST002272,B09PQR901,SES00227202,2024-04-09 05:30:48,ORD_SYN_00001354,1,349.99,0.02,7.0,Delivered,Not Returned
CONV_SYN_00000622,CLK_SYN_00009059,AFF009,MER0050,CAMP0046,CUST001544,B08C1W5N87,SES00154402,2024-04-09 07:01:09,ORD_SYN_00000622,2,159.9,0.03,4.8,Delivered,Not Returned
CONV_SYN_00001594,CLK_SYN_00005797,AFF013,MER0004,CAMP0041,CUST000935,B08ABC890,SES00093501,2024-04-09 11:10:41,ORD_SYN_00001594,2,499.98,0.025,12.5,Delivered,Not Returned
CONV_SYN_00001060,CLK_SYN_00009132,AFF003,MER0071,CAMP0005,CUST004769,B08STU345,SES00476903,2024-04-09 11:34:57,ORD_SYN_00001060,1,349.99,0.025,8.75,Delivered,Not Returned
CONV_SYN_00001264,CLK_SYN_00009700,AFF017,MER0085,CAMP0012,CUST000841,B09DEF123,SES00084102,2024-04-09 12:37:16,ORD_SYN_00001264,1,1199.0,0.015,17.98,Delivered,Not Returned
CONV_SYN_00001455,CLK_SYN_00006338,AFF007,MER0072,CAMP0025,CUST001152,B09XYZ234,SES00115201,2024-04-09 16:35:28,ORD_SYN_00001455,1,348.0,0.02,6.96,Delivered,Not Returned
CONV_SYN_00000973,CLK_SYN_00005230,AFF005,MER0023,CAMP0014,CUST002711,B07VWX678,SES00271103,2024-04-09 18:48:04,ORD_SYN_00000973,2,658.0,0.02,13.16,Delivered,Not Returned
CONV_SYN_00000988,CLK_SYN_00005650,AFF002,MER0003,CAMP0018,CUST000829,B08QRST678,SES00082902,2024-04-09 20:14:38,ORD_SYN_00000988,1,199.99,0.02,4.0,Cancelled,Returned
CONV_SYN_00001195,CLK_SYN_00004010,AFF018,MER0096,CAMP0021,CUST004679,B09MNOP345,SES00467902,2024-04-09 21:11:52,ORD_SYN_00001195,1,79.99,0.03,2.4,Delivered,Not Returned
CONV_SYN_00000147,CLK_SYN_00003048,AFF003,MER0011,CAMP0041,CUST003759,B09MNOP345,SES00375901,2024-04-10 01:28:32,ORD_SYN_00000147,1,79.99,0.03,2.4,Delivered,Not Returned
CONV_SYN_00001031,CLK_SYN_00009700,AFF017,MER0085,CAMP0012,CUST000841,B09DEF123,SES00084102,2024-04-10 05:36:04,ORD_SYN_00001031,1,1199.0,0.015,17.98,Delivered,Not Returned
CONV_SYN_00001307,CLK_SYN_00009187,AFF014,MER0020,CAMP0022,CUST003367,B08STU901,SES00336701,2024-04-10 05:53:31,ORD_SYN_00001307,1,379.99,0.025,9.5,Delivered,Not Returned
CONV_SYN_00001081,CLK_SYN_00006275,AFF002,MER0008,CAMP0005,CUST001753,B09GHI789,SES00175302,2024-04-10 07:43:19,ORD_SYN_00001081,1,49.99,0.04,2.0,Delivered,Not Returned
CONV_SYN_00000092,CLK_SYN_00007847,AFF014,MER0091,CAMP0030,CUST000160,B09JKL789,SES00016001,2024-04-10 10:13:59,ORD_SYN_00000092,1,699.95,0.025,17.5,Delivered,Not Returned
CONV_SYN_00002000,CLK_SYN_00004905,AFF003,MER0039,CAMP0037,CUST004617,B09PQR901,SES00461702,2024-04-10 13:59:05,ORD_SYN_00002000,1,349.99,0.02,7.0,Cancelled,Not Returned
CONV_SYN_00001154,CLK_SYN_00008414,AFF007,MER0088,CAMP0026,CUST000027,B08C1W5N87,SES00002701,2024-04-10 14:26:37,ORD_SYN_00001154,1,79.95,0.03,2.4,Cancelled,Not Returned
CONV_SYN_00000108,CLK_SYN_00003034,AFF018,MER0089,CAMP0013,CUST003682,B07VWX678,SES00368202,2024-04-10 16:49:27,ORD_SYN_00000108,1,329.0,0.02,6.58,Delivered,Not Returned
CONV_SYN_00000946,CLK_SYN_00006244,AFF001,MER0066,CAMP0019,CUST004015,B07VWX234,SES00401502,2024-04-10 17:37:51,ORD_SYN_00000946,1,29.99,0.04,1.2,Delivered,Not Returned
CONV_SYN_00001429,CLK_SYN_00005845,AFF014,MER0074,CAMP0018,CUST001774,B07BCD890,SES00177402,2024-04-10 17:51:41,ORD_SYN_00001429,2,1599.98,0.02,32.0,Delivered,Not Returned
CONV_SYN_00001216,CLK_SYN_00006646,AFF005,MER0018,CAMP0042,CUST002489,B09GHI123,SES00248902,2024-04-10 23:37:41,ORD_SYN_00001216,1,179.99,0.025,4.5,Delivered,Not Returned
CONV_SYN_00000427,CLK_SYN_00003734,AFF017,MER0059,CAMP0032,CUST002140,B08STU345,SES00214002,2024-04-11 05:56:34,ORD_SYN_00000427,2,699.98,0.025,17.5,Cancelled,Not Returned
CONV_SYN_00001488,CLK_SYN_00003669,AFF017,MER0043,CAMP0031,CUST002337,B09JKL789,SES00233703,2024-04-11 09:47:07,ORD_SYN_00001488,1,699.95,0.025,17.5,Cancelled,Not Returned
CONV_SYN_00000329,CLK_SYN_00008717,AFF008,MER0070,CAMP0003,CUST002138,B07DEF890,SES00213802,2024-04-11 11:17:24,ORD_SYN_00000329,2,51.98,0.04,2.08,Delivered,Not Returned
CONV_SYN_00000460,CLK_SYN_00000629,AFF015,MER0033,CAMP0048,CUST003949,B09DEF123,SES00394901,2024-04-11 13:00:51,ORD_SYN_00000460,2,2398.0,0.015,35.97,Delivered,Not Returned
CONV_SYN_00000635,CLK_SYN_00005845,AFF014,MER0074,CAMP0018,CUST001774,B07BCD890,SES00177402,2024-04-11 14:57:41,ORD_SYN_00000635,3,2399.97,0.02,48.0,Delivered,Not Returned
CONV_SYN_00000524,CLK_SYN_00004608,AFF015,MER0008,CAMP0014,CUST000804,B07DEF456,SES00080401,2024-04-11 18:07:31,ORD_SYN_00000524,1,299.0,0.025,7.48,Delivered,Not Returned
CONV_SYN_00000647,CLK_SYN_00003943,AFF005,MER0099,CAMP0013,CUST000229,B07MNO678,SES00022901,2024-04-11 20:20:49,ORD_SYN_00000647,1,34.99,0.04,1.4,Cancelled,Returned
CONV_SYN_00001384,CLK_SYN_00003276,AFF011,MER0045,CAMP0034,CUST004901,B08YZA567,SES00490101,2024-04-11 23:33:40,ORD_SYN_00001384,1,89.99,0.03,2.7,Delivered,Not Returned
CONV_SYN_00000027,CLK_SYN_00009317,AFF016,MER0081,CAMP0050,CUST004300,B08C1W5N87,SES00430001,2024-04-12 00:27:40,ORD_SYN_00000027,1,79.95,0.03,2.4,Delivered,Not Returned
CONV_SYN_00000842,CLK_SYN_00004470,AFF020,MER0042,CAMP0045,CUST001889,B09XYZ234,SES00188901,2024-04-12 02:33:03,ORD_SYN_00000842,1,348.0,0.02,6.96,Delivered,Returned
CONV_SYN_00000031,CLK_SYN_00000723,AFF014,MER0093,CAMP0029,CUST000508,B07VWX234,SES00050803,2024-04-12 08:45:56,ORD_SYN_00000031,1,29.99,0.04,1.2,Delivered,Not Returned
CONV_SYN_00001737,CLK_SYN_00000723,AFF014,MER0093,CAMP0029,CUST000508,B07VWX234,SES00050803,2024-04-12 09:35:44,ORD_SYN_00001737,1,29.99,0.04,1.2,Cancelled,Not Returned
CONV_SYN_00000345,CLK_SYN_00007336,AFF002,MER0039,CAMP0019,CUST003450,B08C1W5N87,SES00345002,2024-04-12 10:00:02,ORD_SYN_00000345,1,79.95,0.03,2.4,Delivered,Not Returned
CONV_SYN_00001452,CLK_SYN_00003251,AFF016,MER0032,CAMP0016,CUST004975,B07BCD890,SES00497502,2024-04-12 13:16:35,ORD_SYN_00001452,1,799.99,0.02,16.0,Delivered,Not Returned
CONV_SYN_00001839,CLK_SYN_00001592,AFF002,MER0036,CAMP0048,CUST003484,B09HIJ890,SES00348402,2024-04-12 14:11:03,ORD_SYN_00001839,1,299.99,0.025,7.5,Delivered,Not Returned
CONV_SYN_00000129,CLK_SYN_00006026,AFF020,MER0012,CAMP0006,CUST003723,B07MNO789,SES00372301,2024-04-12 20:01:28,ORD_SYN_00000129,1,199.95,0.03,6.0,Cancelled,Not Returned
CONV_SYN_00001765,CLK_SYN_00001718,AFF007,MER0035,CAMP0005,CUST003690,B09PQR012,SES00369003,2024-04-12 20:08:42,ORD_SYN_00001765,2,798.0,0.02,15.96,Delivered,Not Returned
CONV_SYN_00000806,CLK_SYN_00005591,AFF006,MER0031,CAMP0002,CUST004385,B07TUVW901,SES00438502,2024-04-13 01:34:42,ORD_SYN_00000806,1,149.95,0.025,3.75,Delivered,Returned
CONV_SYN_00001159,CLK_SYN_00003804,AFF005,MER0092,CAMP0016,CUST000111,B07VWX234,SES00011101,2024-04-13 03:53:40,ORD_SYN_00001159,1,29.99,0.04,1.2,Delivered,Not Returned
CONV_SYN_00001991,CLK_SYN_00008859,AFF005,MER0048,CAMP0002,CUST004154,B07VWX234,SES00415401,2024-04-13 06:54:50,ORD_SYN_00001991,2,59.98,0.04,2.4,Cancelled,Not Returned
CONV_SYN_00000495,CLK_SYN_00006509,AFF016,MER0047,CAMP0042,CUST001933,B09DEF123,SES00193303,2024-04-13 17:38:27,ORD_SYN_00000495,1,1199.0,0.015,17.98,Delivered,Not Returned
CONV_SYN_00000712,CLK_SYN_00005978,AFF005,MER0095,CAMP0034,CUST004352,B07DEF456,SES00435201,2024-04-14 01:52:55,ORD_SYN_00000712,1,299.0,0.025,7.48,Delivered,Returned
CONV_SYN_00000742,CLK_SYN_00001448,AFF015,MER0009,CAMP0036,CUST003776,B08STU901,SES00377601,2024-04-14 11:54:44,ORD_SYN_00000742,1,379.99,0.025,9.5,Delivered,Not Returned
CONV_SYN_00000440,CLK_SYN_00003745,AFF018,MER0078,CAMP0041,CUST002540,B09GHI789,SES00254002,2024-04-14 22:45:59,ORD_SYN_00000440,1,49.99,0.04,2.0,Delivered,Not Returned
CONV_SYN_00000403,CLK_SYN_00004748,AFF008,MER0028,CAMP0045,CUST000668,B09GHI789,SES00066803,2024-04-15 01:26:19,ORD_SYN_00000403,1,49.99,0.04,2.0,Delivered,Returned
CONV_SYN_00001943,CLK_SYN_00003302,AFF016,MER0009,CAMP0038,CUST000567,B07DEF123,SES00056701,2024-04-15 02:22:54,ORD_SYN_00001943,1,99.99,0.03,3.0,Delivered,Returned
CONV_SYN_00000213,CLK_SYN_00004738,AFF007,MER0036,CAMP0046,CUST002093,B07TUVW901,SES00209303,2024-04-15 04:18:24,ORD_SYN_00000213,1,149.95,0.025,3.75,Cancelled,Not Returned
CONV_SYN_00000903,CLK_SYN_00004120,AFF010,MER0082,CAMP0048,CUST001760,B07DEF890,SES00176002,2024-04-15 09:46:08,ORD_SYN_00000903,1,25.99,0.04,1.04,Cancelled,Returned
CONV_SYN_00000902,CLK_SYN_00001448,AFF015,MER0009,CAMP0036,CUST003776,B08STU901,SES00377601,2024-04-15 13:19:56,ORD_SYN_00000902,3,1139.97,0.025,28.5,Delivered,Not Returned
CONV_SYN_00001201,CLK_SYN_00007076,AFF020,MER0026,CAMP0029,CUST001940,B08ABC567,SES00194003,2024-04-15 14:48:55,ORD_SYN_00001201,1,59.99,0.03,1.8,Delivered,Not Returned
CONV_SYN_00001857,CLK_SYN_00000010,AFF020,MER0011,CAMP0044,CUST003787,B08STU345,SES00378702,2024-04-15 15:19:33,ORD_SYN_00001857,1,349.99,0.025,8.75,Delivered,Not Returned
CONV_SYN_00000984,CLK_SYN_00008017,AFF011,MER0006,CAMP0050,CUST003334,B09MNOP345,SES00333402,2024-04-16 00:04:35,ORD_SYN_00000984,1,79.99,0.03,2.4,Delivered,Not Returned
CONV_SYN_00000448,CLK_SYN_00000324,AFF008,MER0064,CAMP0012,CUST002068,B07MNO789,SES00206802,2024-04-16 01:07:01,ORD_SYN_00000448,1,199.95,0.03,6.0,Delivered,Not Returned
CONV_SYN_00001514,CLK_SYN_00007521,AFF005,MER0044,CAMP0031,CUST002742,B07DEF890,SES00274203,2024-04-16 06:04:36,ORD_SYN_00001514,1,25.99,0.04,1.04,Delivered,Not Returned
CONV_SYN_00000265,CLK_SYN_00002817,AFF020,MER0008,CAMP0042,CUST004460,B08BCD234,SES00446001,2024-04-16 08:46:40,ORD_SYN_00000265,1,497.99,0.02,9.96,Delivered,Returned
CONV_SYN_00001024,CLK_SYN_00009336,AFF015,MER0054,CAMP0003,CUST002407,B09GHI456,SES00240703,2024-04-16 20:38:18,ORD_SYN_00001024,2,199.98,0.03,6.0,Delivered,Not Returned
CONV_SYN_00000219,CLK_SYN_00009456,AFF019,MER0083,CAMP0010,CUST002118,B09YZA901,SES00211803,2024-04-16 22:20:31,ORD_SYN_00000219,1,199.99,0.03,6.0,Cancelled,Not Returned
CONV_SYN_00001522,CLK_SYN_00000074,AFF016,MER0008,CAMP0048,CUST004000,B07VWX901,SES00400001,2024-04-17 01:48:41,ORD_SYN_00001522,1,99.99,0.025,2.5,Cancelled,Returned
CONV_SYN_00001845,CLK_SYN_00007035,AFF013,MER0092,CAMP0022,CUST000860,B07EFG567,SES00086001,2024-04-17 15:41:44,ORD_SYN_00001845,1,449.95,0.025,11.25,Delivered,Returned
CONV_SYN_00000787,CLK_SYN_00007001,AFF009,MER0056,CAMP0009,CUST003335,B09PQR012,SES00333502,2024-04-17 20:52:57,ORD_SYN_00000787,1,399.0,0.02,7.98,Delivered,Not Returned
CONV_SYN_00000508,CLK_SYN_00004722,AFF004,MER0059,CAMP0018,CUST003384,B08ABC890,SES00338402,2024-04-17 20:55:16,ORD_SYN_00000508,1,249.99,0.025,6.25,Delivered,Not Returned
CONV_SYN_00000658,CLK_SYN_00009089,AFF016,MER0098,CAMP0047,CUST001998,B07DEF123,SES00199801,2024-04-17 23:04:58,ORD_SYN_00000658,1,99.99,0.03,3.0,Delivered,Not Returned
CONV_SYN_00000580,CLK_SYN_00006989,AFF015,MER0071,CAMP0019,CUST004894,B09PQR345,SES00489402,2024-04-18 09:54:30,ORD_SYN_00000580,2,179.98,0.03,5.4,Delivered,Not Returned
CONV_SYN_00000929,CLK_SYN_00001144,AFF008,MER0088,CAMP0015,CUST004076,B09YZA890,SES00407602,2024-04-18 20:47:45,ORD_SYN_00000929,2,196.0,0.03,5.88,Cancelled,Not Returned
CONV_SYN_00000201,CLK_SYN_00004227,AFF012,MER0045,CAMP0005,CUST002070,B08C1W5N87,SES00207002,2024-04-19 03:35:40,ORD_SYN_00000201,2,159.9,0.03,4.8,Delivered,Not Returned
CONV_SYN_00001660,CLK_SYN_00002418,AFF009,MER0031,CAMP0023,CUST002959,B08STU345,SES00295903,2024-04-19 06:36:05,ORD_SYN_00001660,1,349.99,0.025,8.75,Delivered,Not Returned
CONV_SYN_00000494,CLK_SYN_00007258,AFF011,MER0080,CAMP0036,CUST003310,B07PQR345,SES00331001,2024-04-19 08:26:04,ORD_SYN_00000494,1,399.0,0.02,7.98,Delivered,Returned
CONV_SYN_00001192,CLK_SYN_00009680,AFF013,MER0095,CAMP0040,CUST002524,B07DEF456,SES00252403,2024-04-19 11:43:26,ORD_SYN_00001192,1,299.0,0.025,7.48,Delivered,Not Returned
CONV_SYN_00001853,CLK_SYN_00006149,AFF002,MER0093,CAMP0020,CUST003772,B07MNO678,SES00377201,2024-04-19 16:36:58,ORD_SYN_00001853,1,34.99,0.04,1.4,Delivered,Not Returned
CONV_SYN_00000317,CLK_SYN_00001091,AFF009,MER0092,CAMP0022,CUST004794,B08EFG123,SES00479403,2024-04-19 18:51:04,ORD_SYN_00000317,1,79.99,0.03,2.4,Delivered,Returned
CONV_SYN_00001689,CLK_SYN_00006583,AFF004,MER0100,CAMP0024,CUST000162,B09GHI456,SES00016201,2024-04-19 23:01:03,ORD_SYN_00001689,2,199.98,0.03,6.0,Cancelled,Not Returned
CONV_SYN_00000262,CLK_SYN_00000641,AFF013,MER0063,CAMP0022,CUST002991,B09VWX234,SES00299102,2024-04-20 03:32:10,ORD_SYN_00000262,1,599.0,0.02,11.98,Delivered,Returned
CONV_SYN_00001557,CLK_SYN_00009490,AFF013,MER0092,CAMP0015,CUST004784,B09GHI789,SES00478403,2024-04-20 04:09:58,ORD_SYN_00001557,1,49.99,0.04,2.0,Delivered,Not Returned
CONV_SYN_00000223,CLK_SYN_00008692,AFF019,MER0025,CAMP0002,CUST003021,B08STU901,SES00302103,2024-04-20 07:18:33,ORD_SYN_00000223,1,379.99,0.025,9.5,Delivered,Returned
CONV_SYN_00000032,CLK_SYN_00001158,AFF015,MER0025,CAMP0050,CUST000570,B07PQR345,SES00057002,2024-04-20 13:52:19,ORD_SYN_00000032,1,399.0,0.02,7.98,Delivered,Not Returned
CONV_SYN_00001310,CLK_SYN_00003486,AFF003,MER0031,CAMP0006,CUST000075,B09DEF123,SES00007503,2024-04-20 19:54:11,ORD_SYN_00001310,1,1199.0,0.015,17.98,Delivered,Not Returned
CONV_SYN_00000352,CLK_SYN_00002613,AFF020,MER0046,CAMP0001,CUST002284,B08STU678,SES00228402,2024-04-20 23:27:43,ORD_SYN_00000352,1,69.99,0.03,2.1,Delivered,Not Returned
CONV_SYN_00001420,CLK_SYN_00001689,AFF013,MER0079,CAMP0023,CUST001485,B08QRST678,SES00148503,2024-04-21 13:10:37,ORD_SYN_00001420,1,199.99,0.02,4.0,Delivered,Not Returned
CONV_SYN_00001193,CLK_SYN_00007667,AFF007,MER0066,CAMP0012,CUST000128,B09DEF123,SES00012801,2024-04-22 00:22:56,ORD_SYN_00001193,2,2398.0,0.015,35.97,Delivered,Returned
CONV_SYN_00001935,CLK_SYN_00004031,AFF012,MER0021,CAMP0038,CUST000409,B07MNO789,SES00040903,2024-04-22 01:00:14,ORD_SYN_00001935,1,199.95,0.03,6.0,Delivered,Not Returned
CONV_SYN_00001297,CLK_SYN_00000757,AFF002,MER0040,CAMP0007,CUST004955,B08N5WRWNW,SES00495503,2024-04-22 01:52:46,ORD_SYN_00001297,1,49.99,0.04,2.0,Cancelled,Not Returned
CONV_SYN_00001023,CLK_SYN_00009922,AFF006,MER0092,CAMP0027,CUST003973,B08ABC567,SES00397302,2024-04-22 02:24:08,ORD_SYN_00001023,2,119.98,0.03,3.6,Delivered,Returned
CONV_SYN_00001254,CLK_SYN_00008988,AFF005,MER0049,CAMP0021,CUST001462,B07DEF456,SES00146202,2024-04-22 13:50:38,ORD_SYN_00001254,2,598.0,0.025,14.95,Delivered,Returned
CONV_SYN_00000334,CLK_SYN_00003761,AFF007,MER0074,CAMP0042,CUST002360,B07VWX901,SES00236001,2024-04-22 15:58:13,ORD_SYN_00000334,1,99.99,0.025,2.5,Cancelled,Not Returned
CONV_SYN_00001116,CLK_SYN_00006805,AFF004,MER0059,CAMP0008,CUST003649,B08JKL789,SES00364902,2024-04-22 16:51:46,ORD_SYN_00001116,1,25.99,0.04,1.04,Delivered,Returned
CONV_SYN_00000058,CLK_SYN_00006420,AFF006,MER0094,CAMP0010,CUST004021,B08JKL345,SES00402103,2024-04-22 21:44:00,ORD_SYN_00000058,1,349.95,0.02,7.0,Cancelled,Not Returned
CONV_SYN_00000378,CLK_SYN_00007962,AFF020,MER0072,CAMP0011,CUST003357,B08JKL345,SES00335703,2024-04-23 00:24:31,ORD_SYN_00000378,2,699.9,0.02,14.0,Delivered,Not Returned
CONV_SYN_00001025,CLK_SYN_00001617,AFF015,MER0081,CAMP0039,CUST001360,B07MNO678,SES00136001,2024-04-23 00:56:24,ORD_SYN_00001025,1,34.99,0.04,1.4,Delivered,Not Returned
CONV_SYN_00000816,CLK_SYN_00005203,AFF011,MER0070,CAMP0041,CUST000726,B07PQR345,SES00072603,2024-04-23 16:22:43,ORD_SYN_00000816,1,399.0,0.02,7.98,Cancelled,Not Returned
CONV_SYN_00001609,CLK_SYN_00005957,AFF015,MER0048,CAMP0005,CUST003190,B08STU234,SES00319003,2024-04-23 19:32:52,ORD_SYN_00001609,1,128.0,0.03,3.84,Delivered,Returned
CONV_SYN_00001719,CLK_SYN_00006899,AFF019,MER0013,CAMP0042,CUST003818,B08EFG123,SES00381803,2024-04-24 06:13:52,ORD_SYN_00001719,1,79.99,0.03,2.4,Cancelled,Not Returned
CONV_SYN_00000595,CLK_SYN_00001617,AFF015,MER0081,CAMP0039,CUST001360,B07MNO678,SES00136001,2024-04-24 07:43:12,ORD_SYN_00000595,1,34.99,0.04,1.4,Delivered,Not Returned
CONV_SYN_00000101,CLK_SYN_00005527,AFF012,MER0088,CAMP0047,CUST003106,B07GHI789,SES00310602,2024-04-24 17:26:01,ORD_SYN_00000101,1,179.0,0.02,3.58,Delivered,Returned
CONV_SYN_00000376,CLK_SYN_00005403,AFF020,MER0064,CAMP0024,CUST001705,B08YZA567,SES00170502,2024-04-24 19:31:04,ORD_SYN_00000376,1,89.99,0.03,2.7,Delivered,Not Returned
CONV_SYN_00001533,CLK_SYN_00003393,AFF009,MER0083,CAMP0023,CUST001132,B09VWX234,SES00113201,2024-04-24 21:26:33,ORD_SYN_00001533,1,599.0,0.02,11.98,Delivered,Not Returned
CONV_SYN_00001804,CLK_SYN_00001617,AFF015,MER0081,CAMP0039,CUST001360,B07MNO678,SES00136001,2024-04-25 00:14:24,ORD_SYN_00001804,1,34.99,0.04,1.4,Delivered,Not Returned
CONV_SYN_00001198,CLK_SYN_00000911,AFF005,MER0086,CAMP0009,CUST002917,B08STU901,SES00291701,2024-04-25 08:54:56,ORD_SYN_00001198,1,379.99,0.025,9.5,Delivered,Not Returned
CONV_SYN_00000054,CLK_SYN_00003182,AFF001,MER0030,CAMP0011,CUST000545,B07MNO789,SES00054502,2024-04-25 13:27:56,ORD_SYN_00000054,1,199.95,0.03,6.0,Cancelled,Not Returned
CONV_SYN_00000242,CLK_SYN_00005728,AFF012,MER0029,CAMP0018,CUST000951,B08QRST678,SES00095101,2024-04-25 13:32:44,ORD_SYN_00000242,1,199.99,0.02,4.0,Delivered,Not Returned
CONV_SYN_00001916,CLK_SYN_00009756,AFF010,MER0072,CAMP0012,CUST003151,B07HGJKL12,SES00315101,2024-04-25 14:43:34,ORD_SYN_00001916,1,249.0,0.02,4.98,Delivered,Returned
CONV_SYN_00001591,CLK_SYN_00000222,AFF010,MER0095,CAMP0020,CUST003750,B09YZA890,SES00375001,2024-04-25 17:21:46,ORD_SYN_00001591,1,98.0,0.03,2.94,Cancelled,Not Returned
CONV_SYN_00000104,CLK_SYN_00007247,AFF003,MER0071,CAMP0016,CUST000699,B08EFG456,SES00069901,2024-04-25 18:23:25,ORD_SYN_00000104,1,39.95,0.04,1.6,Delivered,Not Returned
CONV_SYN_00001519,CLK_SYN_00008048,AFF001,MER0095,CAMP0040,CUST000965,B09GHI123,SES00096501,2024-04-26 03:37:50,ORD_SYN_00001519,1,179.99,0.025,4.5,Delivered,Not Returned
CONV_SYN_00000311,CLK_SYN_00005942,AFF007,MER0093,CAMP0037,CUST004022,B07MNO789,SES00402202,2024-04-26 04:02:33,ORD_SYN_00000311,1,199.95,0.03,6.0,Delivered,Not Returned
CONV_SYN_00001605,CLK_SYN_00003442,AFF013,MER0045,CAMP0008,CUST003764,B08ABC123,SES00376403,2024-04-26 09:48:04,ORD_SYN_00001605,1,2495.0,0.015,37.42,Cancelled,Returned
CONV_SYN_00001621,CLK_SYN_00000873,AFF007,MER0027,CAMP0006,CUST004350,B08STU345,SES00435001,2024-04-26 12:01:44,ORD_SYN_00001621,1,349.99,0.025,8.75,Cancelled,Returned
CONV_SYN_00001939,CLK_SYN_00006736,AFF014,MER0023,CAMP0019,CUST001723,B07VWX567,SES00172303,2024-04-26 21:16:06,ORD_SYN_00001939,2,198.0,0.025,4.95,Delivered,Returned
CONV_SYN_00001805,CLK_SYN_00005403,AFF020,MER0064,CAMP0024,CUST001705,B08YZA567,SES00170502,2024-04-26 21:35:16,ORD_SYN_00001805,1,89.99,0.03,2.7,Cancelled,Not Returned
CONV_SYN_00001823,CLK_SYN_00004653,AFF020,MER0067,CAMP0026,CUST000942,B08N5WRWNW,SES00094202,2024-04-27 03:11:55,ORD_SYN_00001823,1,49.99,0.04,2.0,Delivered,Not Returned
CONV_SYN_00000422,CLK_SYN_00004026,AFF008,MER0022,CAMP0039,CUST001408,B07MNO678,SES00140802,2024-04-27 05:55:29,ORD_SYN_00000422,1,34.99,0.04,1.4,Delivered,Not Returned
CONV_SYN_00001518,CLK_SYN_00008146,AFF009,MER0005,CAMP0007,CUST001640,B08BCD234,SES00164003,2024-04-27 07:12:19,ORD_SYN_00001518,1,497.99,0.02,9.96,Delivered,Not Returned
CONV_SYN_00000245,CLK_SYN_00005942,AFF007,MER0093,CAMP0037,CUST004022,B07MNO789,SES00402202,2024-04-27 12:34:21,ORD_SYN_00000245,1,199.95,0.03,6.0,Delivered,Not Returned
CONV_SYN_00001009,CLK_SYN_00008260,AFF015,MER0098,CAMP0018,CUST003315,B08STU678,SES00331501,2024-04-27 12:56:59,ORD_SYN_00001009,1,69.99,0.03,2.1,Delivered,Not Returned
CONV_SYN_00001735,CLK_SYN_00000330,AFF017,MER0019,CAMP0019,CUST003263,B08EFG456,SES00326301,2024-04-27 18:32:34,ORD_SYN_00001735,1,39.95,0.04,1.6,Delivered,Not Returned
CONV_SYN_00000575,CLK_SYN_00008924,AFF014,MER0075,CAMP0046,CUST000558,B08EFG456,SES00055803,2024-04-27 18:58:37,ORD_SYN_00000575,1,39.95,0.04,1.6,Cancelled,Returned
CONV_SYN_00000733,CLK_SYN_00008260,AFF015,MER0098,CAMP0018,CUST003315,B08STU678,SES00331501,2024-04-28 00:55:47,ORD_SYN_00000733,1,69.99,0.03,2.1,Delivered,Not Returned
CONV_SYN_00001282,CLK_SYN_00001019,AFF016,MER0081,CAMP0005,CUST003410,B09MNOP345,SES00341003,2024-04-28 01:13:33,ORD_SYN_00001282,1,79.99,0.03,2.4,Delivered,Returned
CONV_SYN_00000144,CLK_SYN_00001019,AFF016,MER0081,CAMP0005,CUST003410,B09MNOP345,SES00341003,2024-04-28 01:48:57,ORD_SYN_00000144,1,79.99,0.03,2.4,Delivered,Not Returned
CONV_SYN_00001924,CLK_SYN_00007898,AFF009,MER0019,CAMP0050,CUST002475,B08BCD234,SES00247503,2024-04-28 07:19:40,ORD_SYN_00001924,1,497.99,0.02,9.96,Delivered,Returned
CONV_SYN_00001705,CLK_SYN_00008146,AFF009,MER0005,CAMP0007,CUST001640,B08BCD234,SES00164003,2024-04-28 09:17:43,ORD_SYN_00001705,1,497.99,0.02,9.96,Cancelled,Not Returned
CONV_SYN_00001734,CLK_SYN_00008666,AFF012,MER0056,CAMP0030,CUST000974,B08C1W5N87,SES00097402,2024-04-28 19:58:32,ORD_SYN_00001734,1,79.95,0.03,2.4,Delivered,Not Returned
CONV_SYN_00001819,CLK_SYN_00004553,AFF004,MER0051,CAMP0028,CUST002247,B07VWX678,SES00224701,2024-04-29 03:49:25,ORD_SYN_00001819,2,658.0,0.02,13.16,Delivered,Returned
CONV_SYN_00000981,CLK_SYN_00008534,AFF016,MER0054,CAMP0039,CUST004233,B07BCD890,SES00423301,2024-04-29 09:18:27,ORD_SYN_00000981,1,799.99,0.02,16.0,Delivered,Not Returned
CONV_SYN_00001305,CLK_SYN_00008457,AFF015,MER0036,CAMP0004,CUST000781,B08ABC890,SES00078103,2024-04-29 10:05:09,ORD_SYN_00001305,1,249.99,0.025,6.25,Delivered,Not Returned
CONV_SYN_00001160,CLK_SYN_00001742,AFF012,MER0083,CAMP0016,CUST000844,B09GHI456,SES00084403,2024-04-29 12:35:06,ORD_SYN_00001160,1,99.99,0.03,3.0,Cancelled,Not Returned
CONV_SYN_00000139,CLK_SYN_00001914,AFF008,MER0033,CAMP0049,CUST001957,B07TUVW901,SES00195703,2024-04-30 00:06:56,ORD_SYN_00000139,1,149.95,0.025,3.75,Delivered,Not Returned
CONV_SYN_00001438,CLK_SYN_00001853,AFF005,MER0084,CAMP0044,CUST002678,B07MNO012,SES00267802,2024-04-30 01:13:34,ORD_SYN_00001438,1,99.99,0.03,3.0,Delivered,Not Returned
CONV_SYN_00000764,CLK_SYN_00005181,AFF005,MER0072,CAMP0019,CUST003146,B08ABC123,SES00314601,2024-04-30 04:32:50,ORD_SYN_00000764,1,2495.0,0.015,37.42,Cancelled,Returned
CONV_SYN_00001708,CLK_SYN_00000190,AFF019,MER0027,CAMP0044,CUST003623,B07MNO789,SES00362303,2024-04-30 06:56:27,ORD_SYN_00001708,1,199.95,0.03,6.0,Delivered,Not Returned
CONV_SYN_00001776,CLK_SYN_00009899,AFF003,MER0015,CAMP0003,CUST002308,B08EFG123,SES00230802,2024-04-30 11:52:14,ORD_SYN_00001776,1,79.99,0.03,2.4,Delivered,Not Returned
CONV_SYN_00001560,CLK_SYN_00008957,AFF014,MER0081,CAMP0036,CUST000149,B09GHI456,SES00014901,2024-04-30 12:56:11,ORD_SYN_00001560,1,99.99,0.03,3.0,Cancelled,Not Returned
CONV_SYN_00001323,CLK_SYN_00001301,AFF010,MER0029,CAMP0017,CUST003337,B09GHI456,SES00333703,2024-04-30 14:12:11,ORD_SYN_00001323,1,99.99,0.03,3.0,Delivered,Not Returned
CONV_SYN_00000481,CLK_SYN_00002696,AFF004,MER0059,CAMP0029,CUST003132,B08ABC567,SES00313202,2024-04-30 20:26:39,ORD_SYN_00000481,1,59.99,0.03,1.8,Delivered,Returned
CONV_SYN_00001931,CLK_SYN_00002967,AFF019,MER0034,CAMP0042,CUST001680,B09GHI789,SES00168003,2024-04-30 21:44:18,ORD_SYN_00001931,1,49.99,0.04,2.0,Delivered,Not Returned
CONV_SYN_00001111,CLK_SYN_00002252,AFF013,MER0082,CAMP0018,CUST000475,B08STU345,SES00047501,2024-05-01 03:45:13,ORD_SYN_00001111,1,349.99,0.025,8.75,Delivered,Returned
CONV_SYN_00001293,CLK_SYN_00004914,AFF010,MER0016,CAMP0024,CUST000189,B09YZA567,SES00018903,2024-05-01 19:10:34,ORD_SYN_00001293,3,149.97,0.03,4.5,Delivered,Not Returned
CONV_SYN_00001808,CLK_SYN_00001828,AFF019,MER0035,CAMP0028,CUST001555,B09PQR012,SES00155503,2024-05-02 02:08:12,ORD_SYN_00001808,1,399.0,0.02,7.98,Delivered,Not Returned
CONV_SYN_00000320,CLK_SYN_00005018,AFF008,MER0016,CAMP0004,CUST001305,B07MNO789,SES00130501,2024-05-02 03:20:07,ORD_SYN_00000320,1,199.95,0.03,6.0,Delivered,Not Returned
CONV_SYN_00000651,CLK_SYN_00000057,AFF003,MER0023,CAMP0022,CUST002705,B07MNO345,SES00270503,2024-05-02 04:25:33,ORD_SYN_00000651,1,59.99,0.04,2.4,Delivered,Not Returned
CONV_SYN_00001110,CLK_SYN_00007195,AFF017,MER0074,CAMP0045,CUST004440,B08EFG456,SES00444002,2024-05-02 23:44:26,ORD_SYN_00001110,2,79.9,0.04,3.2,Cancelled,Not Returned
CONV_SYN_00000416,CLK_SYN_00003077,AFF002,MER0082,CAMP0031,CUST004367,B07MNO012,SES00436702,2024-05-03 03:40:05,ORD_SYN_00000416,2,199.98,0.03,6.0,Delivered,Not Returned
CONV_SYN_00000169,CLK_SYN_00002956,AFF010,MER0058,CAMP0019,CUST001579,B08JKL456,SES00157902,2024-05-03 05:29:28,ORD_SYN_00000169,1,99.99,0.04,4.0,Delivered,Not Returned
CONV_SYN_00001507,CLK_SYN_00000976,AFF013,MER0063,CAMP0018,CUST003596,B09YZA901,SES00359603,2024-05-03 06:55:56,ORD_SYN_00001507,1,199.99,0.03,6.0,Delivered,Not Returned
CONV_SYN_00001097,CLK_SYN_00000012,AFF020,MER0029,CAMP0023,CUST004647,B08N5WRWNW,SES00464703,2024-05-03 14:39:37,ORD_SYN_00001097,3,149.97,0.04,6.0,Delivered,Not Returned
CONV_SYN_00000289,CLK_SYN_00007453,AFF010,MER0011,CAMP0024,CUST004791,B07MNO678,SES00479101,2024-05-03 18:14:42,ORD_SYN_00000289,1,34.99,0.04,1.4,Delivered,Not Returned
CONV_SYN_00000615,CLK_SYN_00000306,AFF001,MER0045,CAMP0034,CUST003123,B08YZA567,SES00312303,2024-05-04 01:32:25,ORD_SYN_00000615,2,179.98,0.03,5.4,Delivered,Not Returned
CONV_SYN_00000471,CLK_SYN_00005744,AFF014,MER0066,CAMP0033,CUST003462,B08STU234,SES00346202,2024-05-04 03:38:13,ORD_SYN_00000471,1,128.0,0.03,3.84,Delivered,Returned
CONV_SYN_00001716,CLK_SYN_00003466,AFF017,MER0073,CAMP0012,CUST002576,B09GHI123,SES00257601,2024-05-04 06:05:02,ORD_SYN_00001716,2,359.98,0.025,9.0,Delivered,Returned
CONV_SYN_00000621,CLK_SYN_00005997,AFF002,MER0035,CAMP0024,CUST000193,B07MNO789,SES00019301,2024-05-04 11:24:53,ORD_SYN_00000621,2,399.9,0.03,12.0,Delivered,Not Returned
CONV_SYN_00001628,CLK_SYN_00000070,AFF014,MER0088,CAMP0025,CUST002226,B08JKL456,SES00222602,2024-05-04 13:55:44,ORD_SYN_00001628,1,99.99,0.04,4.0,Delivered,Returned
CONV_SYN_00001512,CLK_SYN_00008293,AFF009,MER0072,CAMP0049,CUST002835,B08ABC890,SES00283503,2024-05-04 20:41:03,ORD_SYN_00001512,1,249.99,0.025,6.25,Delivered,Returned
CONV_SYN_00000713,CLK_SYN_00003466,AFF017,MER0073,CAMP0012,CUST002576,B09GHI123,SES00257601,2024-05-04 23:05:38,ORD_SYN_00000713,1,179.99,0.025,4.5,Delivered,Returned
CONV_SYN_00000020,CLK_SYN_00004207,AFF012,MER0044,CAMP0029,CUST001304,B09YZA901,SES00130402,2024-05-05 05:15:59,ORD_SYN_00000020,1,199.99,0.03,6.0,Cancelled,Not Returned
CONV_SYN_00001015,CLK_SYN_00007465,AFF003,MER0072,CAMP0043,CUST000832,B09PQR678,SES00083203,2024-05-05 08:38:43,ORD_SYN_00001015,1,399.99,0.02,8.0,Delivered,Returned
CONV_SYN_00000811,CLK_SYN_00002814,AFF011,MER0062,CAMP0039,CUST002173,B07DEF123,SES00217302,2024-05-05 14:15:33,ORD_SYN_00000811,1,99.99,0.03,3.0,Delivered,Not Returned
CONV_SYN_00000919,CLK_SYN_00001303,AFF013,MER0050,CAMP0024,CUST003425,B07GHI789,SES00342501,2024-05-05 14:58:23,ORD_SYN_00000919,1,179.0,0.02,3.58,Delivered,Not Returned
CONV_SYN_00001340,CLK_SYN_00009715,AFF003,MER0099,CAMP0046,CUST003194,B08STU234,SES00319401,2024-05-05 18:01:16,ORD_SYN_00001340,1,128.0,0.03,3.84,Delivered,Returned
CONV_SYN_00000321,CLK_SYN_00008281,AFF005,MER0089,CAMP0014,CUST002663,B08C1W5N87,SES00266301,2024-05-05 22:51:22,ORD_SYN_00000321,1,79.95,0.03,2.4,Cancelled,Not Returned
CONV_SYN_00001997,CLK_SYN_00003466,AFF017,MER0073,CAMP0012,CUST002576,B09GHI123,SES00257601,2024-05-06 02:10:26,ORD_SYN_00001997,1,179.99,0.025,4.5,Cancelled,Returned
CONV_SYN_00001020,CLK_SYN_00001094,AFF012,MER0043,CAMP0019,CUST002015,B09YZA890,SES00201503,2024-05-06 03:22:32,ORD_SYN_00001020,1,98.0,0.03,2.94,Delivered,Not Returned
CONV_SYN_00000698,CLK_SYN_00003005,AFF019,MER0002,CAMP0030,CUST001164,B08STU678,SES00116401,2024-05-06 08:32:14,ORD_SYN_00000698,1,69.99,0.03,2.1,Delivered,Returned
CONV_SYN_00001546,CLK_SYN_00009562,AFF014,MER0091,CAMP0044,CUST001497,B08JKL456,SES00149702,2024-05-06 13:39:56,ORD_SYN_00001546,3,299.97,0.04,12.0,Delivered,Returned
CONV_SYN_00001673,CLK_SYN_00004491,AFF005,MER0063,CAMP0030,CUST001251,B08JKL456,SES00125101,2024-05-06 13:56:25,ORD_SYN_00001673,1,99.99,0.04,4.0,Delivered,Not Returned
CONV_SYN_00000286,CLK_SYN_00002598,AFF001,MER0035,CAMP0020,CUST004449,B08JKL345,SES00444902,2024-05-06 16:07:32,ORD_SYN_00000286,1,349.95,0.02,7.0,Delivered,Not Returned
CONV_SYN_00000305,CLK_SYN_00001936,AFF016,MER0002,CAMP0010,CUST003809,B09GHI123,SES00380902,2024-05-06 18:07:36,ORD_SYN_00000305,1,179.99,0.025,4.5,Delivered,Not Returned
CONV_SYN_00001105,CLK_SYN_00005088,AFF003,MER0040,CAMP0048,CUST001508,B08ABC890,SES00150801,2024-05-06 18:41:28,ORD_SYN_00001105,1,249.99,0.025,6.25,Delivered,Not Returned
CONV_SYN_00000308,CLK_SYN_00007586,AFF018,MER0062,CAMP0033,CUST000345,B07MNO678,SES00034503,2024-05-06 21:28:58,ORD_SYN_00000308,2,69.98,0.04,2.8,Delivered,Returned
CONV_SYN_00000505,CLK_SYN_00000159,AFF008,MER0032,CAMP0033,CUST001950,B08STU234,SES00195003,2024-05-07 10:28:43,ORD_SYN_00000505,2,256.0,0.03,7.68,Cancelled,Not Returned
CONV_SYN_00001102,CLK_SYN_00005013,AFF003,MER0077,CAMP0038,CUST000051,B09HIJ012,SES00005103,2024-05-07 13:42:38,ORD_SYN_00001102,1,139.99,0.04,5.6,Delivered,Not Returned
CONV_SYN_00001718,CLK_SYN_00005238,AFF008,MER0047,CAMP0021,CUST003579,B07DEF123,SES00357903,2024-05-08 02:03:56,ORD_SYN_00001718,1,99.99,0.03,3.0,Delivered,Not Returned
CONV_SYN_00001724,CLK_SYN_00003952,AFF016,MER0069,CAMP0032,CUST003288,B07MNO678,SES00328801,2024-05-08 02:22:04,ORD_SYN_00001724,2,69.98,0.04,2.8,Delivered,Not Returned
CONV_SYN_00001064,CLK_SYN_00003952,AFF016,MER0069,CAMP0032,CUST003288,B07MNO678,SES00328801,2024-05-08 04:32:52,ORD_SYN_00001064,1,34.99,0.04,1.4,Cancelled,Returned
CONV_SYN_00000282,CLK_SYN_00000696,AFF013,MER0035,CAMP0001,CUST002582,B08STU901,SES00258203,2024-05-08 04:44:08,ORD_SYN_00000282,1,379.99,0.025,9.5,Delivered,Not Returned
CONV_SYN_00000617,CLK_SYN_00008221,AFF018,MER0059,CAMP0009,CUST004292,B09PQR345,SES00429203,2024-05-08 05:35:20,ORD_SYN_00000617,1,89.99,0.03,2.7,Delivered,Not Returned
CONV_SYN_00001648,CLK_SYN_00008807,AFF014,MER0074,CAMP0023,CUST004762,B07MNO789,SES00476201,2024-05-08 05:35:33,ORD_SYN_00001648,1,199.95,0.03,6.0,Delivered,Returned
CONV_SYN_00001585,CLK_SYN_00009413,AFF017,MER0006,CAMP0008,CUST000878,B07EFG567,SES00087802,2024-05-08 06:24:01,ORD_SYN_00001585,1,449.95,0.025,11.25,Cancelled,Not Returned
CONV_SYN_00001019,CLK_SYN_00002099,AFF004,MER0081,CAMP0019,CUST003960,B08STU345,SES00396002,2024-05-08 06:50:36,ORD_SYN_00001019,1,349.99,0.025,8.75,Cancelled,Not Returned
CONV_SYN_00000194,CLK_SYN_00005518,AFF015,MER0082,CAMP0034,CUST002338,B09GHI123,SES00233802,2024-05-08 16:43:35,ORD_SYN_00000194,1,179.99,0.025,4.5,Cancelled,Not Returned
CONV_SYN_00000425,CLK_SYN_00009727,AFF003,MER0051,CAMP0033,CUST003352,B09HIJ890,SES00335202,2024-05-08 21:07:00,ORD_SYN_00000425,1,299.99,0.025,7.5,Delivered,Returned
CONV_SYN_00000577,CLK_SYN_00008221,AFF018,MER0059,CAMP0009,CUST004292,B09PQR345,SES00429203,2024-05-08 21:20:20,ORD_SYN_00000577,1,89.99,0.03,2.7,Delivered,Not Returned
CONV_SYN_00000854,CLK_SYN_00007399,AFF012,MER0026,CAMP0010,CUST003161,B09VWX234,SES00316101,2024-05-08 23:24:42,ORD_SYN_00000854,1,599.0,0.02,11.98,Delivered,Not Returned
CONV_SYN_00001333,CLK_SYN_00009044,AFF018,MER0093,CAMP0019,CUST003067,B09YZA901,SES00306703,2024-05-08 23:50:23,ORD_SYN_00001333,1,199.99,0.03,6.0,Delivered,Not Returned
CONV_SYN_00000740,CLK_SYN_00008967,AFF011,MER0066,CAMP0004,CUST002553,B09YZA567,SES00255301,2024-05-09 00:39:13,ORD_SYN_00000740,1,49.99,0.03,1.5,Delivered,Not Returned
CONV_SYN_00001135,CLK_SYN_00006061,AFF006,MER0076,CAMP0013,CUST000216,B07MNO345,SES00021602,2024-05-09 03:59:56,ORD_SYN_00001135,2,119.98,0.04,4.8,Delivered,Not Returned
CONV_SYN_00000905,CLK_SYN_00005616,AFF001,MER0026,CAMP0050,CUST000059,B07TUVW901,SES00005902,2024-05-09 11:27:56,ORD_SYN_00000905,1,149.95,0.025,3.75,Delivered,Returned
CONV_SYN_00001003,CLK_SYN_00006070,AFF012,MER0021,CAMP0045,CUST000756,B09XYZ234,SES00075603,2024-05-09 14:55:05,ORD_SYN_00001003,1,348.0,0.02,6.96,Cancelled,Not Returned
CONV_SYN_00001035,CLK_SYN_00003488,AFF019,MER0099,CAMP0003,CUST000907,B08EFG123,SES00090703,2024-05-10 06:36:28,ORD_SYN_00001035,1,79.99,0.03,2.4,Delivered,Not Returned
CONV_SYN_00000912,CLK_SYN_00008067,AFF010,MER0043,CAMP0031,CUST002967,B09HIJ012,SES00296702,2024-05-10 10:48:23,ORD_SYN_00000912,2,279.98,0.04,11.2,Delivered,Not Returned
CONV_SYN_00001893,CLK_SYN_00008067,AFF010,MER0043,CAMP0031,CUST002967,B09HIJ012,SES00296702,2024-05-11 08:59:47,ORD_SYN_00001893,1,139.99,0.04,5.6,Delivered,Returned
CONV_SYN_00000038,CLK_SYN_00004490,AFF016,MER0067,CAMP0036,CUST001894,B09HIJ012,SES00189403,2024-05-11 10:43:54,ORD_SYN_00000038,2,279.98,0.04,11.2,Delivered,Not Returned
CONV_SYN_00001372,CLK_SYN_00006910,AFF011,MER0060,CAMP0041,CUST003102,B09PQR901,SES00310202,2024-05-11 11:46:16,ORD_SYN_00001372,1,349.99,0.02,7.0,Delivered,Not Returned
CONV_SYN_00000175,CLK_SYN_00008020,AFF002,MER0085,CAMP0019,CUST004050,B09YZA234,SES00405001,2024-05-11 17:57:20,ORD_SYN_00000175,1,199.99,0.02,4.0,Delivered,Not Returned
CONV_SYN_00001691,CLK_SYN_00004984,AFF002,MER0068,CAMP0004,CUST000041,B09DEF123,SES00004103,2024-05-11 21:29:38,ORD_SYN_00001691,1,1199.0,0.015,17.98,Cancelled,Returned
CONV_SYN_00001827,CLK_SYN_00003406,AFF015,MER0018,CAMP0043,CUST003316,B08JKL012,SES00331601,2024-05-12 06:44:44,ORD_SYN_00001827,2,438.0,0.02,8.76,Cancelled,Not Returned
CONV_SYN_00000099,CLK_SYN_00006782,AFF018,MER0036,CAMP0039,CUST000228,B07EFG567,SES00022802,2024-05-12 10:04:52,ORD_SYN_00000099,1,449.95,0.025,11.25,Cancelled,Not Returned
CONV_SYN_00000828,CLK_SYN_00001074,AFF011,MER0035,CAMP0043,CUST001908,B07EFG567,SES00190802,2024-05-12 11:44:57,ORD_SYN_00000828,1,449.95,0.025,11.25,Delivered,Not Returned
CONV_SYN_00001883,CLK_SYN_00006560,AFF019,MER0082,CAMP0022,CUST004993,B08JKL345,SES00499301,2024-05-12 11:47:21,ORD_SYN_00001883,2,699.9,0.02,14.0,Delivered,Not Returned
CONV_SYN_00001246,CLK_SYN_00008887,AFF012,MER0046,CAMP0043,CUST002692,B08JKL345,SES00269203,2024-05-12 12:21:55,ORD_SYN_00001246,1,349.95,0.02,7.0,Delivered,Not Returned
CONV_SYN_00000618,CLK_SYN_00002050,AFF016,MER0019,CAMP0047,CUST000081,B08JKL012,SES00008101,2024-05-12 19:58:29,ORD_SYN_00000618,1,219.0,0.02,4.38,Delivered,Not Returned
CONV_SYN_00001739,CLK_SYN_00003772,AFF004,MER0075,CAMP0047,CUST003671,B08BCD234,SES00367101,2024-05-13 01:04:11,ORD_SYN_00001739,1,497.99,0.02,9.96,Delivered,Returned
CONV_SYN_00001300,CLK_SYN_00006782,AFF018,MER0036,CAMP0039,CUST000228,B07EFG567,SES00022802,2024-05-13 01:58:52,ORD_SYN_00001300,1,449.95,0.025,11.25,Delivered,Not Returned
CONV_SYN_00001048,CLK_SYN_00007867,AFF007,MER0021,CAMP0026,CUST004552,B07VWX901,SES00455202,2024-05-13 06:25:32,ORD_SYN_00001048,1,99.99,0.025,2.5,Delivered,Not Returned
CONV_SYN_00001531,CLK_SYN_00009237,AFF005,MER0096,CAMP0048,CUST003550,B07PQR345,SES00355003,2024-05-13 07:30:07,ORD_SYN_00001531,1,399.0,0.02,7.98,Delivered,Not Returned
CONV_SYN_00001979,CLK_SYN_00006560,AFF019,MER0082,CAMP0022,CUST004993,B08JKL345,SES00499301,2024-05-13 10:28:45,ORD_SYN_00001979,1,349.95,0.02,7.0,Cancelled,Not Returned
CONV_SYN_00001055,CLK_SYN_00001179,AFF013,MER0054,CAMP0019,CUST000229,B07GHI789,SES00022901,2024-05-13 11:23:05,ORD_SYN_00001055,3,537.0,0.02,10.74,Delivered,Returned
CONV_SYN_00001539,CLK_SYN_00006560,AFF019,MER0082,CAMP0022,CUST004993,B08JKL345,SES00499301,2024-05-13 15:44:21,ORD_SYN_00001539,1,349.95,0.02,7.0,Delivered,Not Returned
CONV_SYN_00001646,CLK_SYN_00000545,AFF013,MER0013,CAMP0038,CUST002242,B07VWX901,SES00224202,2024-05-13 18:44:44,ORD_SYN_00001646,1,99.99,0.025,2.5,Delivered,Not Returned
CONV_SYN_00000743,CLK_SYN_00008438,AFF019,MER0087,CAMP0001,CUST004535,B08ABC567,SES00453503,2024-05-13 21:27:47,ORD_SYN_00000743,2,119.98,0.03,3.6,Cancelled,Not Returned
CONV_SYN_00000148,CLK_SYN_00001652,AFF013,MER0069,CAMP0005,CUST002365,B09GHI123,SES00236501,2024-05-13 23:13:46,ORD_SYN_00000148,1,179.99,0.025,4.5,Delivered,Not Returned
CONV_SYN_00000606,CLK_SYN_00001652,AFF013,MER0069,CAMP0005,CUST002365,B09GHI123,SES00236501,2024-05-14 09:59:58,ORD_SYN_00000606,2,359.98,0.025,9.0,Cancelled,Returned
CONV_SYN_00001115,CLK_SYN_00003681,AFF014,MER0086,CAMP0048,CUST002537,B08STU234,SES00253703,2024-05-14 13:02:07,ORD_SYN_00001115,1,128.0,0.03,3.84,Cancelled,Not Returned
CONV_SYN_00001142,CLK_SYN_00009430,AFF001,MER0015,CAMP0010,CUST000909,B07VWX678,SES00090901,2024-05-14 15:03:25,ORD_SYN_00001142,1,329.0,0.02,6.58,Delivered,Returned
CONV_SYN_00001550,CLK_SYN_00002330,AFF013,MER0089,CAMP0030,CUST001442,B08C1W5N87,SES00144203,2024-05-14 18:43:36,ORD_SYN_00001550,1,79.95,0.03,2.4,Cancelled,Returned
CONV_SYN_00000685,CLK_SYN_00003869,AFF005,MER0047,CAMP0018,CUST004178,B08STU901,SES00417803,2024-05-14 19:09:19,ORD_SYN_00000685,1,379.99,0.025,9.5,Delivered,Not Returned
CONV_SYN_00001257,CLK_SYN_00000043,AFF007,MER0069,CAMP0011,CUST001726,B08JKL789,SES00172603,2024-05-15 04:51:57,ORD_SYN_00001257,1,25.99,0.04,1.04,Delivered,Not Returned
CONV_SYN_00001196,CLK_SYN_00005285,AFF014,MER0001,CAMP0022,CUST004769,B09HIJ012,SES00476903,2024-05-15 13:53:26,ORD_SYN_00001196,1,139.99,0.04,5.6,Delivered,Not Returned
CONV_SYN_00001799,CLK_SYN_00001857,AFF008,MER0007,CAMP0039,CUST002388,B08STU901,SES00238801,2024-05-15 14:04:09,ORD_SYN_00001799,1,379.99,0.025,9.5,Cancelled,Not Returned
CONV_SYN_00000414,CLK_SYN_00007605,AFF014,MER0052,CAMP0032,CUST000748,B08STU901,SES00074802,2024-05-15 21:03:36,ORD_SYN_00000414,1,379.99,0.025,9.5,Cancelled,Not Returned
CONV_SYN_00001840,CLK_SYN_00009729,AFF016,MER0068,CAMP0025,CUST003518,B09MNOP345,SES00351803,2024-05-15 22:22:12,ORD_SYN_00001840,1,79.99,0.03,2.4,Delivered,Returned
CONV_SYN_00001896,CLK_SYN_00006472,AFF019,MER0051,CAMP0045,CUST001056,B08STU234,SES00105602,2024-05-16 01:00:10,ORD_SYN_00001896,1,128.0,0.03,3.84,Delivered,Not Returned
CONV_SYN_00001929,CLK_SYN_00000883,AFF001,MER0068,CAMP0044,CUST001082,B07MNO012,SES00108202,2024-05-16 01:10:13,ORD_SYN_00001929,1,99.99,0.03,3.0,Cancelled,Not Returned
CONV_SYN_00000634,CLK_SYN_00001857,AFF008,MER0007,CAMP0039,CUST002388,B08STU901,SES00238801,2024-05-16 01:13:09,ORD_SYN_00000634,2,759.98,0.025,19.0,Cancelled,Not Returned
CONV_SYN_00000534,CLK_SYN_00003869,AFF005,MER0047,CAMP0018,CUST004178,B08STU901,SES00417803,2024-05-16 02:52:31,ORD_SYN_00000534,1,379.99,0.025,9.5,Delivered,Not Returned
CONV_SYN_00000789,CLK_SYN_00000494,AFF007,MER0037,CAMP0022,CUST004687,B07VWX567,SES00468701,2024-05-16 04:42:31,ORD_SYN_00000789,1,99.0,0.025,2.48,Cancelled,Not Returned
CONV_SYN_00001067,CLK_SYN_00002717,AFF016,MER0057,CAMP0017,CUST002469,B07VWX901,SES00246903,2024-05-16 06:01:23,ORD_SYN_00001067,1,99.99,0.025,2.5,Cancelled,Not Returned
CONV_SYN_00001457,CLK_SYN_00000377,AFF014,MER0062,CAMP0010,CUST000487,B08STU345,SES00048703,2024-05-16 09:43:02,ORD_SYN_00001457,1,349.99,0.025,8.75,Delivered,Not Returned
CONV_SYN_00000179,CLK_SYN_00001319,AFF019,MER0019,CAMP0012,CUST000012,B08ABC123,SES00001203,2024-05-16 10:23:22,ORD_SYN_00000179,1,2495.0,0.015,37.42,Delivered,Not Returned
CONV_SYN_00000982,CLK_SYN_00001857,AFF008,MER0007,CAMP0039,CUST002388,B08STU901,SES00238801,2024-05-16 13:31:45,ORD_SYN_00000982,1,379.99,0.025,9.5,Delivered,Returned
CONV_SYN_00000951,CLK_SYN_00003032,AFF019,MER0055,CAMP0015,CUST002128,B07PQR345,SES00212801,2024-05-16 17:22:31,ORD_SYN_00000951,1,399.0,0.02,7.98,Delivered,Returned
CONV_SYN_00001976,CLK_SYN_00005355,AFF004,MER0051,CAMP0036,CUST003210,B08STU234,SES00321001,2024-05-16 19:17:56,ORD_SYN_00001976,1,128.0,0.03,3.84,Delivered,Not Returned
CONV_SYN_00001687,CLK_SYN_00007454,AFF014,MER0007,CAMP0036,CUST000489,B07EFG567,SES00048903,2024-05-16 19:21:19,ORD_SYN_00001687,1,449.95,0.025,11.25,Cancelled,Returned
CONV_SYN_00000985,CLK_SYN_00000722,AFF018,MER0047,CAMP0006,CUST002841,B08JKL456,SES00284103,2024-05-16 19:22:03,ORD_SYN_00000985,1,99.99,0.04,4.0,Delivered,Not Returned
CONV_SYN_00001545,CLK_SYN_00007374,AFF006,MER0060,CAMP0012,CUST001315,B08JKL789,SES00131501,2024-05-16 21:36:36,ORD_SYN_00001545,1,25.99,0.04,1.04,Delivered,Not Returned
CONV_SYN_00000589,CLK_SYN_00000357,AFF006,MER0068,CAMP0041,CUST004269,B08QRST678,SES00426902,2024-05-16 22:21:14,ORD_SYN_00000589,1,199.99,0.02,4.0,Delivered,Returned
CONV_SYN_00001655,CLK_SYN_00009685,AFF020,MER0027,CAMP0018,CUST001864,B07VWX567,SES00186401,2024-05-17 02:04:24,ORD_SYN_00001655,2,198.0,0.025,4.95,Delivered,Not Returned
CONV_SYN_00001134,CLK_SYN_00001993,AFF001,MER0089,CAMP0022,CUST003049,B08N5WRWNW,SES00304902,2024-05-17 03:20:55,ORD_SYN_00001134,1,49.99,0.04,2.0,Delivered,Not Returned
CONV_SYN_00000170,CLK_SYN_00005819,AFF018,MER0088,CAMP0019,CUST000875,B09GHI456,SES00087502,2024-05-17 07:36:12,ORD_SYN_00000170,1,99.99,0.03,3.0,Delivered,Not Returned
CONV_SYN_00001446,CLK_SYN_00004800,AFF014,MER0080,CAMP0027,CUST001018,B09GHI123,SES00101801,2024-05-17 13:42:07,ORD_SYN_00001446,2,359.98,0.025,9.0,Delivered,Returned
CONV_SYN_00001833,CLK_SYN_00008573,AFF002,MER0027,CAMP0010,CUST004595,B08STU901,SES00459501,2024-05-17 14:16:36,ORD_SYN_00001833,1,379.99,0.025,9.5,Delivered,Not Returned
CONV_SYN_00000164,CLK_SYN_00003461,AFF001,MER0078,CAMP0038,CUST000912,B08C1W5N87,SES00091201,2024-05-17 14:19:55,ORD_SYN_00000164,1,79.95,0.03,2.4,Delivered,Not Returned
CONV_SYN_00000506,CLK_SYN_00002060,AFF014,MER0068,CAMP0032,CUST001786,B09GHI123,SES00178602,2024-05-17 23:24:10,ORD_SYN_00000506,1,179.99,0.025,4.5,Delivered,Not Returned
CONV_SYN_00000855,CLK_SYN_00009310,AFF012,MER0055,CAMP0027,CUST004468,B08STU345,SES00446802,2024-05-18 00:44:31,ORD_SYN_00000855,1,349.99,0.025,8.75,Delivered,Not Returned
CONV_SYN_00000640,CLK_SYN_00001449,AFF006,MER0028,CAMP0023,CUST004509,B07DEF456,SES00450901,2024-05-18 01:29:15,ORD_SYN_00000640,1,299.0,0.025,7.48,Delivered,Returned
CONV_SYN_00001342,CLK_SYN_00009130,AFF012,MER0038,CAMP0004,CUST003543,B09DEF123,SES00354302,2024-05-18 03:10:37,ORD_SYN_00001342,1,1199.0,0.015,17.98,Delivered,Not Returned
CONV_SYN_00000366,CLK_SYN_00008915,AFF004,MER0037,CAMP0015,CUST001081,B07VWX678,SES00108102,2024-05-18 10:35:48,ORD_SYN_00000366,1,329.0,0.02,6.58,Cancelled,Returned
CONV_SYN_00000889,CLK_SYN_00003747,AFF010,MER0034,CAMP0047,CUST003599,B08STU901,SES00359902,2024-05-18 11:39:52,ORD_SYN_00000889,1,379.99,0.025,9.5,Cancelled,Not Returned
CONV_SYN_00001016,CLK_SYN_00009363,AFF016,MER0049,CAMP0019,CUST003467,B08ABC567,SES00346702,2024-05-19 09:34:07,ORD_SYN_00001016,1,59.99,0.03,1.8,Delivered,Not Returned
CONV_SYN_00001521,CLK_SYN_00008631,AFF012,MER0044,CAMP0043,CUST004313,B08STU678,SES00431302,2024-05-19 12:01:29,ORD_SYN_00001521,1,69.99,0.03,2.1,Cancelled,Not Returned
CONV_SYN_00001588,CLK_SYN_00005025,AFF007,MER0032,CAMP0035,CUST000384,B09YZA234,SES00038403,2024-05-19 16:03:29,ORD_SYN_00001588,1,199.99,0.02,4.0,Cancelled,Not Returned
CONV_SYN_00001707,CLK_SYN_00001655,AFF017,MER0038,CAMP0033,CUST000857,B07FZ8S74R,SES00085703,2024-05-20 11:04:21,ORD_SYN_00001707,2,79.98,0.04,3.2,Delivered,Not Returned
CONV_SYN_00001379,CLK_SYN_00001048,AFF003,MER0088,CAMP0018,CUST004229,B08BCD234,SES00422903,2024-05-20 16:29:29,ORD_SYN_00001379,1,497.99,0.02,9.96,Delivered,Returned
CONV_SYN_00000846,CLK_SYN_00001822,AFF020,MER0024,CAMP0028,CUST003741,B08STU678,SES00374102,2024-05-20 16:42:39,ORD_SYN_00000846,1,69.99,0.03,2.1,Delivered,Not Returned
CONV_SYN_00000750,CLK_SYN_00005813,AFF014,MER0078,CAMP0047,CUST002227,B09HIJ012,SES00222702,2024-05-20 16:58:11,ORD_SYN_00000750,1,139.99,0.04,5.6,Cancelled,Not Returned
CONV_SYN_00001574,CLK_SYN_00003558,AFF005,MER0027,CAMP0018,CUST003158,B09GHI789,SES00315802,2024-05-21 05:45:38,ORD_SYN_00001574,1,49.99,0.04,2.0,Cancelled,Not Returned
CONV_SYN_00001818,CLK_SYN_00002724,AFF001,MER0009,CAMP0007,CUST002139,B07BCD890,SES00213903,2024-05-21 09:55:41,ORD_SYN_00001818,1,799.99,0.02,16.0,Delivered,Not Returned
CONV_SYN_00001327,CLK_SYN_00004941,AFF004,MER0067,CAMP0010,CUST002415,B09GHI456,SES00241501,2024-05-22 00:24:35,ORD_SYN_00001327,1,99.99,0.03,3.0,Delivered,Not Returned
CONV_SYN_00000330,CLK_SYN_00003629,AFF016,MER0071,CAMP0005,CUST004704,B07GHI789,SES00470402,2024-05-22 01:31:46,ORD_SYN_00000330,1,179.0,0.02,3.58,Delivered,Not Returned
CONV_SYN_00000374,CLK_SYN_00002554,AFF001,MER0063,CAMP0036,CUST000358,B08STU901,SES00035803,2024-05-22 02:24:13,ORD_SYN_00000374,1,379.99,0.025,9.5,Delivered,Not Returned
CONV_SYN_00000039,CLK_SYN_00007322,AFF013,MER0077,CAMP0007,CUST000663,B09DEF123,SES00066302,2024-05-22 04:52:59,ORD_SYN_00000039,1,1199.0,0.015,17.98,Delivered,Not Returned
CONV_SYN_00000060,CLK_SYN_00007576,AFF015,MER0022,CAMP0010,CUST003870,B08STU901,SES00387001,2024-05-22 11:16:59,ORD_SYN_00000060,1,379.99,0.025,9.5,Delivered,Returned
CONV_SYN_00000113,CLK_SYN_00005720,AFF004,MER0055,CAMP0037,CUST003541,B09GHI123,SES00354101,2024-05-22 15:11:53,ORD_SYN_00000113,2,359.98,0.025,9.0,Cancelled,Returned
CONV_SYN_00001206,CLK_SYN_00000612,AFF005,MER0079,CAMP0037,CUST002588,B09PQR012,SES00258802,2024-05-22 17:05:57,ORD_SYN_00001206,1,399.0,0.02,7.98,Delivered,Not Returned
CONV_SYN_00001006,CLK_SYN_00008417,AFF020,MER0012,CAMP0035,CUST004519,B08JKL345,SES00451902,2024-05-23 03:37:17,ORD_SYN_00001006,1,349.95,0.02,7.0,Delivered,Not Returned
CONV_SYN_00000668,CLK_SYN_00000754,AFF018,MER0043,CAMP0045,CUST002452,B08YZA567,SES00245202,2024-05-23 13:37:33,ORD_SYN_00000668,1,89.99,0.03,2.7,Delivered,Not Returned
CONV_SYN_00001626,CLK_SYN_00006355,AFF003,MER0059,CAMP0003,CUST002985,B07BCD890,SES00298503,2024-05-23 14:20:46,ORD_SYN_00001626,1,799.99,0.02,16.0,Cancelled,Not Returned
CONV_SYN_00001993,CLK_SYN_00007540,AFF016,MER0053,CAMP0002,CUST000852,B09PQR012,SES00085203,2024-05-23 15:18:37,ORD_SYN_00001993,1,399.0,0.02,7.98,Delivered,Not Returned
CONV_SYN_00001432,CLK_SYN_00001339,AFF012,MER0017,CAMP0013,CUST004090,B08JKL456,SES00409003,2024-05-23 18:47:16,ORD_SYN_00001432,1,99.99,0.04,4.0,Cancelled,Not Returned
CONV_SYN_00000465,CLK_SYN_00005669,AFF007,MER0081,CAMP0040,CUST002780,B09PQR901,SES00278001,2024-05-24 06:42:03,ORD_SYN_00000465,3,1049.97,0.02,21.0,Delivered,Not Returned
CONV_SYN_00001750,CLK_SYN_00009058,AFF012,MER0004,CAMP0050,CUST000002,B08STU234,SES00000203,2024-05-24 11:30:37,ORD_SYN_00001750,1,128.0,0.03,3.84,Cancelled,Not Returned
CONV_SYN_00000774,CLK_SYN_00004378,AFF017,MER0011,CAMP0024,CUST004116,B07MNO345,SES00411603,2024-05-24 18:18:01,ORD_SYN_00000774,1,59.99,0.04,2.4,Delivered,Not Returned
CONV_SYN_00000056,CLK_SYN_00002526,AFF008,MER0003,CAMP0024,CUST001495,B07BCD890,SES00149501,2024-05-25 21:55:23,ORD_SYN_00000056,1,799.99,0.02,16.0,Cancelled,Not Returned
CONV_SYN_00000480,CLK_SYN_00009129,AFF003,MER0082,CAMP0007,CUST001600,B07VWX901,SES00160002,2024-05-26 07:06:52,ORD_SYN_00000480,1,99.99,0.025,2.5,Delivered,Returned
CONV_SYN_00001459,CLK_SYN_00003247,AFF011,MER0008,CAMP0014,CUST000464,B08STU234,SES00046403,2024-05-26 07:47:58,ORD_SYN_00001459,1,128.0,0.03,3.84,Delivered,Not Returned
CONV_SYN_00001273,CLK_SYN_00004684,AFF010,MER0041,CAMP0012,CUST004312,B07BCD890,SES00431201,2024-05-26 09:53:31,ORD_SYN_00001273,1,799.99,0.02,16.0,Delivered,Returned
CONV_SYN_00000672,CLK_SYN_00001083,AFF018,MER0073,CAMP0039,CUST002656,B08QRST678,SES00265602,2024-05-26 15:20:10,ORD_SYN_00000672,1,199.99,0.02,4.0,Delivered,Returned
CONV_SYN_00000273,CLK_SYN_00009794,AFF018,MER0057,CAMP0042,CUST000990,B08STU678,SES00099002,2024-05-26 17:41:27,ORD_SYN_00000273,1,69.99,0.03,2.1,Delivered,Not Returned
CONV_SYN_00000952,CLK_SYN_00008927,AFF019,MER0039,CAMP0001,CUST000385,B07DEF123,SES00038502,2024-05-26 22:54:26,ORD_SYN_00000952,1,99.99,0.03,3.0,Delivered,Not Returned
CONV_SYN_00000332,CLK_SYN_00009530,AFF007,MER0052,CAMP0006,CUST000653,B08QRST678,SES00065301,2024-05-27 03:05:29,ORD_SYN_00000332,1,199.99,0.02,4.0,Delivered,Returned
CONV_SYN_00000458,CLK_SYN_00001083,AFF018,MER0073,CAMP0039,CUST002656,B08QRST678,SES00265602,2024-05-27 13:08:46,ORD_SYN_00000458,1,199.99,0.02,4.0,Delivered,Not Returned
CONV_SYN_00001415,CLK_SYN_00007002,AFF011,MER0036,CAMP0036,CUST000286,B09PQR012,SES00028603,2024-05-27 17:55:24,ORD_SYN_00001415,1,399.0,0.02,7.98,Cancelled,Not Returned
CONV_SYN_00001163,CLK_SYN_00006879,AFF016,MER0019,CAMP0021,CUST000617,B09DEF123,SES00061703,2024-05-28 10:23:15,ORD_SYN_00001163,1,1199.0,0.015,17.98,Cancelled,Not Returned
CONV_SYN_00001422,CLK_SYN_00007622,AFF004,MER0016,CAMP0002,CUST002599,B08QRST678,SES00259901,2024-05-28 21:58:35,ORD_SYN_00001422,1,199.99,0.02,4.0,Delivered,Returned
CONV_SYN_00000949,CLK_SYN_00006879,AFF016,MER0019,CAMP0021,CUST000617,B09DEF123,SES00061703,2024-05-29 04:04:39,ORD_SYN_00000949,1,1199.0,0.015,17.98,Delivered,Not Returned
CONV_SYN_00001027,CLK_SYN_00009471,AFF004,MER0087,CAMP0047,CUST003894,B07TUVW901,SES00389401,2024-05-29 16:35:08,ORD_SYN_00001027,1,149.95,0.025,3.75,Cancelled,Not Returned
CONV_SYN_00000469,CLK_SYN_00008733,AFF013,MER0037,CAMP0030,CUST002600,B08ABC123,SES00260001,2024-05-29 19:06:07,ORD_SYN_00000469,1,2495.0,0.015,37.42,Delivered,Not Returned
CONV_SYN_00000417,CLK_SYN_00004588,AFF004,MER0080,CAMP0037,CUST004841,B09MNOP345,SES00484103,2024-05-29 19:55:24,ORD_SYN_00000417,1,79.99,0.03,2.4,Cancelled,Not Returned
CONV_SYN_00001252,CLK_SYN_00007766,AFF011,MER0040,CAMP0018,CUST004962,B07BCD890,SES00496201,2024-05-29 19:56:19,ORD_SYN_00001252,1,799.99,0.02,16.0,Cancelled,Not Returned
CONV_SYN_00001809,CLK_SYN_00006879,AFF016,MER0019,CAMP0021,CUST000617,B09DEF123,SES00061703,2024-05-29 22:34:03,ORD_SYN_00001809,1,1199.0,0.015,17.98,Delivered,Not Returned
CONV_SYN_00001524,CLK_SYN_00000692,AFF009,MER0024,CAMP0034,CUST001893,B07DEF890,SES00189303,2024-05-29 23:56:09,ORD_SYN_00001524,1,25.99,0.04,1.04,Delivered,Returned
CONV_SYN_00001259,CLK_SYN_00008733,AFF013,MER0037,CAMP0030,CUST002600,B08ABC123,SES00260001,2024-05-30 03:43:55,ORD_SYN_00001259,2,4990.0,0.015,74.85,Delivered,Not Returned
CONV_SYN_00001642,CLK_SYN_00001335,AFF001,MER0035,CAMP0030,CUST001851,B08STU345,SES00185103,2024-05-30 05:10:55,ORD_SYN_00001642,1,349.99,0.025,8.75,Cancelled,Returned
CONV_SYN_00000234,CLK_SYN_00008027,AFF017,MER0004,CAMP0011,CUST000500,B08ABC123,SES00050003,2024-05-30 07:46:50,ORD_SYN_00000234,1,2495.0,0.015,37.42,Delivered,Not Returned
CONV_SYN_00001204,CLK_SYN_00003513,AFF004,MER0051,CAMP0035,CUST003620,B07FZ8S74R,SES00362001,2024-05-30 13:33:04,ORD_SYN_00001204,1,39.99,0.04,1.6,Delivered,Not Returned
CONV_SYN_00000497,CLK_SYN_00003209,AFF010,MER0031,CAMP0036,CUST001713,B08EFG456,SES00171303,2024-05-30 22:15:25,ORD_SYN_00000497,1,39.95,0.04,1.6,Delivered,Not Returned
CONV_SYN_00001013,CLK_SYN_00006592,AFF005,MER0006,CAMP0026,CUST001887,B08STU345,SES00188703,2024-05-31 11:24:19,ORD_SYN_00001013,1,349.99,0.025,8.75,Delivered,Not Returned
CONV_SYN_00000667,CLK_SYN_00006820,AFF012,MER0076,CAMP0049,CUST004694,B09YZA567,SES00469402,2024-05-31 12:54:52,ORD_SYN_00000667,1,49.99,0.03,1.5,Delivered,Not Returned
CONV_SYN_00001876,CLK_SYN_00006592,AFF005,MER0006,CAMP0026,CUST001887,B08STU345,SES00188703,2024-05-31 22:17:43,ORD_SYN_00001876,2,699.98,0.025,17.5,Delivered,Not Returned
CONV_SYN_00001826,CLK_SYN_00005427,AFF004,MER0042,CAMP0012,CUST000905,B08ABC567,SES00090501,2024-06-01 00:49:03,ORD_SYN_00001826,2,119.98,0.03,3.6,Delivered,Not Returned
CONV_SYN_00000745,CLK_SYN_00009034,AFF015,MER0030,CAMP0002,CUST003423,B08EFG456,SES00342303,2024-06-01 01:21:47,ORD_SYN_00000745,2,79.9,0.04,3.2,Delivered,Not Returned
CONV_SYN_00000788,CLK_SYN_00000470,AFF016,MER0099,CAMP0033,CUST000549,B07MNO678,SES00054901,2024-06-01 04:59:46,ORD_SYN_00000788,1,34.99,0.04,1.4,Delivered,Not Returned
CONV_SYN_00001214,CLK_SYN_00008670,AFF020,MER0022,CAMP0011,CUST001482,B09HIJ012,SES00148203,2024-06-01 06:25:18,ORD_SYN_00001214,1,139.99,0.04,5.6,Delivered,Not Returned
CONV_SYN_00000386,CLK_SYN_00007599,AFF004,MER0096,CAMP0014,CUST002220,B08STU345,SES00222002,2024-06-01 07:56:27,ORD_SYN_00000386,1,349.99,0.025,8.75,Delivered,Not Returned
CONV_SYN_00001526,CLK_SYN_00001587,AFF007,MER0097,CAMP0030,CUST004016,B08N5WRWNW,SES00401603,2024-06-01 16:25:57,ORD_SYN_00001526,1,49.99,0.04,2.0,Delivered,Returned
CONV_SYN_00001247,CLK_SYN_00004221,AFF003,MER0002,CAMP0037,CUST002690,B09GHI123,SES00269003,2024-06-02 00:27:53,ORD_SYN_00001247,3,539.97,0.025,13.5,Delivered,Returned
CONV_SYN_00001413,CLK_SYN_00003588,AFF016,MER0054,CAMP0039,CUST003385,B07VWX567,SES00338503,2024-06-02 00:57:27,ORD_SYN_00001413,1,99.0,0.025,2.48,Cancelled,Not Returned
CONV_SYN_00000365,CLK_SYN_00006592,AFF005,MER0006,CAMP0026,CUST001887,B08STU345,SES00188703,2024-06-02 03:22:31,ORD_SYN_00000365,1,349.99,0.025,8.75,Delivered,Not Returned
CONV_SYN_00001575,CLK_SYN_00000881,AFF008,MER0067,CAMP0020,CUST000716,B08ABC567,SES00071601,2024-06-02 08:00:53,ORD_SYN_00001575,2,119.98,0.03,3.6,Cancelled,Not Returned
CONV_SYN_00000610,CLK_SYN_00008096,AFF005,MER0034,CAMP0045,CUST004755,B09PQR012,SES00475501,2024-06-02 17:47:44,ORD_SYN_00000610,1,399.0,0.02,7.98,Cancelled,Not Returned
CONV_SYN_00000256,CLK_SYN_00002331,AFF006,MER0032,CAMP0018,CUST003774,B09YZA890,SES00377403,2024-06-02 18:07:50,ORD_SYN_00000256,1,98.0,0.03,2.94,Delivered,Not Returned
CONV_SYN_00001584,CLK_SYN_00004221,AFF003,MER0002,CAMP0037,CUST002690,B09GHI123,SES00269003,2024-06-02 18:50:05,ORD_SYN_00001584,1,179.99,0.025,4.5,Delivered,Not Returned
CONV_SYN_00000520,CLK_SYN_00005800,AFF019,MER0051,CAMP0006,CUST001179,B07PQR345,SES00117901,2024-06-02 21:07:02,ORD_SYN_00000520,1,399.0,0.02,7.98,Delivered,Not Returned
CONV_SYN_00001037,CLK_SYN_00002132,AFF005,MER0058,CAMP0039,CUST004748,B07VWX567,SES00474802,2024-06-02 22:55:11,ORD_SYN_00001037,1,99.0,0.025,2.48,Delivered,Not Returned
CONV_SYN_00001995,CLK_SYN_00000467,AFF010,MER0088,CAMP0021,CUST002449,B08STU345,SES00244901,2024-06-02 23:19:24,ORD_SYN_00001995,1,349.99,0.025,8.75,Cancelled,Not Returned
CONV_SYN_00000582,CLK_SYN_00002934,AFF015,MER0020,CAMP0041,CUST004335,B07DEF890,SES00433501,2024-06-03 00:59:26,ORD_SYN_00000582,1,25.99,0.04,1.04,Delivered,Not Returned
CONV_SYN_00000836,CLK_SYN_00000897,AFF011,MER0062,CAMP0018,CUST000716,B09JKL789,SES00071603,2024-06-03 02:06:52,ORD_SYN_00000836,1,699.95,0.025,17.5,Delivered,Returned
CONV_SYN_00001287,CLK_SYN_00009941,AFF019,MER0058,CAMP0049,CUST001380,B09HIJ890,SES00138001,2024-06-03 04:29:43,ORD_SYN_00001287,1,299.99,0.025,7.5,Cancelled,Not Returned
CONV_SYN_00000687,CLK_SYN_00006952,AFF011,MER0059,CAMP0023,CUST004634,B07DEF890,SES00463403,2024-06-03 09:09:40,ORD_SYN_00000687,1,25.99,0.04,1.04,Delivered,Not Returned
CONV_SYN_00000933,CLK_SYN_00009154,AFF009,MER0005,CAMP0029,CUST004587,B08YZA567,SES00458702,2024-06-03 10:30:30,ORD_SYN_00000933,1,89.99,0.03,2.7,Delivered,Returned
CONV_SYN_00000886,CLK_SYN_00005680,AFF013,MER0064,CAMP0002,CUST001568,B07MNO345,SES00156801,2024-06-03 11:23:48,ORD_SYN_00000886,1,59.99,0.04,2.4,Delivered,Not Returned
CONV_SYN_00001138,CLK_SYN_00008728,AFF004,MER0027,CAMP0020,CUST004160,B08STU901,SES00416002,2024-06-03 13:56:35,ORD_SYN_00001138,1,379.99,0.025,9.5,Delivered,Returned
CONV_SYN_00001243,CLK_SYN_00002749,AFF014,MER0090,CAMP0028,CUST002812,B09PQR901,SES00281202,2024-06-03 21:58:39,ORD_SYN_00001243,1,349.99,0.02,7.0,Delivered,Returned
CONV_SYN_00001197,CLK_SYN_00009150,AFF016,MER0026,CAMP0034,CUST002641,B09YZA567,SES00264101,2024-06-03 23:20:32,ORD_SYN_00001197,2,99.98,0.03,3.0,Cancelled,Not Returned
CONV_SYN_00001066,CLK_SYN_00002670,AFF014,MER0006,CAMP0040,CUST000285,B07DEF890,SES00028502,2024-06-04 04:21:47,ORD_SYN_00001066,1,25.99,0.04,1.04,Delivered,Not Returned
CONV_SYN_00000766,CLK_SYN_00007196,AFF008,MER0060,CAMP0015,CUST004243,B07EFG567,SES00424301,2024-06-04 08:30:57,ORD_SYN_00000766,1,449.95,0.025,11.25,Delivered,Not Returned
CONV_SYN_00000196,CLK_SYN_00007911,AFF010,MER0090,CAMP0044,CUST004115,B08ABC567,SES00411502,2024-06-04 11:05:02,ORD_SYN_00000196,2,119.98,0.03,3.6,Delivered,Returned
CONV_SYN_00001980,CLK_SYN_00003239,AFF010,MER0099,CAMP0034,CUST002319,B07MNO345,SES00231902,2024-06-04 13:24:53,ORD_SYN_00001980,1,59.99,0.04,2.4,Delivered,Returned
CONV_SYN_00000879,CLK_SYN_00002342,AFF017,MER0011,CAMP0011,CUST002984,B08STU678,SES00298401,2024-06-04 15:04:59,ORD_SYN_00000879,1,69.99,0.03,2.1,Cancelled,Not Returned
CONV_SYN_00000423,CLK_SYN_00006532,AFF006,MER0093,CAMP0044,CUST000319,B09PQR678,SES00031903,2024-06-04 15:43:07,ORD_SYN_00000423,3,1199.97,0.02,24.0,Delivered,Not Returned
CONV_SYN_00001187,CLK_SYN_00000817,AFF004,MER0098,CAMP0026,CUST001373,B09YZA890,SES00137302,2024-06-04 18:41:27,ORD_SYN_00001187,1,98.0,0.03,2.94,Delivered,Not Returned
CONV_SYN_00001311,CLK_SYN_00009192,AFF002,MER0082,CAMP0030,CUST003186,B09YZA567,SES00318603,2024-06-04 20:22:03,ORD_SYN_00001311,1,49.99,0.03,1.5,Cancelled,Not Returned
CONV_SYN_00001157,CLK_SYN_00000343,AFF014,MER0029,CAMP0029,CUST002496,B07VWX234,SES00249601,2024-06-05 05:21:23,ORD_SYN_00001157,1,29.99,0.04,1.2,Delivered,Returned
CONV_SYN_00000585,CLK_SYN_00009684,AFF005,MER0056,CAMP0039,CUST000831,B07EFG567,SES00083103,2024-06-05 10:47:13,ORD_SYN_00000585,1,449.95,0.025,11.25,Delivered,Returned
CONV_SYN_00000986,CLK_SYN_00009150,AFF016,MER0026,CAMP0034,CUST002641,B09YZA567,SES00264101,2024-06-05 11:41:32,ORD_SYN_00000986,1,49.99,0.03,1.5,Cancelled,Not Returned
CONV_SYN_00001133,CLK_SYN_00000698,AFF016,MER0098,CAMP0033,CUST003707,B07VWX678,SES00370702,2024-06-05 14:26:32,ORD_SYN_00001133,1,329.0,0.02,6.58,Delivered,Not Returned
CONV_SYN_00001445,CLK_SYN_00000980,AFF010,MER0027,CAMP0002,CUST001115,B09YZA234,SES00111501,2024-06-05 17:15:32,ORD_SYN_00001445,1,199.99,0.02,4.0,Delivered,Not Returned
CONV_SYN_00000209,CLK_SYN_00004410,AFF005,MER0050,CAMP0012,CUST001068,B08QRST678,SES00106801,2024-06-05 19:16:37,ORD_SYN_00000209,2,399.98,0.02,8.0,Cancelled,Not Returned
CONV_SYN_00000860,CLK_SYN_00005972,AFF005,MER0008,CAMP0013,CUST003392,B09YZA901,SES00339201,2024-06-06 02:39:09,ORD_SYN_00000860,1,199.99,0.03,6.0,Delivered,Not Returned
CONV_SYN_00001757,CLK_SYN_00005444,AFF009,MER0046,CAMP0001,CUST001598,B07MNO678,SES00159803,2024-06-06 03:04:01,ORD_SYN_00001757,1,34.99,0.04,1.4,Delivered,Not Returned
CONV_SYN_00000872,CLK_SYN_00004605,AFF008,MER0085,CAMP0019,CUST000301,B07MNO012,SES00030102,2024-06-06 18:14:40,ORD_SYN_00000872,1,99.99,0.03,3.0,Delivered,Returned
CONV_SYN_00000727,CLK_SYN_00002813,AFF010,MER0095,CAMP0024,CUST002813,B08JKL345,SES00281301,2024-06-06 19:15:18,ORD_SYN_00000727,2,699.9,0.02,14.0,Delivered,Not Returned
CONV_SYN_00001336,CLK_SYN_00006792,AFF019,MER0050,CAMP0028,CUST001739,B08BCD234,SES00173901,2024-06-07 01:20:57,ORD_SYN_00001336,1,497.99,0.02,9.96,Delivered,Not Returned
CONV_SYN_00001957,CLK_SYN_00009892,AFF011,MER0096,CAMP0019,CUST002517,B07VWX901,SES00251702,2024-06-07 06:31:49,ORD_SYN_00001957,1,99.99,0.025,2.5,Delivered,Not Returned
CONV_SYN_00000748,CLK_SYN_00002780,AFF015,MER0054,CAMP0037,CUST003177,B08BCD234,SES00317703,2024-06-07 09:08:00,ORD_SYN_00000748,1,497.99,0.02,9.96,Delivered,Not Returned
CONV_SYN_00001435,CLK_SYN_00009451,AFF005,MER0031,CAMP0021,CUST004348,B08JKL456,SES00434801,2024-06-07 17:11:57,ORD_SYN_00001435,1,99.99,0.04,4.0,Delivered,Not Returned
CONV_SYN_00000547,CLK_SYN_00003811,AFF004,MER0055,CAMP0025,CUST001091,B09HIJ890,SES00109102,2024-06-07 19:01:29,ORD_SYN_00000547,1,299.99,0.025,7.5,Cancelled,Not Returned
CONV_SYN_00000066,CLK_SYN_00004753,AFF019,MER0013,CAMP0010,CUST001147,B08ABC567,SES00114701,2024-06-07 21:42:26,ORD_SYN_00000066,1,59.99,0.03,1.8,Delivered,Not Returned
CONV_SYN_00000572,CLK_SYN_00005096,AFF017,MER0084,CAMP0008,CUST002409,B09YZA567,SES00240902,2024-06-07 23:00:06,ORD_SYN_00000572,1,49.99,0.03,1.5,Delivered,Returned
CONV_SYN_00000521,CLK_SYN_00006761,AFF019,MER0017,CAMP0002,CUST000310,B07VWX901,SES00031003,2024-06-08 05:42:48,ORD_SYN_00000521,1,99.99,0.025,2.5,Cancelled,Returned
CONV_SYN_00000163,CLK_SYN_00001352,AFF015,MER0049,CAMP0026,CUST002454,B08EFG456,SES00245402,2024-06-08 23:50:15,ORD_SYN_00000163,1,39.95,0.04,1.6,Cancelled,Not Returned
CONV_SYN_00001072,CLK_SYN_00000851,AFF011,MER0100,CAMP0034,CUST004286,B09GHI123,SES00428602,2024-06-09 02:48:01,ORD_SYN_00001072,1,179.99,0.025,4.5,Cancelled,Not Returned
CONV_SYN_00001325,CLK_SYN_00009442,AFF016,MER0037,CAMP0038,CUST003751,B07PQR345,SES00375103,2024-06-09 03:27:55,ORD_SYN_00001325,1,399.0,0.02,7.98,Delivered,Returned
CONV_SYN_00001712,CLK_SYN_00000963,AFF016,MER0020,CAMP0047,CUST004926,B08YZA567,SES00492601,2024-06-09 05:54:53,ORD_SYN_00001712,2,179.98,0.03,5.4,Delivered,Not Returned
CONV_SYN_00001058,CLK_SYN_00003683,AFF011,MER0032,CAMP0012,CUST001686,B09HIJ890,SES00168602,2024-06-09 09:11:09,ORD_SYN_00001058,1,299.99,0.025,7.5,Cancelled,Not Returned
CONV_SYN_00000468,CLK_SYN_00003683,AFF011,MER0032,CAMP0012,CUST001686,B09HIJ890,SES00168602,2024-06-09 13:40:33,ORD_SYN_00000468,1,299.99,0.025,7.5,Delivered,Not Returned
CONV_SYN_00000704,CLK_SYN_00001605,AFF020,MER0055,CAMP0017,CUST000763,B07HGJKL12,SES00076301,2024-06-09 18:36:24,ORD_SYN_00000704,1,249.0,0.02,4.98,Delivered,Returned
CONV_SYN_00001871,CLK_SYN_00002023,AFF005,MER0027,CAMP0013,CUST001520,B07VWX234,SES00152003,2024-06-10 01:07:22,ORD_SYN_00001871,1,29.99,0.04,1.2,Delivered,Returned
CONV_SYN_00001349,CLK_SYN_00009347,AFF010,MER0008,CAMP0026,CUST000905,B09YZA890,SES00090502,2024-06-10 01:27:48,ORD_SYN_00001349,1,98.0,0.03,2.94,Delivered,Not Returned
CONV_SYN_00001892,CLK_SYN_00000983,AFF018,MER0078,CAMP0041,CUST001628,B07GHI789,SES00162801,2024-06-10 06:01:36,ORD_SYN_00001892,1,179.0,0.02,3.58,Delivered,Returned
CONV_SYN_00001862,CLK_SYN_00006003,AFF007,MER0026,CAMP0008,CUST004749,B09GHI789,SES00474901,2024-06-10 09:07:42,ORD_SYN_00001862,1,49.99,0.04,2.0,Cancelled,Not Returned
CONV_SYN_00001341,CLK_SYN_00002707,AFF011,MER0037,CAMP0007,CUST001320,B08STU678,SES00132002,2024-06-10 12:23:12,ORD_SYN_00001341,1,69.99,0.03,2.1,Delivered,Returned
CONV_SYN_00000790,CLK_SYN_00002360,AFF019,MER0068,CAMP0020,CUST002398,B09GHI789,SES00239803,2024-06-10 18:20:37,ORD_SYN_00000790,1,49.99,0.04,2.0,Delivered,Not Returned
CONV_SYN_00001130,CLK_SYN_00000660,AFF011,MER0071,CAMP0031,CUST002523,B09YZA234,SES00252302,2024-06-10 21:50:52,ORD_SYN_00001130,1,199.99,0.02,4.0,Delivered,Not Returned
CONV_SYN_00000198,CLK_SYN_00004321,AFF010,MER0088,CAMP0010,CUST000573,B09XYZ234,SES00057302,2024-06-11 00:14:27,ORD_SYN_00000198,1,348.0,0.02,6.96,Delivered,Returned
CONV_SYN_00000437,CLK_SYN_00007362,AFF017,MER0030,CAMP0028,CUST003332,B09VWX234,SES00333202,2024-06-11 03:15:08,ORD_SYN_00000437,1,599.0,0.02,11.98,Delivered,Returned
CONV_SYN_00000631,CLK_SYN_00005663,AFF020,MER0052,CAMP0003,CUST003894,B09HIJ890,SES00389403,2024-06-11 07:35:27,ORD_SYN_00000631,1,299.99,0.025,7.5,Cancelled,Not Returned
CONV_SYN_00001005,CLK_SYN_00005330,AFF012,MER0007,CAMP0022,CUST003850,B09YZA567,SES00385003,2024-06-11 08:38:24,ORD_SYN_00001005,3,149.97,0.03,4.5,Delivered,Returned
CONV_SYN_00001284,CLK_SYN_00008384,AFF006,MER0066,CAMP0003,CUST000684,B09YZA234,SES00068403,2024-06-11 13:02:08,ORD_SYN_00001284,1,199.99,0.02,4.0,Cancelled,Returned
CONV_SYN_00000008,CLK_SYN_00009500,AFF002,MER0077,CAMP0043,CUST000896,B08EFG123,SES00089602,2024-06-11 19:34:16,ORD_SYN_00000008,1,79.99,0.03,2.4,Delivered,Not Returned
CONV_SYN_00000391,CLK_SYN_00004770,AFF011,MER0076,CAMP0007,CUST002031,B09YZA901,SES00203101,2024-06-12 00:24:25,ORD_SYN_00000391,1,199.99,0.03,6.0,Cancelled,Returned
CONV_SYN_00001556,CLK_SYN_00005677,AFF010,MER0080,CAMP0047,CUST000598,B07FZ8S74R,SES00059801,2024-06-12 00:39:44,ORD_SYN_00001556,1,39.99,0.04,1.6,Delivered,Returned
CONV_SYN_00001802,CLK_SYN_00006016,AFF010,MER0075,CAMP0031,CUST002512,B08ABC567,SES00251203,2024-06-12 04:39:12,ORD_SYN_00001802,2,119.98,0.03,3.6,Cancelled,Not Returned
CONV_SYN_00000264,CLK_SYN_00004095,AFF002,MER0093,CAMP0038,CUST002574,B08ABC567,SES00257402,2024-06-12 09:46:47,ORD_SYN_00000264,1,59.99,0.03,1.8,Delivered,Returned
CONV_SYN_00001355,CLK_SYN_00003840,AFF013,MER0070,CAMP0032,CUST000844,B08JKL012,SES00084401,2024-06-12 15:14:40,ORD_SYN_00001355,1,219.0,0.02,4.38,Cancelled,Not Returned
CONV_SYN_00000249,CLK_SYN_00006448,AFF020,MER0030,CAMP0003,CUST003153,B07MNO012,SES00315302,2024-06-12 21:08:48,ORD_SYN_00000249,2,199.98,0.03,6.0,Delivered,Not Returned
CONV_SYN_00001082,CLK_SYN_00003045,AFF016,MER0047,CAMP0037,CUST000635,B07VWX234,SES00063501,2024-06-13 00:39:29,ORD_SYN_00001082,1,29.99,0.04,1.2,Delivered,Not Returned
CONV_SYN_00000277,CLK_SYN_00009017,AFF015,MER0014,CAMP0029,CUST000740,B09XYZ234,SES00074003,2024-06-13 17:34:09,ORD_SYN_00000277,2,696.0,0.02,13.92,Delivered,Not Returned
CONV_SYN_00000514,CLK_SYN_00009487,AFF020,MER0015,CAMP0023,CUST001945,B08ABC890,SES00194502,2024-06-13 18:47:16,ORD_SYN_00000514,1,249.99,0.025,6.25,Delivered,Not Returned
CONV_SYN_00000358,CLK_SYN_00008493,AFF006,MER0084,CAMP0022,CUST004387,B07VWX234,SES00438703,2024-06-13 20:11:32,ORD_SYN_00000358,1,29.99,0.04,1.2,Delivered,Not Returned
CONV_SYN_00001784,CLK_SYN_00005418,AFF001,MER0082,CAMP0032,CUST000327,B07HGJKL12,SES00032703,2024-06-13 20:12:51,ORD_SYN_00001784,1,249.0,0.02,4.98,Delivered,Not Returned
CONV_SYN_00000120,CLK_SYN_00007476,AFF013,MER0067,CAMP0027,CUST003285,B09YZA890,SES00328502,2024-06-13 21:56:11,ORD_SYN_00000120,2,196.0,0.03,5.88,Cancelled,Returned
CONV_SYN_00000530,CLK_SYN_00005339,AFF011,MER0054,CAMP0020,CUST001143,B08STU901,SES00114303,2024-06-13 22:11:43,ORD_SYN_00000530,1,379.99,0.025,9.5,Cancelled,Not Returned
CONV_SYN_00001298,CLK_SYN_00000453,AFF010,MER0100,CAMP0011,CUST003590,B09HIJ012,SES00359003,2024-06-14 00:57:41,ORD_SYN_00001298,1,139.99,0.04,5.6,Cancelled,Not Returned
CONV_SYN_00000270,CLK_SYN_00001051,AFF014,MER0088,CAMP0043,CUST004259,B07EFG567,SES00425902,2024-06-14 12:12:31,ORD_SYN_00000270,1,449.95,0.025,11.25,Cancelled,Not Returned
CONV_SYN_00000696,CLK_SYN_00007451,AFF019,MER0096,CAMP0007,CUST003550,B09HIJ890,SES00355001,2024-06-14 14:20:52,ORD_SYN_00000696,1,299.99,0.025,7.5,Delivered,Not Returned
CONV_SYN_00001146,CLK_SYN_00005339,AFF011,MER0054,CAMP0020,CUST001143,B08STU901,SES00114303,2024-06-14 18:34:31,ORD_SYN_00001146,1,379.99,0.025,9.5,Delivered,Not Returned
CONV_SYN_00000717,CLK_SYN_00000878,AFF001,MER0059,CAMP0005,CUST004126,B08BCD234,SES00412603,2024-06-14 21:51:18,ORD_SYN_00000717,1,497.99,0.02,9.96,Delivered,Not Returned
CONV_SYN_00000279,CLK_SYN_00002662,AFF006,MER0092,CAMP0048,CUST001597,B09XYZ234,SES00159701,2024-06-15 06:45:22,ORD_SYN_00000279,1,348.0,0.02,6.96,Delivered,Not Returned
CONV_SYN_00001469,CLK_SYN_00007727,AFF001,MER0030,CAMP0009,CUST004416,B07MNO789,SES00441603,2024-06-15 09:53:45,ORD_SYN_00001469,1,199.95,0.03,6.0,Delivered,Not Returned
CONV_SYN_00001122,CLK_SYN_00006473,AFF007,MER0026,CAMP0048,CUST004483,B09VWX234,SES00448302,2024-06-15 16:00:52,ORD_SYN_00001122,2,1198.0,0.02,23.96,Delivered,Not Returned
CONV_SYN_00001145,CLK_SYN_00004228,AFF007,MER0037,CAMP0046,CUST001396,B09HIJ012,SES00139603,2024-06-15 19:30:38,ORD_SYN_00001145,2,279.98,0.04,11.2,Cancelled,Not Returned
CONV_SYN_00000019,CLK_SYN_00002662,AFF006,MER0092,CAMP0048,CUST001597,B09XYZ234,SES00159701,2024-06-15 22:16:34,ORD_SYN_00000019,2,696.0,0.02,13.92,Delivered,Not Returned
CONV_SYN_00001703,CLK_SYN_00009454,AFF010,MER0065,CAMP0033,CUST002759,B08JKL456,SES00275903,2024-06-16 00:42:57,ORD_SYN_00001703,1,99.99,0.04,4.0,Cancelled,Not Returned
CONV_SYN_00001714,CLK_SYN_00002662,AFF006,MER0092,CAMP0048,CUST001597,B09XYZ234,SES00159701,2024-06-16 13:36:58,ORD_SYN_00001714,3,1044.0,0.02,20.88,Delivered,Not Returned
CONV_SYN_00001490,CLK_SYN_00002406,AFF011,MER0065,CAMP0005,CUST000700,B07TUVW901,SES00070002,2024-06-16 14:08:29,ORD_SYN_00001490,1,149.95,0.025,3.75,Delivered,Not Returned
CONV_SYN_00000241,CLK_SYN_00005765,AFF001,MER0063,CAMP0046,CUST003514,B08ABC890,SES00351401,2024-06-16 17:27:34,ORD_SYN_00000241,1,249.99,0.025,6.25,Delivered,Not Returned
CONV_SYN_00000801,CLK_SYN_00007067,AFF020,MER0004,CAMP0003,CUST004422,B07MNO345,SES00442203,2024-06-16 19:32:44,ORD_SYN_00000801,1,59.99,0.04,2.4,Delivered,Not Returned
CONV_SYN_00001792,CLK_SYN_00004702,AFF012,MER0004,CAMP0021,CUST001383,B07MNO789,SES00138302,2024-06-17 00:13:45,ORD_SYN_00001792,1,199.95,0.03,6.0,Delivered,Not Returned
CONV_SYN_00001763,CLK_SYN_00008963,AFF003,MER0066,CAMP0042,CUST002657,B08YZA567,SES00265701,2024-06-17 08:27:25,ORD_SYN_00001763,1,89.99,0.03,2.7,Delivered,Returned
CONV_SYN_00000731,CLK_SYN_00004915,AFF012,MER0047,CAMP0045,CUST002240,B08YZA567,SES00224001,2024-06-17 10:49:30,ORD_SYN_00000731,1,89.99,0.03,2.7,Delivered,Not Returned
CONV_SYN_00000298,CLK_SYN_00009596,AFF017,MER0028,CAMP0002,CUST002219,B08JKL456,SES00221901,2024-06-17 11:04:16,ORD_SYN_00000298,1,99.99,0.04,4.0,Delivered,Not Returned
CONV_SYN_00001658,CLK_SYN_00006717,AFF012,MER0085,CAMP0004,CUST003580,B07MNO789,SES00358003,2024-06-17 22:29:52,ORD_SYN_00001658,1,199.95,0.03,6.0,Cancelled,Not Returned
CONV_SYN_00000447,CLK_SYN_00006722,AFF009,MER0079,CAMP0039,CUST002796,B07EFG567,SES00279601,2024-06-17 22:58:40,ORD_SYN_00000447,1,449.95,0.025,11.25,Delivered,Not Returned
CONV_SYN_00000140,CLK_SYN_00006403,AFF013,MER0022,CAMP0024,CUST004309,B07HGJKL12,SES00430903,2024-06-18 12:19:28,ORD_SYN_00000140,1,249.0,0.02,4.98,Delivered,Not Returned
CONV_SYN_00000033,CLK_SYN_00008651,AFF015,MER0077,CAMP0010,CUST003291,B09VWX234,SES00329102,2024-06-18 13:42:15,ORD_SYN_00000033,1,599.0,0.02,11.98,Delivered,Not Returned
CONV_SYN_00001698,CLK_SYN_00003615,AFF008,MER0094,CAMP0046,CUST003809,B07MNO678,SES00380901,2024-06-18 19:26:49,ORD_SYN_00001698,1,34.99,0.04,1.4,Delivered,Not Returned
CONV_SYN_00001917,CLK_SYN_00001534,AFF002,MER0059,CAMP0015,CUST001511,B07MNO789,SES00151103,2024-06-18 22:45:11,ORD_SYN_00001917,1,199.95,0.03,6.0,Delivered,Returned
CONV_SYN_00000826,CLK_SYN_00005836,AFF012,MER0022,CAMP0021,CUST003566,B07PQR345,SES00356602,2024-06-19 03:08:49,ORD_SYN_00000826,1,399.0,0.02,7.98,Delivered,Returned
CONV_SYN_00000974,CLK_SYN_00004702,AFF012,MER0004,CAMP0021,CUST001383,B07MNO789,SES00138302,2024-06-19 06:15:33,ORD_SYN_00000974,1,199.95,0.03,6.0,Delivered,Not Returned
CONV_SYN_00000716,CLK_SYN_00003670,AFF008,MER0051,CAMP0017,CUST002451,B09PQR012,SES00245101,2024-06-20 03:17:36,ORD_SYN_00000716,1,399.0,0.02,7.98,Delivered,Returned
CONV_SYN_00000943,CLK_SYN_00005026,AFF020,MER0074,CAMP0003,CUST001145,B09HIJ012,SES00114503,2024-06-20 05:36:01,ORD_SYN_00000943,1,139.99,0.04,5.6,Cancelled,Not Returned
CONV_SYN_00001396,CLK_SYN_00000908,AFF013,MER0034,CAMP0017,CUST003937,B09HIJ012,SES00393703,2024-06-20 17:36:11,ORD_SYN_00001396,1,139.99,0.04,5.6,Cancelled,Not Returned
CONV_SYN_00001028,CLK_SYN_00000229,AFF009,MER0095,CAMP0033,CUST002889,B09JKL789,SES00288903,2024-06-20 19:10:09,ORD_SYN_00001028,1,699.95,0.025,17.5,Cancelled,Returned
CONV_SYN_00000278,CLK_SYN_00003288,AFF020,MER0005,CAMP0039,CUST003510,B08YZA567,SES00351003,2024-06-22 00:26:17,ORD_SYN_00000278,1,89.99,0.03,2.7,Cancelled,Not Returned
CONV_SYN_00001678,CLK_SYN_00006359,AFF011,MER0078,CAMP0039,CUST003645,B09XYZ234,SES00364503,2024-06-22 01:59:26,ORD_SYN_00001678,1,348.0,0.02,6.96,Delivered,Not Returned
CONV_SYN_00000586,CLK_SYN_00006694,AFF011,MER0065,CAMP0042,CUST000913,B09GHI789,SES00091302,2024-06-22 07:11:49,ORD_SYN_00000586,1,49.99,0.04,2.0,Cancelled,Not Returned
CONV_SYN_00001859,CLK_SYN_00003714,AFF013,MER0026,CAMP0046,CUST004395,B09XYZ234,SES00439501,2024-06-23 03:30:13,ORD_SYN_00001859,1,348.0,0.02,6.96,Delivered,Not Returned
CONV_SYN_00000671,CLK_SYN_00001197,AFF015,MER0014,CAMP0005,CUST002338,B08EFG456,SES00233803,2024-06-23 04:47:25,ORD_SYN_00000671,1,39.95,0.04,1.6,Cancelled,Not Returned
CONV_SYN_00000711,CLK_SYN_00000113,AFF009,MER0016,CAMP0030,CUST004252,B07TUVW901,SES00425203,2024-06-23 05:40:36,ORD_SYN_00000711,2,299.9,0.025,7.5,Delivered,Not Returned
CONV_SYN_00001059,CLK_SYN_00008684,AFF002,MER0023,CAMP0049,CUST000214,B09PQR012,SES00021401,2024-06-23 08:35:09,ORD_SYN_00001059,1,399.0,0.02,7.98,Delivered,Not Returned
CONV_SYN_00001652,CLK_SYN_00005700,AFF003,MER0021,CAMP0040,CUST002674,B08QRST678,SES00267403,2024-06-23 14:12:06,ORD_SYN_00001652,1,199.99,0.02,4.0,Cancelled,Returned
CONV_SYN_00001649,CLK_SYN_00008213,AFF010,MER0052,CAMP0018,CUST004217,B09JKL789,SES00421702,2024-06-23 14:48:06,ORD_SYN_00001649,2,1399.9,0.025,35.0,Cancelled,Not Returned
CONV_SYN_00000542,CLK_SYN_00009543,AFF005,MER0024,CAMP0014,CUST003893,B09YZA234,SES00389301,2024-06-23 15:22:42,ORD_SYN_00000542,1,199.99,0.02,4.0,Delivered,Not Returned
CONV_SYN_00001686,CLK_SYN_00005338,AFF018,MER0100,CAMP0048,CUST001456,B08ABC890,SES00145602,2024-06-23 18:40:12,ORD_SYN_00001686,1,249.99,0.025,6.25,Delivered,Not Returned
CONV_SYN_00001448,CLK_SYN_00005848,AFF007,MER0019,CAMP0045,CUST000081,B09VWX234,SES00008103,2024-06-23 20:27:20,ORD_SYN_00001448,1,599.0,0.02,11.98,Delivered,Returned
CONV_SYN_00000228,CLK_SYN_00002056,AFF009,MER0036,CAMP0009,CUST003347,B09YZA234,SES00334703,2024-06-24 01:58:12,ORD_SYN_00000228,1,199.99,0.02,4.0,Delivered,Returned
CONV_SYN_00000354,CLK_SYN_00008213,AFF010,MER0052,CAMP0018,CUST004217,B09JKL789,SES00421702,2024-06-24 02:58:54,ORD_SYN_00000354,1,699.95,0.025,17.5,Delivered,Not Returned
CONV_SYN_00001494,CLK_SYN_00003835,AFF004,MER0054,CAMP0021,CUST002432,B07MNO789,SES00243201,2024-06-24 04:23:44,ORD_SYN_00001494,1,199.95,0.03,6.0,Delivered,Not Returned
CONV_SYN_00000181,CLK_SYN_00007256,AFF012,MER0066,CAMP0003,CUST003475,B08C1W5N87,SES00347503,2024-06-24 09:42:55,ORD_SYN_00000181,1,79.95,0.03,2.4,Delivered,Not Returned
CONV_SYN_00000655,CLK_SYN_00009506,AFF019,MER0059,CAMP0041,CUST004663,B08ABC567,SES00466303,2024-06-24 19:43:49,ORD_SYN_00000655,1,59.99,0.03,1.8,Delivered,Not Returned
CONV_SYN_00000395,CLK_SYN_00005131,AFF003,MER0012,CAMP0015,CUST000684,B09YZA567,SES00068402,2024-06-24 22:01:38,ORD_SYN_00000395,1,49.99,0.03,1.5,Delivered,Not Returned
CONV_SYN_00000692,CLK_SYN_00008213,AFF010,MER0052,CAMP0018,CUST004217,B09JKL789,SES00421702,2024-06-25 02:40:18,ORD_SYN_00000692,1,699.95,0.025,17.5,Delivered,Not Returned
CONV_SYN_00001497,CLK_SYN_00002917,AFF011,MER0021,CAMP0044,CUST000284,B09VWX234,SES00028403,2024-06-25 05:21:53,ORD_SYN_00001497,1,599.0,0.02,11.98,Delivered,Not Returned
CONV_SYN_00000773,CLK_SYN_00009985,AFF001,MER0044,CAMP0021,CUST001418,B09PQR345,SES00141803,2024-06-25 09:06:56,ORD_SYN_00000773,1,89.99,0.03,2.7,Delivered,Not Returned
CONV_SYN_00000686,CLK_SYN_00001383,AFF020,MER0086,CAMP0032,CUST002444,B09HIJ012,SES00244403,2024-06-25 13:22:04,ORD_SYN_00000686,1,139.99,0.04,5.6,Delivered,Not Returned
CONV_SYN_00000587,CLK_SYN_00009390,AFF017,MER0082,CAMP0034,CUST000065,B08STU345,SES00006501,2024-06-25 14:00:32,ORD_SYN_00000587,1,349.99,0.025,8.75,Delivered,Not Returned
CONV_SYN_00000732,CLK_SYN_00004995,AFF017,MER0087,CAMP0046,CUST002598,B09VWX234,SES00259801,2024-06-25 14:17:53,ORD_SYN_00000732,1,599.0,0.02,11.98,Cancelled,Not Returned
CONV_SYN_00001361,CLK_SYN_00005513,AFF001,MER0064,CAMP0023,CUST004035,B07DEF890,SES00403502,2024-06-25 15:25:01,ORD_SYN_00001361,1,25.99,0.04,1.04,Delivered,Returned
CONV_SYN_00001202,CLK_SYN_00000556,AFF004,MER0032,CAMP0043,CUST001586,B07MNO789,SES00158602,2024-06-25 15:31:05,ORD_SYN_00001202,1,199.95,0.03,6.0,Delivered,Returned
CONV_SYN_00000373,CLK_SYN_00009985,AFF001,MER0044,CAMP0021,CUST001418,B09PQR345,SES00141803,2024-06-25 18:07:32,ORD_SYN_00000373,1,89.99,0.03,2.7,Delivered,Not Returned
CONV_SYN_00001842,CLK_SYN_00005262,AFF013,MER0023,CAMP0016,CUST003520,B07GHI789,SES00352003,2024-06-25 19:16:33,ORD_SYN_00001842,1,179.0,0.02,3.58,Delivered,Not Returned
CONV_SYN_00000709,CLK_SYN_00003972,AFF008,MER0063,CAMP0029,CUST004810,B08JKL012,SES00481003,2024-06-25 23:12:03,ORD_SYN_00000709,2,438.0,0.02,8.76,Delivered,Not Returned
CONV_SYN_00001278,CLK_SYN_00005262,AFF013,MER0023,CAMP0016,CUST003520,B07GHI789,SES00352003,2024-06-26 00:26:09,ORD_SYN_00001278,1,179.0,0.02,3.58,Delivered,Returned
CONV_SYN_00001922,CLK_SYN_00000770,AFF002,MER0034,CAMP0005,CUST001947,B08C1W5N87,SES00194702,2024-06-26 03:01:20,ORD_SYN_00001922,2,159.9,0.03,4.8,Delivered,Not Returned
CONV_SYN_00001143,CLK_SYN_00005438,AFF008,MER0073,CAMP0022,CUST002503,B08EFG456,SES00250301,2024-06-26 09:46:12,ORD_SYN_00001143,1,39.95,0.04,1.6,Delivered,Not Returned
CONV_SYN_00001158,CLK_SYN_00002149,AFF005,MER0021,CAMP0009,CUST000344,B08ABC123,SES00034401,2024-06-26 11:24:42,ORD_SYN_00001158,1,2495.0,0.015,37.42,Delivered,Not Returned
CONV_SYN_00000080,CLK_SYN_00006249,AFF001,MER0001,CAMP0048,CUST003880,B09GHI789,SES00388003,2024-06-26 11:57:42,ORD_SYN_00000080,1,49.99,0.04,2.0,Delivered,Not Returned
CONV_SYN_00000928,CLK_SYN_00005347,AFF020,MER0043,CAMP0014,CUST002285,B08JKL789,SES00228502,2024-06-26 14:54:02,ORD_SYN_00000928,2,51.98,0.04,2.08,Delivered,Returned
CONV_SYN_00000550,CLK_SYN_00004555,AFF002,MER0055,CAMP0038,CUST004372,B08YZA567,SES00437202,2024-06-27 03:16:32,ORD_SYN_00000550,1,89.99,0.03,2.7,Cancelled,Not Returned
CONV_SYN_00000639,CLK_SYN_00008002,AFF008,MER0012,CAMP0023,CUST000354,B08C1W5N87,SES00035402,2024-06-27 03:50:40,ORD_SYN_00000639,1,79.95,0.03,2.4,Delivered,Not Returned
CONV_SYN_00001217,CLK_SYN_00001637,AFF016,MER0017,CAMP0006,CUST004978,B07MNO012,SES00497803,2024-06-27 06:25:38,ORD_SYN_00001217,1,99.99,0.03,3.0,Delivered,Returned
CONV_SYN_00001099,CLK_SYN_00001264,AFF001,MER0036,CAMP0037,CUST001338,B09YZA901,SES00133802,2024-06-27 07:25:10,ORD_SYN_00001099,1,199.99,0.03,6.0,Cancelled,Not Returned
CONV_SYN_00001878,CLK_SYN_00002329,AFF018,MER0017,CAMP0050,CUST002719,B08YZA567,SES00271903,2024-06-27 17:55:15,ORD_SYN_00001878,1,89.99,0.03,2.7,Delivered,Returned
CONV_SYN_00000079,CLK_SYN_00008918,AFF020,MER0016,CAMP0016,CUST002526,B07DEF123,SES00252601,2024-06-27 18:01:33,ORD_SYN_00000079,1,99.99,0.03,3.0,Delivered,Not Returned
CONV_SYN_00000382,CLK_SYN_00000783,AFF012,MER0084,CAMP0034,CUST003837,B07PQR345,SES00383701,2024-06-28 01:11:32,ORD_SYN_00000382,1,399.0,0.02,7.98,Delivered,Not Returned
CONV_SYN_00001393,CLK_SYN_00008780,AFF015,MER0076,CAMP0017,CUST003355,B09DEF123,SES00335501,2024-06-28 02:44:31,ORD_SYN_00001393,1,1199.0,0.015,17.98,Cancelled,Not Returned
CONV_SYN_00000291,CLK_SYN_00006217,AFF015,MER0071,CAMP0012,CUST000832,B08STU901,SES00083203,2024-06-28 03:28:43,ORD_SYN_00000291,1,379.99,0.025,9.5,Delivered,Not Returned
CONV_SYN_00000609,CLK_SYN_00003426,AFF012,MER0053,CAMP0047,CUST002394,B08STU901,SES00239403,2024-06-28 09:37:29,ORD_SYN_00000609,1,379.99,0.025,9.5,Delivered,Not Returned
CONV_SYN_00001277,CLK_SYN_00001264,AFF001,MER0036,CAMP0037,CUST001338,B09YZA901,SES00133802,2024-06-28 12:50:58,ORD_SYN_00001277,2,399.98,0.03,12.0,Delivered,Not Returned
CONV_SYN_00001095,CLK_SYN_00006919,AFF010,MER0033,CAMP0034,CUST000795,B09PQR012,SES00079501,2024-06-28 22:15:30,ORD_SYN_00001095,1,399.0,0.02,7.98,Delivered,Not Returned
CONV_SYN_00001640,CLK_SYN_00009435,AFF001,MER0040,CAMP0026,CUST002191,B09PQR012,SES00219103,2024-06-28 22:37:51,ORD_SYN_00001640,1,399.0,0.02,7.98,Delivered,Returned
CONV_SYN_00000736,CLK_SYN_00009080,AFF013,MER0033,CAMP0005,CUST003725,B07MNO678,SES00372501,2024-06-29 12:29:29,ORD_SYN_00000736,1,34.99,0.04,1.4,Delivered,Not Returned
CONV_SYN_00000272,CLK_SYN_00006129,AFF004,MER0087,CAMP0018,CUST000678,B08EFG456,SES00067802,2024-06-29 17:17:52,ORD_SYN_00000272,1,39.95,0.04,1.6,Delivered,Not Returned
CONV_SYN_00001803,CLK_SYN_00008492,AFF018,MER0087,CAMP0042,CUST001309,B07PQR345,SES00130902,2024-06-30 03:28:32,ORD_SYN_00001803,1,399.0,0.02,7.98,Delivered,Returned
CONV_SYN_00001063,CLK_SYN_00002430,AFF014,MER0013,CAMP0029,CUST000534,B07HGJKL12,SES00053401,2024-06-30 07:26:31,ORD_SYN_00001063,1,249.0,0.02,4.98,Delivered,Not Returned
CONV_SYN_00000638,CLK_SYN_00004789,AFF017,MER0056,CAMP0034,CUST004292,B08STU345,SES00429202,2024-07-01 10:46:36,ORD_SYN_00000638,1,349.99,0.025,8.75,Delivered,Returned
CONV_SYN_00001126,CLK_SYN_00007434,AFF005,MER0007,CAMP0002,CUST004581,B09GHI789,SES00458103,2024-07-01 11:26:04,ORD_SYN_00001126,1,49.99,0.04,2.0,Delivered,Not Returned
CONV_SYN_00000525,CLK_SYN_00002601,AFF002,MER0016,CAMP0009,CUST002096,B08STU901,SES00209602,2024-07-01 11:38:10,ORD_SYN_00000525,1,379.99,0.025,9.5,Delivered,Not Returned
CONV_SYN_00000193,CLK_SYN_00002555,AFF014,MER0052,CAMP0011,CUST000360,B08ABC890,SES00036001,2024-07-01 11:43:53,ORD_SYN_00000193,1,249.99,0.025,6.25,Delivered,Not Returned
CONV_SYN_00001934,CLK_SYN_00003108,AFF010,MER0065,CAMP0031,CUST001464,B07MNO789,SES00146402,2024-07-01 12:47:25,ORD_SYN_00001934,1,199.95,0.03,6.0,Delivered,Not Returned
CONV_SYN_00000528,CLK_SYN_00001812,AFF004,MER0052,CAMP0044,CUST000925,B07DEF890,SES00092503,2024-07-01 18:53:04,ORD_SYN_00000528,1,25.99,0.04,1.04,Cancelled,Not Returned
CONV_SYN_00000509,CLK_SYN_00002142,AFF019,MER0079,CAMP0045,CUST004100,B07VWX901,SES00410003,2024-07-01 23:50:40,ORD_SYN_00000509,1,99.99,0.025,2.5,Delivered,Returned
CONV_SYN_00000697,CLK_SYN_00005655,AFF001,MER0008,CAMP0021,CUST003698,B09MNOP345,SES00369801,2024-07-02 09:18:35,ORD_SYN_00000697,1,79.99,0.03,2.4,Delivered,Not Returned
CONV_SYN_00000263,CLK_SYN_00005874,AFF015,MER0012,CAMP0009,CUST002016,B08QRST678,SES00201603,2024-07-02 18:09:46,ORD_SYN_00000263,1,199.99,0.02,4.0,Delivered,Not Returned
CONV_SYN_00001051,CLK_SYN_00007784,AFF008,MER0066,CAMP0029,CUST002274,B08MNO012,SES00227402,2024-07-02 18:11:40,ORD_SYN_00001051,1,149.99,0.03,4.5,Delivered,Not Returned
CONV_SYN_00001030,CLK_SYN_00001939,AFF008,MER0088,CAMP0024,CUST000135,B08STU901,SES00013502,2024-07-03 13:54:19,ORD_SYN_00001030,1,379.99,0.025,9.5,Delivered,Not Returned
CONV_SYN_00000603,CLK_SYN_00008857,AFF001,MER0001,CAMP0039,CUST003089,B07DEF456,SES00308901,2024-07-03 16:49:32,ORD_SYN_00000603,1,299.0,0.025,7.48,Delivered,Not Returned
CONV_SYN_00001977,CLK_SYN_00004853,AFF004,MER0020,CAMP0047,CUST000323,B09YZA901,SES00032302,2024-07-03 17:18:00,ORD_SYN_00001977,1,199.99,0.03,6.0,Delivered,Not Returned
CONV_SYN_00000016,CLK_SYN_00004853,AFF004,MER0020,CAMP0047,CUST000323,B09YZA901,SES00032302,2024-07-03 22:36:36,ORD_SYN_00000016,1,199.99,0.03,6.0,Delivered,Not Returned
CONV_SYN_00001954,CLK_SYN_00002607,AFF006,MER0077,CAMP0003,CUST003800,B09VWX234,SES00380003,2024-07-03 23:37:36,ORD_SYN_00001954,1,599.0,0.02,11.98,Delivered,Not Returned
CONV_SYN_00001404,CLK_SYN_00002607,AFF006,MER0077,CAMP0003,CUST003800,B09VWX234,SES00380003,2024-07-04 02:19:36,ORD_SYN_00001404,1,599.0,0.02,11.98,Cancelled,Returned
CONV_SYN_00001902,CLK_SYN_00003190,AFF013,MER0075,CAMP0010,CUST000036,B08JKL012,SES00003601,2024-07-04 09:27:26,ORD_SYN_00001902,1,219.0,0.02,4.38,Delivered,Not Returned
CONV_SYN_00001423,CLK_SYN_00009504,AFF011,MER0076,CAMP0014,CUST000549,B07PQR345,SES00054902,2024-07-04 16:42:58,ORD_SYN_00001423,1,399.0,0.02,7.98,Cancelled,Not Returned
CONV_SYN_00000627,CLK_SYN_00002915,AFF005,MER0088,CAMP0027,CUST002777,B09XYZ234,SES00277702,2024-07-04 18:38:27,ORD_SYN_00000627,2,696.0,0.02,13.92,Delivered,Not Returned
CONV_SYN_00000111,CLK_SYN_00001156,AFF009,MER0035,CAMP0032,CUST003166,B07VWX901,SES00316601,2024-07-04 18:58:06,ORD_SYN_00000111,1,99.99,0.025,2.5,Delivered,Returned
CONV_SYN_00001500,CLK_SYN_00007713,AFF019,MER0061,CAMP0009,CUST002144,B09HIJ890,SES00214401,2024-07-05 01:09:35,ORD_SYN_00001500,1,299.99,0.025,7.5,Delivered,Not Returned
CONV_SYN_00000500,CLK_SYN_00004867,AFF006,MER0019,CAMP0002,CUST000028,B09HIJ012,SES00002802,2024-07-05 09:59:38,ORD_SYN_00000500,1,139.99,0.04,5.6,Delivered,Returned
CONV_SYN_00001567,CLK_SYN_00008016,AFF015,MER0087,CAMP0014,CUST004468,B07MNO012,SES00446802,2024-07-05 10:48:15,ORD_SYN_00001567,1,99.99,0.03,3.0,Cancelled,Not Returned
CONV_SYN_00001478,CLK_SYN_00006369,AFF011,MER0100,CAMP0026,CUST000107,B08ABC567,SES00010703,2024-07-05 20:25:14,ORD_SYN_00001478,1,59.99,0.03,1.8,Cancelled,Returned
CONV_SYN_00001091,CLK_SYN_00005694,AFF008,MER0037,CAMP0043,CUST004624,B08EFG123,SES00462403,2024-07-05 20:44:37,ORD_SYN_00001091,1,79.99,0.03,2.4,Cancelled,Not Returned
CONV_SYN_00000662,CLK_SYN_00001127,AFF004,MER0099,CAMP0003,CUST001747,B08ABC123,SES00174701,2024-07-05 23:16:09,ORD_SYN_00000662,1,2495.0,0.015,37.42,Delivered,Not Returned
CONV_SYN_00000132,CLK_SYN_00006723,AFF002,MER0089,CAMP0010,CUST001697,B07GHI456,SES00169703,2024-07-06 01:53:39,ORD_SYN_00000132,2,299.98,0.035,10.5,Delivered,Not Returned
CONV_SYN_00000459,CLK_SYN_00002874,AFF007,MER0028,CAMP0045,CUST001030,B07TUVW901,SES00103003,2024-07-06 04:06:53,ORD_SYN_00000459,1,149.95,0.025,3.75,Cancelled,Not Returned
CONV_SYN_00000313,CLK_SYN_00008565,AFF015,MER0098,CAMP0046,CUST002866,B08ABC123,SES00286601,2024-07-06 08:36:54,ORD_SYN_00000313,1,2495.0,0.015,37.42,Delivered,Returned
CONV_SYN_00001294,CLK_SYN_00009120,AFF020,MER0094,CAMP0007,CUST004406,B08ABC567,SES00440602,2024-07-06 08:46:53,ORD_SYN_00001294,1,59.99,0.03,1.8,Cancelled,Not Returned
CONV_SYN_00001234,CLK_SYN_00001521,AFF002,MER0060,CAMP0050,CUST000149,B07VWX901,SES00014903,2024-07-06 09:00:04,ORD_SYN_00001234,1,99.99,0.025,2.5,Delivered,Not Returned
CONV_SYN_00001967,CLK_SYN_00007488,AFF005,MER0026,CAMP0010,CUST002505,B08JKL345,SES00250502,2024-07-06 10:46:31,ORD_SYN_00001967,1,349.95,0.02,7.0,Cancelled,Not Returned
CONV_SYN_00000499,CLK_SYN_00003456,AFF015,MER0054,CAMP0030,CUST003136,B09GHI456,SES00313601,2024-07-06 15:37:18,ORD_SYN_00000499,1,99.99,0.03,3.0,Delivered,Returned
CONV_SYN_00001012,CLK_SYN_00008016,AFF015,MER0087,CAMP0014,CUST004468,B07MNO012,SES00446802,2024-07-06 17:07:27,ORD_SYN_00001012,1,99.99,0.03,3.0,Cancelled,Not Returned
CONV_SYN_00001502,CLK_SYN_00002520,AFF016,MER0052,CAMP0019,CUST004573,B09PQR012,SES00457303,2024-07-06 23:46:25,ORD_SYN_00001502,1,399.0,0.02,7.98,Delivered,Not Returned
CONV_SYN_00001255,CLK_SYN_00001521,AFF002,MER0060,CAMP0050,CUST000149,B07VWX901,SES00014903,2024-07-07 15:36:40,ORD_SYN_00001255,1,99.99,0.025,2.5,Delivered,Returned
CONV_SYN_00001810,CLK_SYN_00000917,AFF003,MER0053,CAMP0031,CUST001076,B07VWX901,SES00107601,2024-07-07 16:38:37,ORD_SYN_00001810,1,99.99,0.025,2.5,Cancelled,Not Returned
CONV_SYN_00000942,CLK_SYN_00009923,AFF011,MER0086,CAMP0036,CUST004072,B09DEF123,SES00407201,2024-07-07 16:41:43,ORD_SYN_00000942,1,1199.0,0.015,17.98,Cancelled,Returned
CONV_SYN_00000802,CLK_SYN_00002520,AFF016,MER0052,CAMP0019,CUST004573,B09PQR012,SES00457303,2024-07-07 18:46:25,ORD_SYN_00000802,1,399.0,0.02,7.98,Delivered,Returned
CONV_SYN_00000730,CLK_SYN_00005780,AFF011,MER0075,CAMP0032,CUST000859,B09HIJ012,SES00085901,2024-07-07 20:43:14,ORD_SYN_00000730,1,139.99,0.04,5.6,Cancelled,Not Returned
CONV_SYN_00000771,CLK_SYN_00001127,AFF004,MER0099,CAMP0003,CUST001747,B08ABC123,SES00174701,2024-07-08 03:53:57,ORD_SYN_00000771,1,2495.0,0.015,37.42,Cancelled,Returned
CONV_SYN_00001453,CLK_SYN_00006478,AFF011,MER0009,CAMP0045,CUST004364,B07VWX567,SES00436402,2024-07-08 03:55:26,ORD_SYN_00001453,1,99.0,0.025,2.48,Delivered,Returned
CONV_SYN_00000803,CLK_SYN_00006408,AFF014,MER0089,CAMP0021,CUST002042,B07PQR345,SES00204203,2024-07-08 04:10:12,ORD_SYN_00000803,1,399.0,0.02,7.98,Delivered,Returned
CONV_SYN_00000122,CLK_SYN_00004311,AFF016,MER0033,CAMP0001,CUST003733,B08JKL456,SES00373301,2024-07-08 07:32:07,ORD_SYN_00000122,1,99.99,0.04,4.0,Delivered,Returned
CONV_SYN_00000429,CLK_SYN_00007345,AFF005,MER0085,CAMP0012,CUST004931,B07HGJKL12,SES00493102,2024-07-08 09:38:54,ORD_SYN_00000429,1,249.0,0.02,4.98,Delivered,Not Returned
CONV_SYN_00000188,CLK_SYN_00009458,AFF009,MER0018,CAMP0044,CUST002926,B07GHI456,SES00292601,2024-07-08 12:06:59,ORD_SYN_00000188,1,149.99,0.035,5.25,Delivered,Returned
CONV_SYN_00001971,CLK_SYN_00006931,AFF001,MER0068,CAMP0003,CUST002318,B08JKL456,SES00231801,2024-07-08 21:52:24,ORD_SYN_00001971,1,99.99,0.04,4.0,Cancelled,Returned
CONV_SYN_00000398,CLK_SYN_00005792,AFF020,MER0034,CAMP0001,CUST002791,B08STU678,SES00279103,2024-07-09 18:48:45,ORD_SYN_00000398,1,69.99,0.03,2.1,Delivered,Not Returned
CONV_SYN_00000380,CLK_SYN_00008317,AFF015,MER0002,CAMP0004,CUST002281,B07MNO012,SES00228102,2024-07-09 20:43:43,ORD_SYN_00000380,2,199.98,0.03,6.0,Delivered,Returned
CONV_SYN_00000539,CLK_SYN_00002432,AFF004,MER0080,CAMP0014,CUST002349,B07TUVW901,SES00234901,2024-07-10 02:56:49,ORD_SYN_00000539,2,299.9,0.025,7.5,Delivered,Not Returned
CONV_SYN_00001758,CLK_SYN_00004435,AFF012,MER0044,CAMP0015,CUST004214,B07HGJKL12,SES00421403,2024-07-10 08:46:15,ORD_SYN_00001758,1,249.0,0.02,4.98,Cancelled,Not Returned
CONV_SYN_00001816,CLK_SYN_00004176,AFF008,MER0059,CAMP0033,CUST004829,B07VWX901,SES00482903,2024-07-10 11:25:46,ORD_SYN_00001816,1,99.99,0.025,2.5,Delivered,Not Returned
CONV_SYN_00001069,CLK_SYN_00002539,AFF006,MER0041,CAMP0034,CUST000965,B08STU678,SES00096502,2024-07-10 13:33:37,ORD_SYN_00001069,1,69.99,0.03,2.1,Delivered,Not Returned
CONV_SYN_00000004,CLK_SYN_00005267,AFF010,MER0041,CAMP0037,CUST000082,B08YZA567,SES00008201,2024-07-10 14:51:41,ORD_SYN_00000004,1,89.99,0.03,2.7,Cancelled,Not Returned
CONV_SYN_00000171,CLK_SYN_00001964,AFF019,MER0092,CAMP0037,CUST002815,B07PQR345,SES00281501,2024-07-10 17:42:35,ORD_SYN_00000171,1,399.0,0.02,7.98,Cancelled,Returned
CONV_SYN_00001904,CLK_SYN_00005306,AFF001,MER0093,CAMP0050,CUST004825,B07MNO345,SES00482502,2024-07-10 18:33:19,ORD_SYN_00001904,1,59.99,0.04,2.4,Delivered,Not Returned
CONV_SYN_00001541,CLK_SYN_00007487,AFF005,MER0094,CAMP0037,CUST001661,B07DEF456,SES00166102,2024-07-10 20:01:28,ORD_SYN_00001541,1,299.0,0.025,7.48,Cancelled,Not Returned
CONV_SYN_00001795,CLK_SYN_00004402,AFF011,MER0008,CAMP0035,CUST000043,B09GHI456,SES00004303,2024-07-11 01:37:28,ORD_SYN_00001795,2,199.98,0.03,6.0,Delivered,Not Returned
CONV_SYN_00001989,CLK_SYN_00000090,AFF006,MER0039,CAMP0023,CUST002756,B08YZA567,SES00275601,2024-07-11 06:22:13,ORD_SYN_00001989,1,89.99,0.03,2.7,Cancelled,Returned
CONV_SYN_00001119,CLK_SYN_00003373,AFF017,MER0041,CAMP0050,CUST003144,B08STU901,SES00314401,2024-07-11 15:29:39,ORD_SYN_00001119,1,379.99,0.025,9.5,Delivered,Not Returned
CONV_SYN_00001424,CLK_SYN_00004046,AFF003,MER0044,CAMP0043,CUST003282,B08STU234,SES00328203,2024-07-11 15:56:01,ORD_SYN_00001424,1,128.0,0.03,3.84,Delivered,Not Returned
CONV_SYN_00001092,CLK_SYN_00001964,AFF019,MER0092,CAMP0037,CUST002815,B07PQR345,SES00281501,2024-07-11 17:41:59,ORD_SYN_00001092,1,399.0,0.02,7.98,Delivered,Not Returned
CONV_SYN_00000094,CLK_SYN_00006119,AFF001,MER0075,CAMP0031,CUST001768,B08JKL789,SES00176803,2024-07-11 19:33:33,ORD_SYN_00000094,2,51.98,0.04,2.08,Delivered,Returned
CONV_SYN_00000913,CLK_SYN_00001527,AFF005,MER0090,CAMP0018,CUST004454,B08JKL456,SES00445401,2024-07-11 23:32:41,ORD_SYN_00000913,1,99.99,0.04,4.0,Cancelled,Not Returned
CONV_SYN_00001861,CLK_SYN_00009074,AFF010,MER0098,CAMP0003,CUST001446,B08YZA567,SES00144603,2024-07-12 02:02:16,ORD_SYN_00001861,2,179.98,0.03,5.4,Delivered,Not Returned
CONV_SYN_00000187,CLK_SYN_00000090,AFF006,MER0039,CAMP0023,CUST002756,B08YZA567,SES00275601,2024-07-12 04:24:01,ORD_SYN_00000187,1,89.99,0.03,2.7,Delivered,Returned
CONV_SYN_00001872,CLK_SYN_00000110,AFF018,MER0044,CAMP0021,CUST004100,B07GHI789,SES00410003,2024-07-12 06:23:06,ORD_SYN_00001872,1,179.0,0.02,3.58,Delivered,Returned
CONV_SYN_00000557,CLK_SYN_00007640,AFF019,MER0053,CAMP0027,CUST004403,B07PQR345,SES00440302,2024-07-12 12:33:22,ORD_SYN_00000557,2,798.0,0.02,15.96,Cancelled,Returned
CONV_SYN_00000412,CLK_SYN_00001787,AFF006,MER0017,CAMP0016,CUST000790,B07HGJKL12,SES00079002,2024-07-12 23:36:53,ORD_SYN_00000412,1,249.0,0.02,4.98,Delivered,Not Returned
CONV_SYN_00001416,CLK_SYN_00005810,AFF015,MER0048,CAMP0050,CUST003225,B08JKL456,SES00322503,2024-07-12 23:48:35,ORD_SYN_00001416,1,99.99,0.04,4.0,Delivered,Not Returned
CONV_SYN_00000785,CLK_SYN_00009377,AFF002,MER0076,CAMP0019,CUST001423,B07MNO345,SES00142302,2024-07-13 03:28:13,ORD_SYN_00000785,1,59.99,0.04,2.4,Delivered,Not Returned
CONV_SYN_00001054,CLK_SYN_00003543,AFF010,MER0042,CAMP0017,CUST004959,B08ABC567,SES00495902,2024-07-13 05:57:35,ORD_SYN_00001054,1,59.99,0.03,1.8,Cancelled,Not Returned
CONV_SYN_00001270,CLK_SYN_00005708,AFF012,MER0073,CAMP0028,CUST000112,B09PQR012,SES00011203,2024-07-13 06:08:15,ORD_SYN_00001270,1,399.0,0.02,7.98,Delivered,Not Returned
CONV_SYN_00000898,CLK_SYN_00006356,AFF017,MER0012,CAMP0016,CUST002471,B09PQR901,SES00247103,2024-07-13 09:04:55,ORD_SYN_00000898,1,349.99,0.02,7.0,Delivered,Returned
CONV_SYN_00000015,CLK_SYN_00009701,AFF019,MER0053,CAMP0047,CUST001141,B09YZA890,SES00114101,2024-07-13 11:12:47,ORD_SYN_00000015,1,98.0,0.03,2.94,Delivered,Not Returned
CONV_SYN_00001908,CLK_SYN_00009258,AFF003,MER0023,CAMP0023,CUST002489,B07MNO789,SES00248902,2024-07-13 16:34:05,ORD_SYN_00001908,2,399.9,0.03,12.0,Delivered,Not Returned
CONV_SYN_00000085,CLK_SYN_00000406,AFF019,MER0085,CAMP0034,CUST000093,B07MNO012,SES00009301,2024-07-13 21:32:37,ORD_SYN_00000085,1,99.99,0.03,3.0,Cancelled,Not Returned
CONV_SYN_00000644,CLK_SYN_00001612,AFF008,MER0011,CAMP0015,CUST004004,B08JKL456,SES00400403,2024-07-14 00:31:04,ORD_SYN_00000644,1,99.99,0.04,4.0,Cancelled,Not Returned
CONV_SYN_00000581,CLK_SYN_00006188,AFF002,MER0023,CAMP0041,CUST004572,B07HGJKL12,SES00457203,2024-07-14 08:22:20,ORD_SYN_00000581,1,249.0,0.02,4.98,Delivered,Returned
CONV_SYN_00000611,CLK_SYN_00009998,AFF015,MER0066,CAMP0013,CUST001669,B07VWX567,SES00166901,2024-07-14 16:38:07,ORD_SYN_00000611,1,99.0,0.025,2.48,Delivered,Not Returned
CONV_SYN_00000862,CLK_SYN_00004507,AFF016,MER0099,CAMP0005,CUST002668,B09PQR012,SES00266801,2024-07-14 23:04:30,ORD_SYN_00000862,1,399.0,0.02,7.98,Delivered,Not Returned
CONV_SYN_00000540,CLK_SYN_00007046,AFF015,MER0073,CAMP0004,CUST004992,B07MNO789,SES00499203,2024-07-14 23:20:46,ORD_SYN_00000540,2,399.9,0.03,12.0,Cancelled,Not Returned
CONV_SYN_00001464,CLK_SYN_00009608,AFF014,MER0050,CAMP0037,CUST001753,B08STU678,SES00175302,2024-07-14 23:36:11,ORD_SYN_00001464,2,139.98,0.03,4.2,Cancelled,Not Returned
CONV_SYN_00001990,CLK_SYN_00009258,AFF003,MER0023,CAMP0023,CUST002489,B07MNO789,SES00248902,2024-07-15 08:50:17,ORD_SYN_00001990,1,199.95,0.03,6.0,Delivered,Not Returned
CONV_SYN_00000545,CLK_SYN_00000499,AFF018,MER0060,CAMP0020,CUST003869,B09GHI456,SES00386901,2024-07-15 14:10:38,ORD_SYN_00000545,1,99.99,0.03,3.0,Delivered,Not Returned
CONV_SYN_00000381,CLK_SYN_00002359,AFF014,MER0028,CAMP0009,CUST004020,B08JKL456,SES00402001,2024-07-15 18:17:04,ORD_SYN_00000381,1,99.99,0.04,4.0,Delivered,Not Returned
CONV_SYN_00000971,CLK_SYN_00003243,AFF013,MER0008,CAMP0019,CUST000516,B09HIJ012,SES00051602,2024-07-15 20:13:51,ORD_SYN_00000971,1,139.99,0.04,5.6,Delivered,Not Returned
CONV_SYN_00000041,CLK_SYN_00008997,AFF006,MER0034,CAMP0024,CUST003645,B09HIJ890,SES00364501,2024-07-15 22:26:30,ORD_SYN_00000041,1,299.99,0.025,7.5,Delivered,Not Returned
CONV_SYN_00000003,CLK_SYN_00003271,AFF015,MER0031,CAMP0033,CUST003877,B09GHI456,SES00387702,2024-07-15 22:37:36,ORD_SYN_00000003,1,99.99,0.03,3.0,Delivered,Not Returned
CONV_SYN_00001768,CLK_SYN_00008136,AFF018,MER0096,CAMP0022,CUST003939,B07BCD890,SES00393902,2024-07-16 04:25:47,ORD_SYN_00001768,1,799.99,0.02,16.0,Delivered,Not Returned
CONV_SYN_00001472,CLK_SYN_00002761,AFF020,MER0007,CAMP0033,CUST000152,B08ABC567,SES00015202,2024-07-16 08:13:28,ORD_SYN_00001472,1,59.99,0.03,1.8,Delivered,Not Returned
CONV_SYN_00001414,CLK_SYN_00008136,AFF018,MER0096,CAMP0022,CUST003939,B07BCD890,SES00393902,2024-07-16 10:19:11,ORD_SYN_00001414,1,799.99,0.02,16.0,Delivered,Returned
CONV_SYN_00001772,CLK_SYN_00004507,AFF016,MER0099,CAMP0005,CUST002668,B09PQR012,SES00266801,2024-07-16 10:32:42,ORD_SYN_00001772,1,399.0,0.02,7.98,Delivered,Returned
CONV_SYN_00001499,CLK_SYN_00007495,AFF010,MER0072,CAMP0029,CUST001507,B08N5WRWNW,SES00150701,2024-07-16 11:19:39,ORD_SYN_00001499,1,49.99,0.04,2.0,Delivered,Not Returned
CONV_SYN_00001272,CLK_SYN_00003266,AFF001,MER0041,CAMP0015,CUST003393,B09HIJ890,SES00339303,2024-07-16 13:14:40,ORD_SYN_00001272,1,299.99,0.025,7.5,Delivered,Not Returned
CONV_SYN_00000462,CLK_SYN_00003266,AFF001,MER0041,CAMP0015,CUST003393,B09HIJ890,SES00339303,2024-07-16 15:01:28,ORD_SYN_00000462,1,299.99,0.025,7.5,Delivered,Not Returned
CONV_SYN_00001625,CLK_SYN_00007510,AFF008,MER0010,CAMP0043,CUST001011,B07MNO789,SES00101103,2024-07-16 15:32:08,ORD_SYN_00001625,1,199.95,0.03,6.0,Delivered,Not Returned
CONV_SYN_00000962,CLK_SYN_00003945,AFF012,MER0092,CAMP0046,CUST001603,B08STU901,SES00160301,2024-07-16 18:53:16,ORD_SYN_00000962,2,759.98,0.025,19.0,Delivered,Not Returned
CONV_SYN_00000843,CLK_SYN_00004232,AFF006,MER0019,CAMP0049,CUST002575,B09PQR678,SES00257502,2024-07-16 19:56:37,ORD_SYN_00000843,2,799.98,0.02,16.0,Delivered,Not Returned
CONV_SYN_00001302,CLK_SYN_00006524,AFF009,MER0004,CAMP0009,CUST002196,B07PQR345,SES00219601,2024-07-17 02:08:52,ORD_SYN_00001302,1,399.0,0.02,7.98,Delivered,Not Returned
CONV_SYN_00001220,CLK_SYN_00003945,AFF012,MER0092,CAMP0046,CUST001603,B08STU901,SES00160301,2024-07-17 08:02:52,ORD_SYN_00001220,1,379.99,0.025,9.5,Delivered,Not Returned
CONV_SYN_00000918,CLK_SYN_00007000,AFF018,MER0048,CAMP0011,CUST000137,B08ABC890,SES00013703,2024-07-17 10:54:34,ORD_SYN_00000918,1,249.99,0.025,6.25,Delivered,Not Returned
CONV_SYN_00001581,CLK_SYN_00006219,AFF019,MER0057,CAMP0050,CUST002535,B07VWX901,SES00253501,2024-07-17 14:13:26,ORD_SYN_00001581,1,99.99,0.025,2.5,Delivered,Not Returned
CONV_SYN_00001536,CLK_SYN_00003271,AFF015,MER0031,CAMP0033,CUST003877,B09GHI456,SES00387702,2024-07-18 01:11:48,ORD_SYN_00001536,1,99.99,0.03,3.0,Cancelled,Not Returned
CONV_SYN_00001471,CLK_SYN_00009449,AFF015,MER0014,CAMP0046,CUST003574,B07TUVW901,SES00357403,2024-07-18 04:52:20,ORD_SYN_00001471,1,149.95,0.025,3.75,Delivered,Not Returned
CONV_SYN_00001370,CLK_SYN_00004938,AFF016,MER0049,CAMP0029,CUST001885,B07MNO012,SES00188502,2024-07-18 17:38:47,ORD_SYN_00001370,1,99.99,0.03,3.0,Delivered,Not Returned
CONV_SYN_00000150,CLK_SYN_00009212,AFF020,MER0052,CAMP0035,CUST000373,B08N5WRWNW,SES00037303,2024-07-18 18:12:50,ORD_SYN_00000150,1,49.99,0.04,2.0,Delivered,Returned
CONV_SYN_00001832,CLK_SYN_00009212,AFF020,MER0052,CAMP0035,CUST000373,B08N5WRWNW,SES00037303,2024-07-19 01:38:38,ORD_SYN_00001832,1,49.99,0.04,2.0,Cancelled,Returned
CONV_SYN_00000327,CLK_SYN_00007770,AFF008,MER0061,CAMP0028,CUST004359,B08STU345,SES00435901,2024-07-19 06:05:09,ORD_SYN_00000327,1,349.99,0.025,8.75,Delivered,Not Returned
CONV_SYN_00001207,CLK_SYN_00007000,AFF018,MER0048,CAMP0011,CUST000137,B08ABC890,SES00013703,2024-07-19 10:18:34,ORD_SYN_00001207,1,249.99,0.025,6.25,Cancelled,Returned
CONV_SYN_00000526,CLK_SYN_00000981,AFF005,MER0016,CAMP0032,CUST001293,B07MNO789,SES00129301,2024-07-19 14:01:44,ORD_SYN_00000526,1,199.95,0.03,6.0,Cancelled,Not Returned
CONV_SYN_00000240,CLK_SYN_00006252,AFF015,MER0026,CAMP0020,CUST001423,B07GHI456,SES00142303,2024-07-19 14:23:09,ORD_SYN_00000240,1,149.99,0.035,5.25,Delivered,Returned
CONV_SYN_00000090,CLK_SYN_00000928,AFF001,MER0007,CAMP0015,CUST003475,B09PQR901,SES00347501,2024-07-19 22:14:48,ORD_SYN_00000090,1,349.99,0.02,7.0,Delivered,Not Returned
CONV_SYN_00001316,CLK_SYN_00009447,AFF016,MER0038,CAMP0049,CUST002529,B09XYZ234,SES00252902,2024-07-20 05:19:46,ORD_SYN_00001316,1,348.0,0.02,6.96,Cancelled,Returned
CONV_SYN_00001571,CLK_SYN_00000928,AFF001,MER0007,CAMP0015,CUST003475,B09PQR901,SES00347501,2024-07-20 08:16:36,ORD_SYN_00001571,1,349.99,0.02,7.0,Delivered,Returned
CONV_SYN_00000921,CLK_SYN_00009447,AFF016,MER0038,CAMP0049,CUST002529,B09XYZ234,SES00252902,2024-07-20 13:47:22,ORD_SYN_00000921,1,348.0,0.02,6.96,Delivered,Not Returned
CONV_SYN_00000741,CLK_SYN_00000314,AFF001,MER0007,CAMP0021,CUST002143,B07DEF456,SES00214302,2024-07-20 14:31:35,ORD_SYN_00000741,1,299.0,0.025,7.48,Cancelled,Not Returned
CONV_SYN_00001203,CLK_SYN_00009328,AFF008,MER0057,CAMP0032,CUST000016,B09YZA901,SES00001602,2024-07-20 21:06:01,ORD_SYN_00001203,1,199.99,0.03,6.0,Cancelled,Returned
CONV_SYN_00000049,CLK_SYN_00000981,AFF005,MER0016,CAMP0032,CUST001293,B07MNO789,SES00129301,2024-07-20 22:27:32,ORD_SYN_00000049,1,199.95,0.03,6.0,Delivered,Returned
CONV_SYN_00001865,CLK_SYN_00009449,AFF015,MER0014,CAMP0046,CUST003574,B07TUVW901,SES00357403,2024-07-20 22:47:32,ORD_SYN_00001865,1,149.95,0.025,3.75,Delivered,Not Returned
CONV_SYN_00001909,CLK_SYN_00002039,AFF015,MER0071,CAMP0017,CUST001572,B08ABC123,SES00157202,2024-07-21 07:28:13,ORD_SYN_00001909,1,2495.0,0.015,37.42,Delivered,Returned
CONV_SYN_00001970,CLK_SYN_00007477,AFF014,MER0049,CAMP0024,CUST001383,B07GHI789,SES00138301,2024-07-21 08:51:38,ORD_SYN_00001970,1,179.0,0.02,3.58,Delivered,Not Returned
CONV_SYN_00000464,CLK_SYN_00002088,AFF011,MER0098,CAMP0005,CUST001792,B07DEF456,SES00179203,2024-07-21 15:37:13,ORD_SYN_00000464,1,299.0,0.025,7.48,Delivered,Not Returned
CONV_SYN_00001089,CLK_SYN_00009328,AFF008,MER0057,CAMP0032,CUST000016,B09YZA901,SES00001602,2024-07-21 23:28:49,ORD_SYN_00001089,1,199.99,0.03,6.0,Delivered,Returned
CONV_SYN_00000233,CLK_SYN_00009246,AFF012,MER0065,CAMP0032,CUST003201,B08MNO012,SES00320103,2024-07-22 03:02:00,ORD_SYN_00000233,1,149.99,0.03,4.5,Cancelled,Not Returned
CONV_SYN_00001176,CLK_SYN_00000958,AFF004,MER0034,CAMP0018,CUST002059,B09PQR678,SES00205903,2024-07-22 03:02:21,ORD_SYN_00001176,1,399.99,0.02,8.0,Delivered,Returned
CONV_SYN_00000254,CLK_SYN_00006196,AFF010,MER0006,CAMP0012,CUST000465,B07HGJKL12,SES00046503,2024-07-22 06:48:29,ORD_SYN_00000254,1,249.0,0.02,4.98,Delivered,Not Returned
CONV_SYN_00000162,CLK_SYN_00000775,AFF012,MER0061,CAMP0008,CUST000378,B07PQR345,SES00037801,2024-07-22 14:11:45,ORD_SYN_00000162,1,399.0,0.02,7.98,Cancelled,Not Returned
CONV_SYN_00001713,CLK_SYN_00004969,AFF011,MER0080,CAMP0039,CUST002060,B08QRST678,SES00206003,2024-07-23 00:29:38,ORD_SYN_00001713,2,399.98,0.02,8.0,Cancelled,Not Returned
CONV_SYN_00000747,CLK_SYN_00005362,AFF008,MER0091,CAMP0019,CUST003004,B08STU234,SES00300401,2024-07-23 12:14:19,ORD_SYN_00000747,1,128.0,0.03,3.84,Delivered,Not Returned
CONV_SYN_00000958,CLK_SYN_00009595,AFF004,MER0040,CAMP0003,CUST004866,B07VWX901,SES00486602,2024-07-23 13:29:35,ORD_SYN_00000958,1,99.99,0.025,2.5,Delivered,Returned
CONV_SYN_00001888,CLK_SYN_00006196,AFF010,MER0006,CAMP0012,CUST000465,B07HGJKL12,SES00046503,2024-07-24 00:08:53,ORD_SYN_00001888,2,498.0,0.02,9.96,Delivered,Returned
CONV_SYN_00000192,CLK_SYN_00006728,AFF012,MER0083,CAMP0023,CUST002213,B07EFG567,SES00221302,2024-07-24 01:08:04,ORD_SYN_00000192,1,449.95,0.025,11.25,Cancelled,Returned
CONV_SYN_00000565,CLK_SYN_00004096,AFF016,MER0099,CAMP0025,CUST002943,B07MNO678,SES00294301,2024-07-24 02:58:52,ORD_SYN_00000565,1,34.99,0.04,1.4,Delivered,Not Returned
CONV_SYN_00000772,CLK_SYN_00000443,AFF013,MER0052,CAMP0045,CUST001793,B08ABC890,SES00179301,2024-07-24 04:12:20,ORD_SYN_00000772,1,249.99,0.025,6.25,Delivered,Not Returned
CONV_SYN_00001061,CLK_SYN_00003245,AFF007,MER0055,CAMP0006,CUST000443,B08C1W5N87,SES00044302,2024-07-24 08:44:18,ORD_SYN_00001061,3,239.85,0.03,7.2,Delivered,Returned
CONV_SYN_00000153,CLK_SYN_00003868,AFF009,MER0081,CAMP0018,CUST000014,B07VWX567,SES00001401,2024-07-24 09:21:30,ORD_SYN_00000153,1,99.0,0.025,2.48,Delivered,Returned
CONV_SYN_00000871,CLK_SYN_00004477,AFF019,MER0010,CAMP0044,CUST000828,B09GHI123,SES00082803,2024-07-24 10:48:42,ORD_SYN_00000871,1,179.99,0.025,4.5,Delivered,Not Returned
CONV_SYN_00000009,CLK_SYN_00006526,AFF009,MER0044,CAMP0037,CUST004546,B07PQR345,SES00454601,2024-07-24 19:47:56,ORD_SYN_00000009,1,399.0,0.02,7.98,Cancelled,Not Returned
CONV_SYN_00001123,CLK_SYN_00006237,AFF003,MER0057,CAMP0001,CUST000081,B09GHI789,SES00008103,2024-07-24 20:28:04,ORD_SYN_00001123,1,49.99,0.04,2.0,Cancelled,Not Returned
CONV_SYN_00000532,CLK_SYN_00003245,AFF007,MER0055,CAMP0006,CUST000443,B08C1W5N87,SES00044302,2024-07-25 02:01:42,ORD_SYN_00000532,1,79.95,0.03,2.4,Delivered,Not Returned
CONV_SYN_00000294,CLK_SYN_00007101,AFF013,MER0074,CAMP0023,CUST004053,B09MNOP345,SES00405303,2024-07-25 04:59:41,ORD_SYN_00000294,1,79.99,0.03,2.4,Delivered,Not Returned
CONV_SYN_00000695,CLK_SYN_00008603,AFF017,MER0034,CAMP0022,CUST002256,B07VWX678,SES00225602,2024-07-25 07:10:41,ORD_SYN_00000695,2,658.0,0.02,13.16,Cancelled,Not Returned
CONV_SYN_00000161,CLK_SYN_00001500,AFF011,MER0082,CAMP0022,CUST004154,B07EFG567,SES00415403,2024-07-25 07:43:08,ORD_SYN_00000161,1,449.95,0.025,11.25,Delivered,Not Returned
CONV_SYN_00001528,CLK_SYN_00005869,AFF011,MER0035,CAMP0034,CUST002352,B09YZA901,SES00235201,2024-07-25 16:19:00,ORD_SYN_00001528,1,199.99,0.03,6.0,Cancelled,Not Returned
CONV_SYN_00000259,CLK_SYN_00003868,AFF009,MER0081,CAMP0018,CUST000014,B07VWX567,SES00001401,2024-07-26 00:26:18,ORD_SYN_00000259,1,99.0,0.025,2.48,Delivered,Not Returned
CONV_SYN_00001520,CLK_SYN_00008312,AFF005,MER0065,CAMP0048,CUST004422,B08BCD234,SES00442201,2024-07-26 07:52:13,ORD_SYN_00001520,3,1493.97,0.02,29.88,Delivered,Returned
CONV_SYN_00001846,CLK_SYN_00003868,AFF009,MER0081,CAMP0018,CUST000014,B07VWX567,SES00001401,2024-07-26 13:46:42,ORD_SYN_00001846,1,99.0,0.025,2.48,Delivered,Not Returned
CONV_SYN_00000343,CLK_SYN_00009527,AFF020,MER0049,CAMP0021,CUST000657,B08JKL012,SES00065702,2024-07-26 15:41:04,ORD_SYN_00000343,2,438.0,0.02,8.76,Cancelled,Not Returned
CONV_SYN_00000351,CLK_SYN_00008435,AFF020,MER0080,CAMP0014,CUST000784,B08EFG123,SES00078401,2024-07-26 17:12:18,ORD_SYN_00000351,1,79.99,0.03,2.4,Cancelled,Not Returned
CONV_SYN_00001152,CLK_SYN_00006237,AFF003,MER0057,CAMP0001,CUST000081,B09GHI789,SES00008103,2024-07-26 19:40:40,ORD_SYN_00001152,1,49.99,0.04,2.0,Cancelled,Not Returned
CONV_SYN_00001266,CLK_SYN_00005815,AFF011,MER0045,CAMP0027,CUST003785,B09GHI456,SES00378502,2024-07-26 22:27:33,ORD_SYN_00001266,1,99.99,0.03,3.0,Delivered,Not Returned
CONV_SYN_00000851,CLK_SYN_00008989,AFF010,MER0083,CAMP0002,CUST002822,B08C1W5N87,SES00282203,2024-07-27 04:35:48,ORD_SYN_00000851,1,79.95,0.03,2.4,Delivered,Not Returned
CONV_SYN_00000095,CLK_SYN_00005672,AFF016,MER0030,CAMP0037,CUST001736,B09GHI456,SES00173602,2024-07-27 09:57:29,ORD_SYN_00000095,1,99.99,0.03,3.0,Delivered,Not Returned
CONV_SYN_00000616,CLK_SYN_00009102,AFF002,MER0062,CAMP0037,CUST002492,B08N5WRWNW,SES00249202,2024-07-27 14:48:24,ORD_SYN_00000616,1,49.99,0.04,2.0,Delivered,Returned
CONV_SYN_00001555,CLK_SYN_00005761,AFF007,MER0019,CAMP0031,CUST000213,B07GHI456,SES00021303,2024-07-27 15:45:18,ORD_SYN_00001555,1,149.99,0.035,5.25,Delivered,Returned
CONV_SYN_00001681,CLK_SYN_00004623,AFF019,MER0025,CAMP0039,CUST003943,B08EFG123,SES00394301,2024-07-27 20:26:57,ORD_SYN_00001681,2,159.98,0.03,4.8,Cancelled,Not Returned
CONV_SYN_00000507,CLK_SYN_00005516,AFF001,MER0095,CAMP0015,CUST003101,B08JKL456,SES00310101,2024-07-27 20:37:49,ORD_SYN_00000507,2,199.98,0.04,8.0,Delivered,Not Returned
CONV_SYN_00000064,CLK_SYN_00004440,AFF004,MER0021,CAMP0037,CUST001385,B07VWX678,SES00138503,2024-07-28 17:55:40,ORD_SYN_00000064,1,329.0,0.02,6.58,Delivered,Returned
CONV_SYN_00000377,CLK_SYN_00002837,AFF020,MER0081,CAMP0038,CUST003487,B08JKL789,SES00348702,2024-07-28 21:36:37,ORD_SYN_00000377,1,25.99,0.04,1.04,Delivered,Returned
CONV_SYN_00000268,CLK_SYN_00007975,AFF007,MER0088,CAMP0004,CUST004867,B09YZA234,SES00486702,2024-07-29 02:12:29,ORD_SYN_00000268,1,199.99,0.02,4.0,Delivered,Returned
CONV_SYN_00001926,CLK_SYN_00007975,AFF007,MER0088,CAMP0004,CUST004867,B09YZA234,SES00486702,2024-07-29 05:10:41,ORD_SYN_00001926,1,199.99,0.02,4.0,Cancelled,Returned
CONV_SYN_00000484,CLK_SYN_00001692,AFF018,MER0080,CAMP0008,CUST004877,B07TUVW901,SES00487702,2024-07-29 12:11:01,ORD_SYN_00000484,2,299.9,0.025,7.5,Cancelled,Not Returned
CONV_SYN_00000005,CLK_SYN_00002929,AFF008,MER0093,CAMP0041,CUST001399,B09MNOP345,SES00139902,2024-07-29 18:08:46,ORD_SYN_00000005,1,79.99,0.03,2.4,Delivered,Not Returned
CONV_SYN_00000818,CLK_SYN_00007250,AFF015,MER0031,CAMP0021,CUST004262,B07DEF890,SES00426202,2024-07-29 21:26:33,ORD_SYN_00000818,1,25.99,0.04,1.04,Delivered,Not Returned
CONV_SYN_00000652,CLK_SYN_00001651,AFF004,MER0063,CAMP0014,CUST003160,B07MNO789,SES00316001,2024-07-29 21:37:33,ORD_SYN_00000652,1,199.95,0.03,6.0,Delivered,Not Returned
CONV_SYN_00001018,CLK_SYN_00005077,AFF006,MER0098,CAMP0004,CUST001789,B08JKL456,SES00178901,2024-07-29 23:10:42,ORD_SYN_00001018,1,99.99,0.04,4.0,Delivered,Not Returned
CONV_SYN_00001962,CLK_SYN_00007975,AFF007,MER0088,CAMP0004,CUST004867,B09YZA234,SES00486702,2024-07-30 00:19:05,ORD_SYN_00001962,1,199.99,0.02,4.0,Delivered,Not Returned
CONV_SYN_00001814,CLK_SYN_00006703,AFF013,MER0039,CAMP0010,CUST002736,B08C1W5N87,SES00273602,2024-07-30 00:47:32,ORD_SYN_00001814,2,159.9,0.03,4.8,Delivered,Not Returned
CONV_SYN_00001368,CLK_SYN_00006467,AFF006,MER0009,CAMP0005,CUST004228,B08JKL789,SES00422802,2024-07-30 00:55:12,ORD_SYN_00001368,1,25.99,0.04,1.04,Cancelled,Not Returned
CONV_SYN_00001235,CLK_SYN_00008192,AFF010,MER0100,CAMP0005,CUST003370,B09MNOP345,SES00337001,2024-07-30 01:30:03,ORD_SYN_00001235,2,159.98,0.03,4.8,Cancelled,Not Returned
CONV_SYN_00000955,CLK_SYN_00002944,AFF011,MER0006,CAMP0021,CUST002760,B09PQR012,SES00276002,2024-07-30 05:39:41,ORD_SYN_00000955,1,399.0,0.02,7.98,Delivered,Not Returned
CONV_SYN_00000960,CLK_SYN_00007299,AFF003,MER0035,CAMP0031,CUST002875,B09YZA234,SES00287501,2024-07-30 06:20:14,ORD_SYN_00000960,1,199.99,0.02,4.0,Delivered,Returned
CONV_SYN_00001722,CLK_SYN_00006036,AFF013,MER0068,CAMP0027,CUST002644,B09GHI123,SES00264402,2024-07-30 16:03:43,ORD_SYN_00001722,1,179.99,0.025,4.5,Delivered,Returned
CONV_SYN_00000992,CLK_SYN_00006541,AFF004,MER0063,CAMP0016,CUST004945,B09YZA890,SES00494501,2024-07-30 21:44:24,ORD_SYN_00000992,1,98.0,0.03,2.94,Delivered,Not Returned
CONV_SYN_00000461,CLK_SYN_00005077,AFF006,MER0098,CAMP0004,CUST001789,B08JKL456,SES00178901,2024-07-31 01:44:18,ORD_SYN_00000461,1,99.99,0.04,4.0,Delivered,Not Returned
CONV_SYN_00001781,CLK_SYN_00003451,AFF016,MER0024,CAMP0028,CUST003822,B08BCD234,SES00382203,2024-07-31 07:51:54,ORD_SYN_00001781,1,497.99,0.02,9.96,Delivered,Not Returned
CONV_SYN_00000961,CLK_SYN_00000697,AFF002,MER0044,CAMP0044,CUST001972,B07GHI789,SES00197203,2024-07-31 10:40:30,ORD_SYN_00000961,1,179.0,0.02,3.58,Delivered,Not Returned
CONV_SYN_00000190,CLK_SYN_00004821,AFF007,MER0048,CAMP0018,CUST000582,B08STU345,SES00058203,2024-07-31 12:10:45,ORD_SYN_00000190,1,349.99,0.025,8.75,Delivered,Returned
CONV_SYN_00000470,CLK_SYN_00002533,AFF011,MER0027,CAMP0006,CUST004326,B08STU901,SES00432601,2024-07-31 12:19:28,ORD_SYN_00000470,1,379.99,0.025,9.5,Delivered,Not Returned
CONV_SYN_00001592,CLK_SYN_00004821,AFF007,MER0048,CAMP0018,CUST000582,B08STU345,SES00058203,2024-07-31 14:21:33,ORD_SYN_00001592,2,699.98,0.025,17.5,Delivered,Not Returned
CONV_SYN_00001919,CLK_SYN_00000941,AFF018,MER0066,CAMP0017,CUST004136,B08STU345,SES00413602,2024-08-01 08:44:22,ORD_SYN_00001919,1,349.99,0.025,8.75,Cancelled,Returned
CONV_SYN_00000225,CLK_SYN_00008687,AFF012,MER0011,CAMP0040,CUST000267,B08ABC890,SES00026703,2024-08-01 09:57:56,ORD_SYN_00000225,3,749.97,0.025,18.75,Delivered,Not Returned
CONV_SYN_00001544,CLK_SYN_00003701,AFF017,MER0039,CAMP0004,CUST000807,B07MNO789,SES00080701,2024-08-01 10:40:25,ORD_SYN_00001544,1,199.95,0.03,6.0,Cancelled,Not Returned
CONV_SYN_00000344,CLK_SYN_00007824,AFF002,MER0018,CAMP0014,CUST000761,B09GHI123,SES00076103,2024-08-01 11:56:58,ORD_SYN_00000344,1,179.99,0.025,4.5,Cancelled,Not Returned
CONV_SYN_00001564,CLK_SYN_00006850,AFF003,MER0100,CAMP0034,CUST002853,B07GHI789,SES00285301,2024-08-02 10:53:54,ORD_SYN_00001564,1,179.0,0.02,3.58,Delivered,Not Returned
CONV_SYN_00001179,CLK_SYN_00000269,AFF016,MER0049,CAMP0047,CUST004368,B09YZA890,SES00436802,2024-08-02 23:42:55,ORD_SYN_00001179,1,98.0,0.03,2.94,Delivered,Returned
CONV_SYN_00001093,CLK_SYN_00006850,AFF003,MER0100,CAMP0034,CUST002853,B07GHI789,SES00285301,2024-08-03 01:32:18,ORD_SYN_00001093,1,179.0,0.02,3.58,Delivered,Not Returned
CONV_SYN_00000792,CLK_SYN_00008664,AFF015,MER0060,CAMP0047,CUST002367,B08ABC123,SES00236701,2024-08-03 06:32:04,ORD_SYN_00000792,1,2495.0,0.015,37.42,Delivered,Not Returned
CONV_SYN_00000184,CLK_SYN_00003851,AFF007,MER0029,CAMP0025,CUST000360,B09JKL789,SES00036002,2024-08-03 20:34:46,ORD_SYN_00000184,3,2099.85,0.025,52.5,Cancelled,Not Returned
CONV_SYN_00000324,CLK_SYN_00000105,AFF009,MER0084,CAMP0048,CUST001965,B08JKL789,SES00196501,2024-08-04 11:22:50,ORD_SYN_00000324,2,51.98,0.04,2.08,Cancelled,Not Returned
CONV_SYN_00000438,CLK_SYN_00009606,AFF019,MER0022,CAMP0004,CUST001029,B09PQR678,SES00102902,2024-08-04 11:47:51,ORD_SYN_00000438,2,799.98,0.02,16.0,Delivered,Not Returned
CONV_SYN_00001167,CLK_SYN_00009266,AFF016,MER0015,CAMP0049,CUST004048,B08JKL345,SES00404802,2024-08-04 13:49:21,ORD_SYN_00001167,1,349.95,0.02,7.0,Delivered,Not Returned
CONV_SYN_00000450,CLK_SYN_00001859,AFF004,MER0080,CAMP0010,CUST000954,B08MNO012,SES00095403,2024-08-04 14:00:32,ORD_SYN_00000450,1,149.99,0.03,4.5,Cancelled,Not Returned
CONV_SYN_00001723,CLK_SYN_00001885,AFF001,MER0034,CAMP0020,CUST004330,B07MNO789,SES00433002,2024-08-04 16:37:02,ORD_SYN_00001723,1,199.95,0.03,6.0,Cancelled,Returned
CONV_SYN_00000098,CLK_SYN_00000787,AFF020,MER0050,CAMP0017,CUST000877,B08STU345,SES00087702,2024-08-04 23:30:44,ORD_SYN_00000098,1,349.99,0.025,8.75,Delivered,Not Returned
CONV_SYN_00001263,CLK_SYN_00003468,AFF007,MER0074,CAMP0030,CUST002945,B09DEF123,SES00294502,2024-08-05 06:15:16,ORD_SYN_00001263,2,2398.0,0.015,35.97,Delivered,Not Returned
CONV_SYN_00000157,CLK_SYN_00008238,AFF012,MER0068,CAMP0039,CUST004122,B07MNO789,SES00412202,2024-08-05 08:01:30,ORD_SYN_00000157,1,199.95,0.03,6.0,Delivered,Not Returned
CONV_SYN_00001280,CLK_SYN_00004365,AFF020,MER0085,CAMP0034,CUST002345,B07TUVW901,SES00234501,2024-08-05 10:19:22,ORD_SYN_00001280,1,149.95,0.025,3.75,Cancelled,Not Returned
CONV_SYN_00000288,CLK_SYN_00003468,AFF007,MER0074,CAMP0030,CUST002945,B09DEF123,SES00294502,2024-08-06 03:00:52,ORD_SYN_00000288,1,1199.0,0.015,17.98,Cancelled,Returned
CONV_SYN_00000808,CLK_SYN_00007565,AFF020,MER0005,CAMP0039,CUST003444,B09GHI123,SES00344402,2024-08-06 04:57:51,ORD_SYN_00000808,1,179.99,0.025,4.5,Delivered,Not Returned
CONV_SYN_00000363,CLK_SYN_00005257,AFF010,MER0038,CAMP0009,CUST003452,B09GHI456,SES00345202,2024-08-06 07:14:47,ORD_SYN_00000363,1,99.99,0.03,3.0,Cancelled,Returned
CONV_SYN_00001199,CLK_SYN_00001864,AFF017,MER0065,CAMP0025,CUST000855,B08JKL012,SES00085502,2024-08-06 07:23:13,ORD_SYN_00001199,1,219.0,0.02,4.38,Delivered,Not Returned
CONV_SYN_00001727,CLK_SYN_00003468,AFF007,MER0074,CAMP0030,CUST002945,B09DEF123,SES00294502,2024-08-06 09:57:52,ORD_SYN_00001727,1,1199.0,0.015,17.98,Delivered,Not Returned
CONV_SYN_00001107,CLK_SYN_00009144,AFF007,MER0022,CAMP0014,CUST000163,B07MNO345,SES00016303,2024-08-06 21:24:51,ORD_SYN_00001107,2,119.98,0.04,4.8,Delivered,Not Returned
CONV_SYN_00000920,CLK_SYN_00004153,AFF008,MER0015,CAMP0018,CUST003766,B07MNO012,SES00376601,2024-08-07 04:22:26,ORD_SYN_00000920,1,99.99,0.03,3.0,Delivered,Not Returned
CONV_SYN_00000584,CLK_SYN_00006308,AFF005,MER0003,CAMP0025,CUST003473,B09PQR678,SES00347301,2024-08-07 15:22:40,ORD_SYN_00000584,2,799.98,0.02,16.0,Delivered,Not Returned
CONV_SYN_00000145,CLK_SYN_00004438,AFF020,MER0077,CAMP0041,CUST004639,B07MNO789,SES00463902,2024-08-07 18:13:58,ORD_SYN_00000145,2,399.9,0.03,12.0,Delivered,Not Returned
CONV_SYN_00001007,CLK_SYN_00006466,AFF019,MER0042,CAMP0004,CUST000663,B08MNO012,SES00066301,2024-08-07 21:15:53,ORD_SYN_00001007,1,149.99,0.03,4.5,Delivered,Not Returned
CONV_SYN_00000744,CLK_SYN_00001654,AFF009,MER0064,CAMP0024,CUST002646,B07BCD890,SES00264602,2024-08-07 21:57:42,ORD_SYN_00000744,1,799.99,0.02,16.0,Delivered,Not Returned
CONV_SYN_00000510,CLK_SYN_00003563,AFF008,MER0072,CAMP0002,CUST003949,B07DEF890,SES00394902,2024-08-08 00:48:33,ORD_SYN_00000510,1,25.99,0.04,1.04,Delivered,Not Returned
CONV_SYN_00000347,CLK_SYN_00002806,AFF014,MER0070,CAMP0047,CUST004156,B08ABC567,SES00415603,2024-08-08 01:18:10,ORD_SYN_00000347,1,59.99,0.03,1.8,Cancelled,Returned
CONV_SYN_00000402,CLK_SYN_00009313,AFF003,MER0058,CAMP0036,CUST002859,B07FZ8S74R,SES00285901,2024-08-08 03:05:26,ORD_SYN_00000402,1,39.99,0.04,1.6,Delivered,Not Returned
CONV_SYN_00000867,CLK_SYN_00003049,AFF008,MER0035,CAMP0014,CUST003610,B09YZA890,SES00361001,2024-08-08 12:09:27,ORD_SYN_00000867,1,98.0,0.03,2.94,Cancelled,Not Returned
CONV_SYN_00001151,CLK_SYN_00002806,AFF014,MER0070,CAMP0047,CUST004156,B08ABC567,SES00415603,2024-08-08 12:51:10,ORD_SYN_00001151,1,59.99,0.03,1.8,Cancelled,Not Returned
CONV_SYN_00000123,CLK_SYN_00006308,AFF005,MER0003,CAMP0025,CUST003473,B09PQR678,SES00347301,2024-08-08 16:23:52,ORD_SYN_00000123,1,399.99,0.02,8.0,Delivered,Returned
CONV_SYN_00001056,CLK_SYN_00003953,AFF001,MER0012,CAMP0024,CUST004663,B08STU901,SES00466301,2024-08-08 22:46:05,ORD_SYN_00001056,1,379.99,0.025,9.5,Delivered,Returned
CONV_SYN_00000681,CLK_SYN_00004254,AFF014,MER0021,CAMP0024,CUST002001,B07MNO789,SES00200102,2024-08-09 01:11:56,ORD_SYN_00000681,1,199.95,0.03,6.0,Delivered,Not Returned
CONV_SYN_00000941,CLK_SYN_00008860,AFF015,MER0011,CAMP0016,CUST004446,B07FZ8S74R,SES00444603,2024-08-09 02:31:27,ORD_SYN_00000941,1,39.99,0.04,1.6,Delivered,Not Returned
CONV_SYN_00001096,CLK_SYN_00004090,AFF003,MER0073,CAMP0030,CUST004511,B08N5WRWNW,SES00451101,2024-08-09 15:21:33,ORD_SYN_00001096,1,49.99,0.04,2.0,Delivered,Returned
CONV_SYN_00001879,CLK_SYN_00003883,AFF004,MER0003,CAMP0015,CUST004533,B09VWX234,SES00453301,2024-08-09 19:00:22,ORD_SYN_00001879,1,599.0,0.02,11.98,Delivered,Returned
CONV_SYN_00000133,CLK_SYN_00006921,AFF018,MER0087,CAMP0022,CUST003482,B08STU345,SES00348203,2024-08-10 01:37:24,ORD_SYN_00000133,1,349.99,0.025,8.75,Delivered,Not Returned
CONV_SYN_00000360,CLK_SYN_00001215,AFF018,MER0002,CAMP0021,CUST000904,B07MNO012,SES00090402,2024-08-10 07:07:54,ORD_SYN_00000360,1,99.99,0.03,3.0,Cancelled,Not Returned
CONV_SYN_00000758,CLK_SYN_00003612,AFF008,MER0022,CAMP0009,CUST004218,B09HIJ890,SES00421801,2024-08-10 07:47:56,ORD_SYN_00000758,1,299.99,0.025,7.5,Delivered,Returned
CONV_SYN_00000275,CLK_SYN_00002185,AFF014,MER0026,CAMP0010,CUST004538,B07MNO345,SES00453802,2024-08-10 08:07:03,ORD_SYN_00000275,1,59.99,0.04,2.4,Delivered,Not Returned
CONV_SYN_00000492,CLK_SYN_00000450,AFF007,MER0053,CAMP0005,CUST001810,B08EFG456,SES00181003,2024-08-10 10:49:49,ORD_SYN_00000492,1,39.95,0.04,1.6,Delivered,Not Returned
CONV_SYN_00001736,CLK_SYN_00009814,AFF016,MER0074,CAMP0022,CUST001875,B07GHI789,SES00187501,2024-08-10 12:08:59,ORD_SYN_00001736,1,179.0,0.02,3.58,Delivered,Not Returned
CONV_SYN_00001849,CLK_SYN_00002270,AFF018,MER0091,CAMP0043,CUST003447,B09GHI456,SES00344703,2024-08-10 22:11:35,ORD_SYN_00001849,1,99.99,0.03,3.0,Cancelled,Not Returned
CONV_SYN_00000690,CLK_SYN_00006744,AFF001,MER0010,CAMP0020,CUST003028,B07BCD890,SES00302801,2024-08-11 01:03:32,ORD_SYN_00000690,2,1599.98,0.02,32.0,Delivered,Not Returned
CONV_SYN_00000976,CLK_SYN_00007438,AFF013,MER0098,CAMP0007,CUST004298,B07BCD890,SES00429801,2024-08-11 03:13:58,ORD_SYN_00000976,1,799.99,0.02,16.0,Delivered,Not Returned
CONV_SYN_00001141,CLK_SYN_00000257,AFF010,MER0007,CAMP0030,CUST003282,B09GHI123,SES00328201,2024-08-11 06:48:00,ORD_SYN_00001141,1,179.99,0.025,4.5,Delivered,Not Returned
CONV_SYN_00001553,CLK_SYN_00002270,AFF018,MER0091,CAMP0043,CUST003447,B09GHI456,SES00344703,2024-08-11 06:55:59,ORD_SYN_00001553,1,99.99,0.03,3.0,Delivered,Not Returned
CONV_SYN_00000893,CLK_SYN_00004216,AFF015,MER0082,CAMP0029,CUST002922,B07VWX678,SES00292203,2024-08-11 07:31:38,ORD_SYN_00000893,1,329.0,0.02,6.58,Delivered,Returned
CONV_SYN_00001011,CLK_SYN_00008503,AFF011,MER0012,CAMP0015,CUST004741,B08ABC567,SES00474102,2024-08-11 18:46:10,ORD_SYN_00001011,1,59.99,0.03,1.8,Delivered,Not Returned
CONV_SYN_00000641,CLK_SYN_00004047,AFF010,MER0009,CAMP0014,CUST002980,B08JKL456,SES00298002,2024-08-11 19:27:14,ORD_SYN_00000641,1,99.99,0.04,4.0,Delivered,Returned
CONV_SYN_00001664,CLK_SYN_00001754,AFF016,MER0048,CAMP0017,CUST004832,B07FZ8S74R,SES00483202,2024-08-12 05:38:20,ORD_SYN_00001664,1,39.99,0.04,1.6,Cancelled,Not Returned
CONV_SYN_00001597,CLK_SYN_00002914,AFF013,MER0050,CAMP0027,CUST001111,B08BCD234,SES00111101,2024-08-12 07:35:03,ORD_SYN_00001597,1,497.99,0.02,9.96,Delivered,Not Returned
CONV_SYN_00001227,CLK_SYN_00003008,AFF012,MER0091,CAMP0029,CUST004409,B08BCD234,SES00440901,2024-08-12 19:12:36,ORD_SYN_00001227,1,497.99,0.02,9.96,Delivered,Not Returned
CONV_SYN_00000318,CLK_SYN_00003978,AFF018,MER0004,CAMP0035,CUST000420,B08STU345,SES00042002,2024-08-13 07:53:38,ORD_SYN_00000318,3,1049.97,0.025,26.25,Delivered,Not Returned
CONV_SYN_00000757,CLK_SYN_00004688,AFF009,MER0036,CAMP0020,CUST004205,B07DEF890,SES00420501,2024-08-13 08:21:58,ORD_SYN_00000757,1,25.99,0.04,1.04,Cancelled,Not Returned
CONV_SYN_00001614,CLK_SYN_00004688,AFF009,MER0036,CAMP0020,CUST004205,B07DEF890,SES00420501,2024-08-13 10:47:10,ORD_SYN_00001614,1,25.99,0.04,1.04,Delivered,Not Returned
CONV_SYN_00001616,CLK_SYN_00000278,AFF015,MER0044,CAMP0002,CUST000733,B09JKL789,SES00073303,2024-08-13 19:21:38,ORD_SYN_00001616,2,1399.9,0.025,35.0,Delivered,Not Returned
CONV_SYN_00001189,CLK_SYN_00002381,AFF013,MER0068,CAMP0026,CUST002678,B08ABC890,SES00267801,2024-08-14 03:00:13,ORD_SYN_00001189,1,249.99,0.025,6.25,Cancelled,Not Returned
CONV_SYN_00001449,CLK_SYN_00006798,AFF010,MER0049,CAMP0038,CUST003083,B08ABC123,SES00308303,2024-08-14 04:09:41,ORD_SYN_00001449,1,2495.0,0.015,37.42,Delivered,Not Returned
CONV_SYN_00001796,CLK_SYN_00002855,AFF004,MER0019,CAMP0029,CUST004994,B07MNO678,SES00499403,2024-08-14 07:00:20,ORD_SYN_00001796,1,34.99,0.04,1.4,Cancelled,Not Returned
CONV_SYN_00001732,CLK_SYN_00007551,AFF002,MER0067,CAMP0041,CUST002974,B07MNO012,SES00297403,2024-08-14 08:19:42,ORD_SYN_00001732,1,99.99,0.03,3.0,Cancelled,Not Returned
CONV_SYN_00001738,CLK_SYN_00002657,AFF002,MER0012,CAMP0045,CUST003711,B09PQR678,SES00371101,2024-08-14 17:32:23,ORD_SYN_00001738,1,399.99,0.02,8.0,Delivered,Not Returned
CONV_SYN_00000645,CLK_SYN_00007827,AFF002,MER0050,CAMP0050,CUST000988,B07MNO012,SES00098803,2024-08-15 00:09:10,ORD_SYN_00000645,1,99.99,0.03,3.0,Delivered,Not Returned
CONV_SYN_00001580,CLK_SYN_00004784,AFF015,MER0025,CAMP0041,CUST003688,B08YZA567,SES00368801,2024-08-15 10:29:31,ORD_SYN_00001580,1,89.99,0.03,2.7,Cancelled,Not Returned
CONV_SYN_00001240,CLK_SYN_00003699,AFF009,MER0015,CAMP0048,CUST003487,B08C1W5N87,SES00348701,2024-08-15 10:35:35,ORD_SYN_00001240,1,79.95,0.03,2.4,Delivered,Not Returned
CONV_SYN_00001129,CLK_SYN_00006798,AFF010,MER0049,CAMP0038,CUST003083,B08ABC123,SES00308303,2024-08-15 15:42:05,ORD_SYN_00001129,1,2495.0,0.015,37.42,Delivered,Not Returned
CONV_SYN_00000100,CLK_SYN_00001486,AFF001,MER0045,CAMP0026,CUST000995,B07PQR345,SES00099503,2024-08-15 23:02:59,ORD_SYN_00000100,1,399.0,0.02,7.98,Delivered,Not Returned
CONV_SYN_00000784,CLK_SYN_00006622,AFF016,MER0023,CAMP0009,CUST002553,B07DEF123,SES00255301,2024-08-16 01:08:44,ORD_SYN_00000784,1,99.99,0.03,3.0,Delivered,Returned
CONV_SYN_00000564,CLK_SYN_00004930,AFF011,MER0047,CAMP0042,CUST003294,B07BCD890,SES00329403,2024-08-16 07:19:50,ORD_SYN_00000564,1,799.99,0.02,16.0,Delivered,Returned
CONV_SYN_00001431,CLK_SYN_00006351,AFF015,MER0073,CAMP0026,CUST000139,B07DEF456,SES00013901,2024-08-16 08:52:27,ORD_SYN_00001431,1,299.0,0.025,7.48,Delivered,Returned
CONV_SYN_00000251,CLK_SYN_00005407,AFF005,MER0088,CAMP0033,CUST004371,B07DEF890,SES00437103,2024-08-16 13:13:47,ORD_SYN_00000251,3,77.97,0.04,3.12,Delivered,Not Returned
CONV_SYN_00000829,CLK_SYN_00004946,AFF008,MER0002,CAMP0017,CUST003112,B07DEF123,SES00311201,2024-08-16 15:16:44,ORD_SYN_00000829,1,99.99,0.03,3.0,Delivered,Not Returned
CONV_SYN_00000993,CLK_SYN_00006303,AFF013,MER0012,CAMP0004,CUST002691,B07FZ8S74R,SES00269102,2024-08-16 23:56:29,ORD_SYN_00000993,1,39.99,0.04,1.6,Cancelled,Not Returned
CONV_SYN_00001218,CLK_SYN_00005586,AFF002,MER0037,CAMP0015,CUST002210,B09HIJ012,SES00221002,2024-08-17 12:37:12,ORD_SYN_00001218,1,139.99,0.04,5.6,Delivered,Returned
CONV_SYN_00000823,CLK_SYN_00006111,AFF001,MER0029,CAMP0034,CUST004998,B08STU234,SES00499802,2024-08-17 15:42:24,ORD_SYN_00000823,1,128.0,0.03,3.84,Delivered,Returned
CONV_SYN_00000613,CLK_SYN_00006622,AFF016,MER0023,CAMP0009,CUST002553,B07DEF123,SES00255301,2024-08-17 16:48:20,ORD_SYN_00000613,1,99.99,0.03,3.0,Delivered,Not Returned
CONV_SYN_00000048,CLK_SYN_00007634,AFF015,MER0078,CAMP0048,CUST004358,B08STU234,SES00435803,2024-08-18 20:24:33,ORD_SYN_00000048,1,128.0,0.03,3.84,Delivered,Returned
CONV_SYN_00000882,CLK_SYN_00000365,AFF016,MER0040,CAMP0038,CUST002437,B07DEF890,SES00243703,2024-08-18 20:31:40,ORD_SYN_00000882,1,25.99,0.04,1.04,Delivered,Not Returned
CONV_SYN_00001855,CLK_SYN_00007172,AFF002,MER0051,CAMP0023,CUST004620,B09XYZ234,SES00462003,2024-08-18 21:07:32,ORD_SYN_00001855,1,348.0,0.02,6.96,Delivered,Not Returned
CONV_SYN_00000721,CLK_SYN_00002317,AFF020,MER0090,CAMP0008,CUST000324,B09GHI456,SES00032403,2024-08-18 21:30:57,ORD_SYN_00000721,2,199.98,0.03,6.0,Cancelled,Not Returned
CONV_SYN_00000756,CLK_SYN_00002280,AFF019,MER0049,CAMP0050,CUST001207,B07VWX567,SES00120702,2024-08-19 04:21:07,ORD_SYN_00000756,1,99.0,0.025,2.48,Cancelled,Not Returned
CONV_SYN_00001755,CLK_SYN_00007038,AFF003,MER0062,CAMP0022,CUST002278,B08EFG456,SES00227803,2024-08-19 12:54:30,ORD_SYN_00001755,1,39.95,0.04,1.6,Delivered,Not Returned
CONV_SYN_00000006,CLK_SYN_00003219,AFF003,MER0041,CAMP0021,CUST000978,B09PQR901,SES00097801,2024-08-19 17:18:27,ORD_SYN_00000006,1,349.99,0.02,7.0,Delivered,Not Returned
CONV_SYN_00001663,CLK_SYN_00006090,AFF011,MER0032,CAMP0046,CUST003999,B09GHI789,SES00399902,2024-08-19 22:49:33,ORD_SYN_00001663,1,49.99,0.04,2.0,Cancelled,Not Returned
CONV_SYN_00001726,CLK_SYN_00004921,AFF010,MER0042,CAMP0007,CUST003624,B09YZA234,SES00362403,2024-08-20 05:10:06,ORD_SYN_00001726,1,199.99,0.02,4.0,Delivered,Returned
CONV_SYN_00001921,CLK_SYN_00003729,AFF001,MER0077,CAMP0033,CUST001921,B09GHI123,SES00192103,2024-08-20 06:36:21,ORD_SYN_00001921,1,179.99,0.025,4.5,Delivered,Not Returned
CONV_SYN_00000369,CLK_SYN_00009262,AFF010,MER0058,CAMP0013,CUST001984,B07MNO789,SES00198402,2024-08-20 06:54:07,ORD_SYN_00000369,1,199.95,0.03,6.0,Delivered,Not Returned
CONV_SYN_00000752,CLK_SYN_00009203,AFF010,MER0055,CAMP0026,CUST000227,B08STU345,SES00022702,2024-08-20 09:26:26,ORD_SYN_00000752,1,349.99,0.025,8.75,Delivered,Not Returned
CONV_SYN_00000236,CLK_SYN_00000097,AFF003,MER0020,CAMP0015,CUST004830,B09PQR901,SES00483003,2024-08-20 19:12:46,ORD_SYN_00000236,1,349.99,0.02,7.0,Delivered,Returned
CONV_SYN_00001779,CLK_SYN_00000658,AFF003,MER0008,CAMP0049,CUST001451,B09PQR678,SES00145103,2024-08-20 20:49:42,ORD_SYN_00001779,2,799.98,0.02,16.0,Delivered,Not Returned
CONV_SYN_00000880,CLK_SYN_00003954,AFF011,MER0075,CAMP0002,CUST000938,B08STU901,SES00093803,2024-08-20 21:17:55,ORD_SYN_00000880,2,759.98,0.025,19.0,Delivered,Returned
CONV_SYN_00000749,CLK_SYN_00006357,AFF004,MER0035,CAMP0049,CUST001800,B08STU901,SES00180001,2024-08-21 00:08:33,ORD_SYN_00000749,1,379.99,0.025,9.5,Delivered,Returned
CONV_SYN_00000102,CLK_SYN_00007169,AFF020,MER0015,CAMP0001,CUST004426,B08STU345,SES00442603,2024-08-21 03:14:21,ORD_SYN_00000102,1,349.99,0.025,8.75,Cancelled,Not Returned
CONV_SYN_00000559,CLK_SYN_00005195,AFF019,MER0087,CAMP0006,CUST002639,B07DEF890,SES00263903,2024-08-21 03:27:54,ORD_SYN_00000559,1,25.99,0.04,1.04,Delivered,Not Returned
CONV_SYN_00000206,CLK_SYN_00000097,AFF003,MER0020,CAMP0015,CUST004830,B09PQR901,SES00483003,2024-08-21 04:48:46,ORD_SYN_00000206,1,349.99,0.02,7.0,Cancelled,Returned
CONV_SYN_00001797,CLK_SYN_00006007,AFF014,MER0007,CAMP0005,CUST002914,B08ABC890,SES00291403,2024-08-21 04:48:49,ORD_SYN_00001797,1,249.99,0.025,6.25,Delivered,Not Returned
CONV_SYN_00001057,CLK_SYN_00009268,AFF009,MER0042,CAMP0039,CUST004682,B07GHI789,SES00468203,2024-08-21 10:15:46,ORD_SYN_00001057,1,179.0,0.02,3.58,Delivered,Not Returned
CONV_SYN_00001676,CLK_SYN_00003729,AFF001,MER0077,CAMP0033,CUST001921,B09GHI123,SES00192103,2024-08-21 12:00:57,ORD_SYN_00001676,1,179.99,0.025,4.5,Cancelled,Not Returned
CONV_SYN_00000607,CLK_SYN_00004723,AFF011,MER0089,CAMP0015,CUST001364,B09PQR345,SES00136402,2024-08-21 23:49:49,ORD_SYN_00000607,1,89.99,0.03,2.7,Cancelled,Returned
CONV_SYN_00001911,CLK_SYN_00001779,AFF010,MER0077,CAMP0004,CUST000320,B09HIJ012,SES00032001,2024-08-22 00:00:30,ORD_SYN_00001911,1,139.99,0.04,5.6,Cancelled,Not Returned
CONV_SYN_00001101,CLK_SYN_00008105,AFF018,MER0055,CAMP0028,CUST001854,B07MNO789,SES00185402,2024-08-22 18:16:05,ORD_SYN_00001101,1,199.95,0.03,6.0,Delivered,Returned
CONV_SYN_00000827,CLK_SYN_00006897,AFF011,MER0089,CAMP0007,CUST003025,B09HIJ890,SES00302502,2024-08-22 18:45:22,ORD_SYN_00000827,1,299.99,0.025,7.5,Delivered,Not Returned
CONV_SYN_00000979,CLK_SYN_00005717,AFF005,MER0036,CAMP0007,CUST002740,B08JKL345,SES00274001,2024-08-22 21:32:57,ORD_SYN_00000979,1,349.95,0.02,7.0,Delivered,Not Returned
CONV_SYN_00000250,CLK_SYN_00003729,AFF001,MER0077,CAMP0033,CUST001921,B09GHI123,SES00192103,2024-08-22 23:26:45,ORD_SYN_00000250,1,179.99,0.025,4.5,Delivered,Not Returned
CONV_SYN_00001491,CLK_SYN_00007291,AFF008,MER0030,CAMP0032,CUST001961,B07VWX567,SES00196103,2024-08-23 00:43:02,ORD_SYN_00001491,1,99.0,0.025,2.48,Delivered,Not Returned
CONV_SYN_00000452,CLK_SYN_00009118,AFF020,MER0043,CAMP0023,CUST001690,B08JKL789,SES00169002,2024-08-23 01:48:44,ORD_SYN_00000452,1,25.99,0.04,1.04,Cancelled,Returned
CONV_SYN_00000874,CLK_SYN_00004723,AFF011,MER0089,CAMP0015,CUST001364,B09PQR345,SES00136402,2024-08-23 05:12:01,ORD_SYN_00000874,1,89.99,0.03,2.7,Delivered,Not Returned
CONV_SYN_00000136,CLK_SYN_00009324,AFF010,MER0028,CAMP0023,CUST003863,B07DEF456,SES00386303,2024-08-23 13:21:18,ORD_SYN_00000136,2,598.0,0.025,14.95,Delivered,Not Returned
CONV_SYN_00001600,CLK_SYN_00006445,AFF004,MER0097,CAMP0003,CUST002142,B09MNOP345,SES00214201,2024-08-23 16:36:45,ORD_SYN_00001600,1,79.99,0.03,2.4,Cancelled,Returned
CONV_SYN_00000978,CLK_SYN_00006847,AFF011,MER0001,CAMP0045,CUST003312,B09MNOP345,SES00331202,2024-08-24 02:03:44,ORD_SYN_00000978,1,79.99,0.03,2.4,Cancelled,Not Returned
CONV_SYN_00000739,CLK_SYN_00008077,AFF007,MER0073,CAMP0042,CUST003873,B08STU678,SES00387303,2024-08-24 07:36:28,ORD_SYN_00000739,1,69.99,0.03,2.1,Delivered,Not Returned
CONV_SYN_00000081,CLK_SYN_00001223,AFF001,MER0097,CAMP0036,CUST001138,B07PQR345,SES00113801,2024-08-24 09:55:12,ORD_SYN_00000081,1,399.0,0.02,7.98,Cancelled,Not Returned
CONV_SYN_00001551,CLK_SYN_00003435,AFF016,MER0080,CAMP0030,CUST000593,B08N5WRWNW,SES00059303,2024-08-24 10:42:12,ORD_SYN_00001551,1,49.99,0.04,2.0,Delivered,Returned
CONV_SYN_00000835,CLK_SYN_00006847,AFF011,MER0001,CAMP0045,CUST003312,B09MNOP345,SES00331202,2024-08-24 19:28:56,ORD_SYN_00000835,1,79.99,0.03,2.4,Delivered,Not Returned
CONV_SYN_00000021,CLK_SYN_00002668,AFF009,MER0100,CAMP0021,CUST004278,B07GHI789,SES00427803,2024-08-24 20:23:23,ORD_SYN_00000021,1,179.0,0.02,3.58,Delivered,Returned
CONV_SYN_00000777,CLK_SYN_00009881,AFF004,MER0041,CAMP0008,CUST001311,B08STU901,SES00131102,2024-08-25 05:19:14,ORD_SYN_00000777,3,1139.97,0.025,28.5,Delivered,Not Returned
CONV_SYN_00000072,CLK_SYN_00001434,AFF020,MER0009,CAMP0050,CUST002566,B09VWX234,SES00256602,2024-08-26 10:48:07,ORD_SYN_00000072,1,599.0,0.02,11.98,Delivered,Not Returned
CONV_SYN_00001901,CLK_SYN_00007063,AFF016,MER0030,CAMP0032,CUST000262,B09HIJ890,SES00026201,2024-08-26 14:41:36,ORD_SYN_00001901,1,299.99,0.025,7.5,Delivered,Not Returned
CONV_SYN_00000925,CLK_SYN_00004261,AFF014,MER0040,CAMP0024,CUST003096,B09YZA890,SES00309603,2024-08-26 15:57:07,ORD_SYN_00000925,2,196.0,0.03,5.88,Delivered,Not Returned
CONV_SYN_00001717,CLK_SYN_00009122,AFF009,MER0035,CAMP0021,CUST002970,B07FZ8S74R,SES00297002,2024-08-26 18:44:49,ORD_SYN_00001717,1,39.99,0.04,1.6,Delivered,Not Returned
CONV_SYN_00000370,CLK_SYN_00004667,AFF017,MER0088,CAMP0033,CUST004212,B07VWX901,SES00421201,2024-08-26 20:16:32,ORD_SYN_00000370,1,99.99,0.025,2.5,Delivered,Not Returned
CONV_SYN_00001378,CLK_SYN_00007140,AFF005,MER0068,CAMP0048,CUST001284,B07MNO345,SES00128403,2024-08-26 21:31:27,ORD_SYN_00001378,1,59.99,0.04,2.4,Cancelled,Not Returned
CONV_SYN_00001036,CLK_SYN_00000758,AFF006,MER0075,CAMP0023,CUST002899,B09YZA890,SES00289901,2024-08-27 04:22:39,ORD_SYN_00001036,1,98.0,0.03,2.94,Delivered,Not Returned
CONV_SYN_00000875,CLK_SYN_00003578,AFF002,MER0097,CAMP0039,CUST000132,B08ABC567,SES00013201,2024-08-27 07:52:21,ORD_SYN_00000875,1,59.99,0.03,1.8,Cancelled,Returned
CONV_SYN_00000017,CLK_SYN_00003177,AFF020,MER0018,CAMP0014,CUST002825,B07DEF890,SES00282502,2024-08-27 08:08:05,ORD_SYN_00000017,1,25.99,0.04,1.04,Delivered,Not Returned
CONV_SYN_00001856,CLK_SYN_00009844,AFF004,MER0022,CAMP0048,CUST000099,B09YZA234,SES00009902,2024-08-27 11:23:08,ORD_SYN_00001856,3,599.97,0.02,12.0,Delivered,Not Returned
CONV_SYN_00001347,CLK_SYN_00002032,AFF013,MER0051,CAMP0032,CUST001044,B09VWX234,SES00104402,2024-08-27 23:42:50,ORD_SYN_00001347,1,599.0,0.02,11.98,Delivered,Not Returned
CONV_SYN_00001695,CLK_SYN_00007125,AFF009,MER0016,CAMP0025,CUST003795,B07MNO012,SES00379502,2024-08-28 01:08:49,ORD_SYN_00001695,1,99.99,0.03,3.0,Cancelled,Returned
CONV_SYN_00000433,CLK_SYN_00002037,AFF012,MER0090,CAMP0017,CUST004365,B07FZ8S74R,SES00436503,2024-08-28 02:46:25,ORD_SYN_00000433,1,39.99,0.04,1.6,Delivered,Not Returned
CONV_SYN_00001525,CLK_SYN_00004139,AFF005,MER0075,CAMP0028,CUST000915,B09YZA890,SES00091503,2024-08-28 08:24:43,ORD_SYN_00001525,1,98.0,0.03,2.94,Delivered,Not Returned
CONV_SYN_00001456,CLK_SYN_00001406,AFF009,MER0043,CAMP0001,CUST001254,B07TUVW901,SES00125401,2024-08-28 17:48:58,ORD_SYN_00001456,1,149.95,0.025,3.75,Delivered,Not Returned
CONV_SYN_00000786,CLK_SYN_00007223,AFF002,MER0088,CAMP0026,CUST002824,B09GHI123,SES00282402,2024-08-28 23:56:08,ORD_SYN_00000786,1,179.99,0.025,4.5,Delivered,Not Returned
CONV_SYN_00000596,CLK_SYN_00001704,AFF017,MER0014,CAMP0035,CUST001136,B08ABC567,SES00113603,2024-08-29 02:43:33,ORD_SYN_00000596,1,59.99,0.03,1.8,Cancelled,Not Returned
CONV_SYN_00000541,CLK_SYN_00007900,AFF010,MER0054,CAMP0046,CUST003797,B08ABC567,SES00379701,2024-08-29 06:36:09,ORD_SYN_00000541,1,59.99,0.03,1.8,Delivered,Not Returned
CONV_SYN_00000807,CLK_SYN_00001406,AFF009,MER0043,CAMP0001,CUST001254,B07TUVW901,SES00125401,2024-08-29 10:58:34,ORD_SYN_00000807,1,149.95,0.025,3.75,Cancelled,Not Returned
CONV_SYN_00000186,CLK_SYN_00006565,AFF006,MER0007,CAMP0002,CUST001378,B07GHI456,SES00137803,2024-08-29 16:46:09,ORD_SYN_00000186,2,299.98,0.035,10.5,Cancelled,Not Returned
CONV_SYN_00001679,CLK_SYN_00007492,AFF014,MER0004,CAMP0009,CUST004940,B08STU678,SES00494002,2024-08-30 01:24:34,ORD_SYN_00001679,1,69.99,0.03,2.1,Cancelled,Not Returned
CONV_SYN_00001047,CLK_SYN_00003743,AFF008,MER0071,CAMP0040,CUST000771,B08STU678,SES00077103,2024-08-30 02:27:15,ORD_SYN_00001047,1,69.99,0.03,2.1,Delivered,Not Returned
CONV_SYN_00000710,CLK_SYN_00002708,AFF011,MER0003,CAMP0026,CUST002376,B08ABC567,SES00237603,2024-08-30 10:09:30,ORD_SYN_00000710,2,119.98,0.03,3.6,Delivered,Not Returned
CONV_SYN_00000215,CLK_SYN_00000880,AFF008,MER0098,CAMP0033,CUST002395,B07GHI456,SES00239502,2024-08-30 11:12:55,ORD_SYN_00000215,1,149.99,0.035,5.25,Delivered,Not Returned
CONV_SYN_00001780,CLK_SYN_00002957,AFF001,MER0016,CAMP0034,CUST000715,B09XYZ234,SES00071501,2024-08-30 22:48:53,ORD_SYN_00001780,1,348.0,0.02,6.96,Delivered,Returned
CONV_SYN_00001775,CLK_SYN_00006370,AFF012,MER0097,CAMP0011,CUST004436,B07BCD890,SES00443603,2024-08-30 22:59:29,ORD_SYN_00001775,1,799.99,0.02,16.0,Delivered,Not Returned
CONV_SYN_00001029,CLK_SYN_00004636,AFF020,MER0044,CAMP0008,CUST003173,B09JKL789,SES00317302,2024-08-30 23:49:09,ORD_SYN_00001029,2,1399.9,0.025,35.0,Cancelled,Not Returned
CONV_SYN_00000579,CLK_SYN_00002285,AFF016,MER0059,CAMP0019,CUST004170,B07MNO678,SES00417002,2024-08-31 06:47:51,ORD_SYN_00000579,1,34.99,0.04,1.4,Cancelled,Not Returned
CONV_SYN_00001510,CLK_SYN_00008890,AFF016,MER0099,CAMP0028,CUST003553,B08JKL456,SES00355303,2024-08-31 08:07:31,ORD_SYN_00001510,1,99.99,0.04,4.0,Delivered,Not Returned
CONV_SYN_00001873,CLK_SYN_00000635,AFF015,MER0078,CAMP0047,CUST003951,B08JKL456,SES00395102,2024-08-31 10:04:12,ORD_SYN_00001873,1,99.99,0.04,4.0,Delivered,Not Returned
CONV_SYN_00000173,CLK_SYN_00009073,AFF010,MER0036,CAMP0007,CUST001194,B09GHI123,SES00119403,2024-08-31 19:39:23,ORD_SYN_00000173,1,179.99,0.025,4.5,Cancelled,Not Returned
CONV_SYN_00000940,CLK_SYN_00000603,AFF017,MER0024,CAMP0020,CUST004774,B08N5WRWNW,SES00477401,2024-08-31 21:27:51,ORD_SYN_00000940,1,49.99,0.04,2.0,Delivered,Not Returned
CONV_SYN_00001866,CLK_SYN_00006370,AFF012,MER0097,CAMP0011,CUST004436,B07BCD890,SES00443603,2024-09-01 03:55:17,ORD_SYN_00001866,1,799.99,0.02,16.0,Delivered,Not Returned
CONV_SYN_00001271,CLK_SYN_00009898,AFF001,MER0030,CAMP0021,CUST004128,B09DEF123,SES00412801,2024-09-01 05:09:40,ORD_SYN_00001271,1,1199.0,0.015,17.98,Delivered,Not Returned
CONV_SYN_00001542,CLK_SYN_00003326,AFF013,MER0064,CAMP0048,CUST004462,B09YZA890,SES00446203,2024-09-01 08:00:34,ORD_SYN_00001542,1,98.0,0.03,2.94,Delivered,Not Returned
CONV_SYN_00000232,CLK_SYN_00004368,AFF006,MER0073,CAMP0049,CUST000550,B07VWX567,SES00055003,2024-09-01 11:00:53,ORD_SYN_00000232,1,99.0,0.025,2.48,Delivered,Not Returned
CONV_SYN_00000361,CLK_SYN_00007459,AFF015,MER0069,CAMP0021,CUST002320,B07MNO789,SES00232003,2024-09-01 12:40:30,ORD_SYN_00000361,1,199.95,0.03,6.0,Cancelled,Not Returned
CONV_SYN_00001960,CLK_SYN_00002367,AFF018,MER0012,CAMP0046,CUST002976,B09YZA567,SES00297603,2024-09-01 16:01:47,ORD_SYN_00001960,1,49.99,0.03,1.5,Delivered,Not Returned
CONV_SYN_00001774,CLK_SYN_00001566,AFF014,MER0056,CAMP0038,CUST003678,B07EFG567,SES00367802,2024-09-02 08:28:49,ORD_SYN_00001774,1,449.95,0.025,11.25,Delivered,Not Returned
CONV_SYN_00001090,CLK_SYN_00001129,AFF013,MER0026,CAMP0035,CUST003608,B08STU678,SES00360801,2024-09-02 09:51:53,ORD_SYN_00001090,1,69.99,0.03,2.1,Delivered,Not Returned
CONV_SYN_00000356,CLK_SYN_00005235,AFF006,MER0035,CAMP0026,CUST000870,B08YZA567,SES00087002,2024-09-02 16:31:57,ORD_SYN_00000356,2,179.98,0.03,5.4,Cancelled,Not Returned
CONV_SYN_00001125,CLK_SYN_00003644,AFF018,MER0049,CAMP0023,CUST002830,B09YZA901,SES00283003,2024-09-03 03:57:38,ORD_SYN_00001125,1,199.99,0.03,6.0,Delivered,Not Returned
CONV_SYN_00000431,CLK_SYN_00009541,AFF020,MER0006,CAMP0021,CUST003836,B08ABC567,SES00383602,2024-09-03 07:45:16,ORD_SYN_00000431,1,59.99,0.03,1.8,Delivered,Not Returned
CONV_SYN_00000591,CLK_SYN_00009754,AFF009,MER0092,CAMP0011,CUST004104,B08C1W5N87,SES00410401,2024-09-03 09:50:38,ORD_SYN_00000591,1,79.95,0.03,2.4,Cancelled,Not Returned
CONV_SYN_00000439,CLK_SYN_00000872,AFF013,MER0028,CAMP0008,CUST003804,B09MNOP345,SES00380403,2024-09-03 13:59:14,ORD_SYN_00000439,1,79.99,0.03,2.4,Delivered,Not Returned
CONV_SYN_00000689,CLK_SYN_00002184,AFF017,MER0026,CAMP0047,CUST004342,B08C1W5N87,SES00434201,2024-09-03 15:41:38,ORD_SYN_00000689,1,79.95,0.03,2.4,Cancelled,Returned
CONV_SYN_00001537,CLK_SYN_00008933,AFF007,MER0007,CAMP0047,CUST003163,B07BCD890,SES00316303,2024-09-03 17:33:34,ORD_SYN_00001537,1,799.99,0.02,16.0,Cancelled,Returned
CONV_SYN_00001249,CLK_SYN_00008928,AFF014,MER0021,CAMP0047,CUST004386,B08STU901,SES00438603,2024-09-04 01:37:43,ORD_SYN_00001249,1,379.99,0.025,9.5,Delivered,Not Returned
CONV_SYN_00001928,CLK_SYN_00000044,AFF009,MER0008,CAMP0045,CUST000417,B09PQR345,SES00041701,2024-09-04 02:22:46,ORD_SYN_00001928,1,89.99,0.03,2.7,Delivered,Not Returned
CONV_SYN_00001951,CLK_SYN_00008450,AFF006,MER0073,CAMP0040,CUST003678,B08EFG123,SES00367803,2024-09-04 09:29:56,ORD_SYN_00001951,1,79.99,0.03,2.4,Delivered,Returned
CONV_SYN_00001315,CLK_SYN_00000132,AFF012,MER0084,CAMP0003,CUST000561,B09PQR012,SES00056101,2024-09-04 12:58:01,ORD_SYN_00001315,1,399.0,0.02,7.98,Cancelled,Returned
CONV_SYN_00001071,CLK_SYN_00001809,AFF006,MER0044,CAMP0031,CUST002683,B08MNO012,SES00268301,2024-09-04 14:52:18,ORD_SYN_00001071,1,149.99,0.03,4.5,Delivered,Returned
CONV_SYN_00001729,CLK_SYN_00005699,AFF012,MER0054,CAMP0039,CUST003952,B09HIJ012,SES00395201,2024-09-04 16:25:38,ORD_SYN_00001729,1,139.99,0.04,5.6,Delivered,Not Returned
CONV_SYN_00001674,CLK_SYN_00009710,AFF003,MER0009,CAMP0013,CUST001354,B08ABC123,SES00135402,2024-09-04 17:39:51,ORD_SYN_00001674,1,2495.0,0.015,37.42,Delivered,Returned
CONV_SYN_00001568,CLK_SYN_00000650,AFF018,MER0073,CAMP0031,CUST002764,B08ABC567,SES00276402,2024-09-05 00:53:04,ORD_SYN_00001568,1,59.99,0.03,1.8,Delivered,Not Returned
CONV_SYN_00000226,CLK_SYN_00004344,AFF011,MER0020,CAMP0033,CUST001808,B07DEF123,SES00180803,2024-09-05 02:23:02,ORD_SYN_00000226,1,99.99,0.03,3.0,Delivered,Not Returned
CONV_SYN_00001975,CLK_SYN_00001809,AFF006,MER0044,CAMP0031,CUST002683,B08MNO012,SES00268301,2024-09-05 05:22:18,ORD_SYN_00001975,1,149.99,0.03,4.5,Delivered,Returned
CONV_SYN_00001590,CLK_SYN_00003870,AFF018,MER0088,CAMP0049,CUST003973,B09PQR012,SES00397302,2024-09-05 12:09:12,ORD_SYN_00001590,1,399.0,0.02,7.98,Delivered,Not Returned
CONV_SYN_00000775,CLK_SYN_00001299,AFF020,MER0031,CAMP0016,CUST004844,B08ABC567,SES00484403,2024-09-05 20:03:21,ORD_SYN_00000775,3,179.97,0.03,5.4,Delivered,Not Returned
CONV_SYN_00000142,CLK_SYN_00000807,AFF020,MER0098,CAMP0033,CUST000640,B09GHI456,SES00064003,2024-09-05 23:35:49,ORD_SYN_00000142,1,99.99,0.03,3.0,Cancelled,Not Returned
CONV_SYN_00000551,CLK_SYN_00003870,AFF018,MER0088,CAMP0049,CUST003973,B09PQR012,SES00397302,2024-09-06 02:49:24,ORD_SYN_00000551,1,399.0,0.02,7.98,Delivered,Not Returned
CONV_SYN_00001292,CLK_SYN_00002452,AFF010,MER0084,CAMP0024,CUST003455,B09PQR901,SES00345503,2024-09-06 16:04:02,ORD_SYN_00001292,1,349.99,0.02,7.0,Delivered,Not Returned
CONV_SYN_00001966,CLK_SYN_00000392,AFF006,MER0079,CAMP0007,CUST003136,B08N5WRWNW,SES00313601,2024-09-06 16:50:35,ORD_SYN_00001966,1,49.99,0.04,2.0,Delivered,Not Returned
CONV_SYN_00001112,CLK_SYN_00002779,AFF012,MER0049,CAMP0047,CUST004079,B09GHI789,SES00407902,2024-09-06 17:56:22,ORD_SYN_00001112,1,49.99,0.04,2.0,Delivered,Not Returned
CONV_SYN_00000475,CLK_SYN_00006421,AFF008,MER0046,CAMP0008,CUST001069,B08STU678,SES00106903,2024-09-06 18:12:57,ORD_SYN_00000475,1,69.99,0.03,2.1,Delivered,Not Returned
CONV_SYN_00000156,CLK_SYN_00001647,AFF011,MER0086,CAMP0013,CUST002522,B08STU678,SES00252203,2024-09-07 01:06:07,ORD_SYN_00000156,1,69.99,0.03,2.1,Delivered,Not Returned
CONV_SYN_00000852,CLK_SYN_00007803,AFF002,MER0005,CAMP0005,CUST003833,B07MNO789,SES00383302,2024-09-07 03:58:28,ORD_SYN_00000852,1,199.95,0.03,6.0,Delivered,Returned
CONV_SYN_00000325,CLK_SYN_00005115,AFF013,MER0083,CAMP0007,CUST001986,B09YZA890,SES00198602,2024-09-07 06:19:44,ORD_SYN_00000325,1,98.0,0.03,2.94,Delivered,Returned
CONV_SYN_00000768,CLK_SYN_00002449,AFF016,MER0100,CAMP0044,CUST004050,B09PQR012,SES00405003,2024-09-07 06:37:11,ORD_SYN_00000768,1,399.0,0.02,7.98,Delivered,Not Returned
CONV_SYN_00001959,CLK_SYN_00008211,AFF003,MER0047,CAMP0006,CUST000827,B07DEF456,SES00082702,2024-09-07 12:47:45,ORD_SYN_00001959,1,299.0,0.025,7.48,Delivered,Returned
CONV_SYN_00001215,CLK_SYN_00009943,AFF011,MER0093,CAMP0001,CUST003948,B08STU345,SES00394803,2024-09-07 12:53:23,ORD_SYN_00001215,1,349.99,0.025,8.75,Delivered,Not Returned
CONV_SYN_00000840,CLK_SYN_00006095,AFF017,MER0003,CAMP0002,CUST002282,B09PQR901,SES00228203,2024-09-07 16:33:27,ORD_SYN_00000840,1,349.99,0.02,7.0,Delivered,Not Returned
CONV_SYN_00001602,CLK_SYN_00008068,AFF003,MER0033,CAMP0005,CUST002464,B07DEF890,SES00246401,2024-09-07 17:08:47,ORD_SYN_00001602,1,25.99,0.04,1.04,Delivered,Not Returned
CONV_SYN_00001209,CLK_SYN_00000478,AFF008,MER0062,CAMP0021,CUST003415,B09GHI789,SES00341503,2024-09-07 20:29:49,ORD_SYN_00001209,1,49.99,0.04,2.0,Cancelled,Not Returned
CONV_SYN_00001171,CLK_SYN_00006493,AFF020,MER0026,CAMP0009,CUST001621,B08STU345,SES00162103,2024-09-07 22:54:32,ORD_SYN_00001171,1,349.99,0.025,8.75,Delivered,Not Returned
CONV_SYN_00001049,CLK_SYN_00003625,AFF007,MER0040,CAMP0019,CUST003290,B09PQR012,SES00329003,2024-09-08 01:11:49,ORD_SYN_00001049,1,399.0,0.02,7.98,Cancelled,Not Returned
CONV_SYN_00000096,CLK_SYN_00001752,AFF016,MER0048,CAMP0031,CUST000831,B08ABC890,SES00083101,2024-09-08 06:06:40,ORD_SYN_00000096,1,249.99,0.025,6.25,Delivered,Not Returned
CONV_SYN_00000503,CLK_SYN_00001889,AFF002,MER0061,CAMP0036,CUST003903,B07HGJKL12,SES00390303,2024-09-08 13:17:59,ORD_SYN_00000503,1,249.0,0.02,4.98,Cancelled,Not Returned
CONV_SYN_00001927,CLK_SYN_00006458,AFF013,MER0050,CAMP0040,CUST004429,B08STU901,SES00442902,2024-09-08 15:37:49,ORD_SYN_00001927,1,379.99,0.025,9.5,Delivered,Returned
CONV_SYN_00000549,CLK_SYN_00009364,AFF012,MER0020,CAMP0039,CUST004746,B09VWX234,SES00474601,2024-09-08 23:33:21,ORD_SYN_00000549,1,599.0,0.02,11.98,Cancelled,Returned
CONV_SYN_00001890,CLK_SYN_00008195,AFF001,MER0086,CAMP0002,CUST001802,B09YZA901,SES00180203,2024-09-08 23:58:30,ORD_SYN_00001890,1,199.99,0.03,6.0,Delivered,Returned
CONV_SYN_00000800,CLK_SYN_00006493,AFF020,MER0026,CAMP0009,CUST001621,B08STU345,SES00162103,2024-09-10 03:43:08,ORD_SYN_00000800,1,349.99,0.025,8.75,Delivered,Not Returned
CONV_SYN_00000390,CLK_SYN_00009813,AFF018,MER0036,CAMP0015,CUST004179,B09PQR012,SES00417902,2024-09-10 04:52:51,ORD_SYN_00000390,1,399.0,0.02,7.98,Delivered,Not Returned
CONV_SYN_00000633,CLK_SYN_00000478,AFF008,MER0062,CAMP0021,CUST003415,B09GHI789,SES00341503,2024-09-10 05:19:37,ORD_SYN_00000633,1,49.99,0.04,2.0,Delivered,Not Returned
CONV_SYN_00000455,CLK_SYN_00002429,AFF014,MER0024,CAMP0005,CUST004831,B07VWX567,SES00483102,2024-09-10 06:48:00,ORD_SYN_00000455,1,99.0,0.025,2.48,Delivered,Not Returned
CONV_SYN_00001790,CLK_SYN_00005956,AFF009,MER0041,CAMP0015,CUST000710,B08STU345,SES00071001,2024-09-10 08:46:03,ORD_SYN_00001790,1,349.99,0.025,8.75,Cancelled,Not Returned
CONV_SYN_00000718,CLK_SYN_00002171,AFF017,MER0012,CAMP0030,CUST004707,B07GHI789,SES00470701,2024-09-10 14:01:13,ORD_SYN_00000718,1,179.0,0.02,3.58,Delivered,Not Returned
CONV_SYN_00001140,CLK_SYN_00006791,AFF013,MER0065,CAMP0016,CUST001831,B09YZA567,SES00183101,2024-09-10 16:26:15,ORD_SYN_00001140,1,49.99,0.03,1.5,Delivered,Not Returned
CONV_SYN_00001914,CLK_SYN_00009891,AFF003,MER0067,CAMP0035,CUST000170,B09HIJ890,SES00017003,2024-09-10 23:38:10,ORD_SYN_00001914,1,299.99,0.025,7.5,Delivered,Not Returned
CONV_SYN_00000839,CLK_SYN_00009545,AFF004,MER0036,CAMP0014,CUST002174,B09GHI456,SES00217401,2024-09-11 05:46:18,ORD_SYN_00000839,1,99.99,0.03,3.0,Cancelled,Not Returned
CONV_SYN_00000814,CLK_SYN_00009674,AFF007,MER0006,CAMP0024,CUST003441,B07VWX567,SES00344103,2024-09-11 05:48:13,ORD_SYN_00000814,3,297.0,0.025,7.43,Cancelled,Returned
CONV_SYN_00000063,CLK_SYN_00008185,AFF012,MER0058,CAMP0009,CUST003654,B07FZ8S74R,SES00365402,2024-09-11 23:53:15,ORD_SYN_00000063,1,39.99,0.04,1.6,Delivered,Not Returned
CONV_SYN_00000074,CLK_SYN_00004561,AFF018,MER0066,CAMP0035,CUST003384,B08ABC890,SES00338402,2024-09-12 03:47:27,ORD_SYN_00000074,2,499.98,0.025,12.5,Delivered,Returned
CONV_SYN_00001405,CLK_SYN_00002171,AFF017,MER0012,CAMP0030,CUST004707,B07GHI789,SES00470701,2024-09-12 04:07:49,ORD_SYN_00001405,1,179.0,0.02,3.58,Delivered,Not Returned
CONV_SYN_00000117,CLK_SYN_00005233,AFF001,MER0054,CAMP0035,CUST000573,B09JKL789,SES00057302,2024-09-12 11:18:12,ORD_SYN_00000117,1,699.95,0.025,17.5,Delivered,Not Returned
CONV_SYN_00000560,CLK_SYN_00006755,AFF005,MER0021,CAMP0010,CUST002494,B08EFG123,SES00249403,2024-09-12 16:11:42,ORD_SYN_00000560,1,79.99,0.03,2.4,Delivered,Returned
CONV_SYN_00001620,CLK_SYN_00007835,AFF007,MER0024,CAMP0018,CUST004644,B08STU345,SES00464401,2024-09-12 16:20:00,ORD_SYN_00001620,1,349.99,0.025,8.75,Delivered,Not Returned
CONV_SYN_00001874,CLK_SYN_00007556,AFF009,MER0067,CAMP0037,CUST004279,B08ABC123,SES00427903,2024-09-12 19:57:29,ORD_SYN_00001874,1,2495.0,0.015,37.42,Delivered,Returned
CONV_SYN_00000442,CLK_SYN_00003433,AFF009,MER0077,CAMP0023,CUST002318,B07DEF456,SES00231803,2024-09-12 20:30:44,ORD_SYN_00000442,1,299.0,0.025,7.48,Delivered,Not Returned
CONV_SYN_00000284,CLK_SYN_00005454,AFF018,MER0064,CAMP0023,CUST004198,B07GHI789,SES00419801,2024-09-12 23:20:42,ORD_SYN_00000284,1,179.0,0.02,3.58,Delivered,Not Returned
CONV_SYN_00001885,CLK_SYN_00009831,AFF013,MER0021,CAMP0024,CUST000080,B08STU901,SES00008002,2024-09-13 00:22:29,ORD_SYN_00001885,1,379.99,0.025,9.5,Delivered,Not Returned
CONV_SYN_00000783,CLK_SYN_00003491,AFF008,MER0049,CAMP0044,CUST001745,B09DEF123,SES00174501,2024-09-13 00:33:20,ORD_SYN_00000783,2,2398.0,0.015,35.97,Cancelled,Returned
CONV_SYN_00001692,CLK_SYN_00000298,AFF004,MER0026,CAMP0014,CUST004418,B08YZA567,SES00441801,2024-09-13 00:34:45,ORD_SYN_00001692,1,89.99,0.03,2.7,Delivered,Not Returned
CONV_SYN_00000989,CLK_SYN_00004879,AFF019,MER0100,CAMP0002,CUST004312,B07TUVW901,SES00431203,2024-09-13 10:06:40,ORD_SYN_00000989,1,149.95,0.025,3.75,Delivered,Not Returned
CONV_SYN_00001253,CLK_SYN_00007990,AFF008,MER0056,CAMP0002,CUST000428,B09MNOP345,SES00042802,2024-09-13 10:18:14,ORD_SYN_00001253,1,79.99,0.03,2.4,Delivered,Returned
CONV_SYN_00000137,CLK_SYN_00002374,AFF016,MER0015,CAMP0045,CUST001365,B09YZA234,SES00136502,2024-09-13 10:48:02,ORD_SYN_00000137,1,199.99,0.02,4.0,Cancelled,Returned
CONV_SYN_00000269,CLK_SYN_00007356,AFF020,MER0019,CAMP0017,CUST004557,B08JKL345,SES00455703,2024-09-13 16:28:46,ORD_SYN_00000269,1,349.95,0.02,7.0,Delivered,Not Returned
CONV_SYN_00000938,CLK_SYN_00000695,AFF009,MER0004,CAMP0034,CUST004135,B07MNO345,SES00413502,2024-09-13 17:24:04,ORD_SYN_00000938,1,59.99,0.04,2.4,Cancelled,Returned
CONV_SYN_00000350,CLK_SYN_00004066,AFF009,MER0098,CAMP0049,CUST004974,B08JKL012,SES00497403,2024-09-13 20:45:34,ORD_SYN_00000350,1,219.0,0.02,4.38,Delivered,Not Returned
CONV_SYN_00001441,CLK_SYN_00004399,AFF002,MER0016,CAMP0038,CUST000539,B07DEF890,SES00053902,2024-09-14 00:55:51,ORD_SYN_00001441,1,25.99,0.04,1.04,Delivered,Not Returned
CONV_SYN_00000669,CLK_SYN_00005910,AFF007,MER0058,CAMP0012,CUST003648,B08JKL345,SES00364802,2024-09-14 03:57:11,ORD_SYN_00000669,1,349.95,0.02,7.0,Delivered,Not Returned
CONV_SYN_00000420,CLK_SYN_00009520,AFF010,MER0039,CAMP0030,CUST000889,B09HIJ012,SES00088903,2024-09-14 08:10:19,ORD_SYN_00000420,1,139.99,0.04,5.6,Delivered,Not Returned
CONV_SYN_00001759,CLK_SYN_00008966,AFF017,MER0089,CAMP0011,CUST001361,B08MNO012,SES00136103,2024-09-14 08:56:55,ORD_SYN_00001759,1,149.99,0.03,4.5,Delivered,Returned
CONV_SYN_00000013,CLK_SYN_00005838,AFF008,MER0080,CAMP0040,CUST002806,B08BCD234,SES00280603,2024-09-14 09:17:12,ORD_SYN_00000013,1,497.99,0.02,9.96,Delivered,Not Returned
CONV_SYN_00000670,CLK_SYN_00006755,AFF005,MER0021,CAMP0010,CUST002494,B08EFG123,SES00249403,2024-09-14 11:22:30,ORD_SYN_00000670,1,79.99,0.03,2.4,Delivered,Not Returned
CONV_SYN_00000813,CLK_SYN_00005838,AFF008,MER0080,CAMP0040,CUST002806,B08BCD234,SES00280603,2024-09-14 12:30:24,ORD_SYN_00000813,1,497.99,0.02,9.96,Delivered,Returned
CONV_SYN_00000723,CLK_SYN_00009554,AFF007,MER0062,CAMP0003,CUST001850,B09PQR012,SES00185003,2024-09-14 15:35:19,ORD_SYN_00000723,2,798.0,0.02,15.96,Delivered,Returned
CONV_SYN_00000119,CLK_SYN_00006755,AFF005,MER0021,CAMP0010,CUST002494,B08EFG123,SES00249403,2024-09-14 17:18:54,ORD_SYN_00000119,1,79.99,0.03,2.4,Cancelled,Not Returned
CONV_SYN_00001468,CLK_SYN_00007365,AFF018,MER0090,CAMP0039,CUST000374,B09PQR012,SES00037401,2024-09-14 17:24:08,ORD_SYN_00001468,1,399.0,0.02,7.98,Cancelled,Not Returned
CONV_SYN_00001817,CLK_SYN_00004399,AFF002,MER0016,CAMP0038,CUST000539,B07DEF890,SES00053902,2024-09-14 17:40:51,ORD_SYN_00001817,1,25.99,0.04,1.04,Delivered,Not Returned
CONV_SYN_00001248,CLK_SYN_00007365,AFF018,MER0090,CAMP0039,CUST000374,B09PQR012,SES00037401,2024-09-14 17:48:08,ORD_SYN_00001248,1,399.0,0.02,7.98,Delivered,Returned
CONV_SYN_00000719,CLK_SYN_00005838,AFF008,MER0080,CAMP0040,CUST002806,B08BCD234,SES00280603,2024-09-14 21:11:48,ORD_SYN_00000719,1,497.99,0.02,9.96,Delivered,Returned
CONV_SYN_00001175,CLK_SYN_00001050,AFF012,MER0096,CAMP0021,CUST003222,B08ABC123,SES00322201,2024-09-14 23:11:52,ORD_SYN_00001175,1,2495.0,0.015,37.42,Delivered,Returned
CONV_SYN_00000926,CLK_SYN_00009554,AFF007,MER0062,CAMP0003,CUST001850,B09PQR012,SES00185003,2024-09-15 03:52:07,ORD_SYN_00000926,1,399.0,0.02,7.98,Cancelled,Not Returned
CONV_SYN_00000387,CLK_SYN_00009340,AFF007,MER0005,CAMP0036,CUST000394,B08N5WRWNW,SES00039402,2024-09-15 04:56:43,ORD_SYN_00000387,2,99.98,0.04,4.0,Delivered,Not Returned
CONV_SYN_00000715,CLK_SYN_00009781,AFF002,MER0050,CAMP0045,CUST002102,B09HIJ012,SES00210201,2024-09-15 06:17:47,ORD_SYN_00000715,1,139.99,0.04,5.6,Delivered,Not Returned
CONV_SYN_00000853,CLK_SYN_00000459,AFF014,MER0050,CAMP0039,CUST004425,B08QRST678,SES00442502,2024-09-15 14:55:43,ORD_SYN_00000853,2,399.98,0.02,8.0,Cancelled,Not Returned
CONV_SYN_00000896,CLK_SYN_00000167,AFF017,MER0100,CAMP0039,CUST003497,B09MNOP345,SES00349702,2024-09-15 16:56:04,ORD_SYN_00000896,1,79.99,0.03,2.4,Cancelled,Not Returned
CONV_SYN_00001932,CLK_SYN_00008189,AFF001,MER0096,CAMP0028,CUST001232,B07VWX234,SES00123201,2024-09-15 19:39:43,ORD_SYN_00001932,1,29.99,0.04,1.2,Delivered,Not Returned
CONV_SYN_00001895,CLK_SYN_00004534,AFF020,MER0060,CAMP0038,CUST002173,B08STU234,SES00217301,2024-09-15 22:41:22,ORD_SYN_00001895,1,128.0,0.03,3.84,Delivered,Returned
CONV_SYN_00000725,CLK_SYN_00003405,AFF001,MER0094,CAMP0017,CUST001987,B09HIJ012,SES00198702,2024-09-16 00:33:17,ORD_SYN_00000725,1,139.99,0.04,5.6,Delivered,Not Returned
CONV_SYN_00000887,CLK_SYN_00006383,AFF004,MER0011,CAMP0030,CUST000209,B09MNOP345,SES00020903,2024-09-16 02:02:14,ORD_SYN_00000887,1,79.99,0.03,2.4,Delivered,Not Returned
CONV_SYN_00001667,CLK_SYN_00006456,AFF008,MER0078,CAMP0013,CUST002526,B07GHI456,SES00252601,2024-09-16 07:42:35,ORD_SYN_00001667,1,149.99,0.035,5.25,Cancelled,Not Returned
CONV_SYN_00000776,CLK_SYN_00001050,AFF012,MER0096,CAMP0021,CUST003222,B08ABC123,SES00322201,2024-09-16 08:26:52,ORD_SYN_00000776,1,2495.0,0.015,37.42,Cancelled,Not Returned
CONV_SYN_00001731,CLK_SYN_00006471,AFF015,MER0005,CAMP0038,CUST001723,B08STU901,SES00172303,2024-09-16 08:55:08,ORD_SYN_00001731,1,379.99,0.025,9.5,Delivered,Returned
CONV_SYN_00001715,CLK_SYN_00008205,AFF010,MER0063,CAMP0043,CUST001811,B09HIJ012,SES00181102,2024-09-16 10:37:41,ORD_SYN_00001715,1,139.99,0.04,5.6,Delivered,Not Returned
CONV_SYN_00000653,CLK_SYN_00004679,AFF012,MER0035,CAMP0020,CUST001643,B08BCD234,SES00164301,2024-09-16 12:39:58,ORD_SYN_00000653,1,497.99,0.02,9.96,Cancelled,Not Returned
CONV_SYN_00000388,CLK_SYN_00008958,AFF011,MER0069,CAMP0006,CUST004646,B09DEF123,SES00464601,2024-09-16 21:17:05,ORD_SYN_00000388,1,1199.0,0.015,17.98,Delivered,Not Returned
CONV_SYN_00000555,CLK_SYN_00003634,AFF002,MER0084,CAMP0030,CUST004212,B09XYZ234,SES00421201,2024-09-17 01:17:10,ORD_SYN_00000555,1,348.0,0.02,6.96,Cancelled,Not Returned
CONV_SYN_00001850,CLK_SYN_00000155,AFF008,MER0070,CAMP0047,CUST003726,B07DEF890,SES00372601,2024-09-17 03:43:56,ORD_SYN_00001850,1,25.99,0.04,1.04,Delivered,Not Returned
CONV_SYN_00001606,CLK_SYN_00000076,AFF012,MER0096,CAMP0046,CUST004849,B08JKL789,SES00484903,2024-09-17 06:20:44,ORD_SYN_00001606,1,25.99,0.04,1.04,Delivered,Returned
CONV_SYN_00000737,CLK_SYN_00005521,AFF002,MER0081,CAMP0012,CUST003439,B07VWX678,SES00343903,2024-09-17 07:37:24,ORD_SYN_00000737,1,329.0,0.02,6.58,Delivered,Not Returned
CONV_SYN_00000385,CLK_SYN_00007704,AFF020,MER0085,CAMP0031,CUST004652,B09VWX234,SES00465203,2024-09-17 10:46:26,ORD_SYN_00000385,3,1797.0,0.02,35.94,Delivered,Not Returned
CONV_SYN_00000046,CLK_SYN_00000167,AFF017,MER0100,CAMP0039,CUST003497,B09MNOP345,SES00349702,2024-09-17 11:53:04,ORD_SYN_00000046,1,79.99,0.03,2.4,Delivered,Not Returned
CONV_SYN_00001516,CLK_SYN_00007704,AFF020,MER0085,CAMP0031,CUST004652,B09VWX234,SES00465203,2024-09-17 13:18:14,ORD_SYN_00001516,1,599.0,0.02,11.98,Delivered,Not Returned
CONV_SYN_00000292,CLK_SYN_00004827,AFF012,MER0015,CAMP0011,CUST001390,B07DEF123,SES00139001,2024-09-17 13:23:45,ORD_SYN_00000292,1,99.99,0.03,3.0,Delivered,Not Returned
CONV_SYN_00001480,CLK_SYN_00003003,AFF006,MER0015,CAMP0010,CUST002127,B07VWX567,SES00212702,2024-09-17 13:36:30,ORD_SYN_00001480,1,99.0,0.025,2.48,Delivered,Not Returned
CONV_SYN_00001225,CLK_SYN_00000550,AFF001,MER0088,CAMP0029,CUST001191,B09JKL789,SES00119101,2024-09-17 20:30:42,ORD_SYN_00001225,2,1399.9,0.025,35.0,Delivered,Returned
CONV_SYN_00000125,CLK_SYN_00009909,AFF020,MER0053,CAMP0024,CUST003219,B09YZA901,SES00321901,2024-09-17 20:40:10,ORD_SYN_00000125,1,199.99,0.03,6.0,Delivered,Returned
CONV_SYN_00000214,CLK_SYN_00005241,AFF010,MER0048,CAMP0012,CUST000694,B07DEF890,SES00069403,2024-09-17 21:10:54,ORD_SYN_00000214,1,25.99,0.04,1.04,Delivered,Not Returned
CONV_SYN_00000625,CLK_SYN_00002031,AFF014,MER0057,CAMP0045,CUST000227,B08STU678,SES00022701,2024-09-18 02:11:14,ORD_SYN_00000625,1,69.99,0.03,2.1,Delivered,Returned
CONV_SYN_00001656,CLK_SYN_00009862,AFF013,MER0055,CAMP0033,CUST001839,B07VWX234,SES00183903,2024-09-18 04:10:48,ORD_SYN_00001656,2,59.98,0.04,2.4,Delivered,Not Returned
CONV_SYN_00001337,CLK_SYN_00003690,AFF009,MER0053,CAMP0018,CUST004632,B09YZA890,SES00463203,2024-09-18 12:28:16,ORD_SYN_00001337,1,98.0,0.03,2.94,Cancelled,Returned
CONV_SYN_00001032,CLK_SYN_00009695,AFF020,MER0057,CAMP0008,CUST001846,B08STU901,SES00184601,2024-09-18 13:43:14,ORD_SYN_00001032,1,379.99,0.025,9.5,Delivered,Not Returned
CONV_SYN_00001851,CLK_SYN_00005417,AFF007,MER0026,CAMP0047,CUST004010,B08N5WRWNW,SES00401001,2024-09-18 14:52:55,ORD_SYN_00001851,1,49.99,0.04,2.0,Cancelled,Not Returned
CONV_SYN_00000642,CLK_SYN_00001172,AFF002,MER0076,CAMP0044,CUST001119,B08STU678,SES00111902,2024-09-18 18:16:03,ORD_SYN_00000642,1,69.99,0.03,2.1,Delivered,Returned
CONV_SYN_00001312,CLK_SYN_00007653,AFF012,MER0085,CAMP0049,CUST001728,B09GHI123,SES00172801,2024-09-19 03:34:31,ORD_SYN_00001312,1,179.99,0.025,4.5,Delivered,Not Returned
CONV_SYN_00001150,CLK_SYN_00007304,AFF002,MER0078,CAMP0019,CUST002299,B08ABC123,SES00229901,2024-09-19 08:13:23,ORD_SYN_00001150,1,2495.0,0.015,37.42,Delivered,Not Returned
CONV_SYN_00001897,CLK_SYN_00001172,AFF002,MER0076,CAMP0044,CUST001119,B08STU678,SES00111902,2024-09-19 09:08:15,ORD_SYN_00001897,1,69.99,0.03,2.1,Cancelled,Not Returned
CONV_SYN_00000204,CLK_SYN_00000310,AFF008,MER0027,CAMP0048,CUST002200,B07MNO789,SES00220002,2024-09-19 14:35:14,ORD_SYN_00000204,1,199.95,0.03,6.0,Delivered,Not Returned
CONV_SYN_00001566,CLK_SYN_00008550,AFF018,MER0017,CAMP0027,CUST000787,B07DEF456,SES00078702,2024-09-19 19:10:31,ORD_SYN_00001566,1,299.0,0.025,7.48,Delivered,Not Returned
CONV_SYN_00000050,CLK_SYN_00008550,AFF018,MER0017,CAMP0027,CUST000787,B07DEF456,SES00078702,2024-09-19 19:47:43,ORD_SYN_00000050,1,299.0,0.025,7.48,Delivered,Not Returned
CONV_SYN_00001821,CLK_SYN_00002031,AFF014,MER0057,CAMP0045,CUST000227,B08STU678,SES00022701,2024-09-20 11:43:02,ORD_SYN_00001821,1,69.99,0.03,2.1,Delivered,Not Returned
CONV_SYN_00001268,CLK_SYN_00009082,AFF003,MER0017,CAMP0003,CUST000498,B09YZA567,SES00049803,2024-09-20 16:14:11,ORD_SYN_00001268,1,49.99,0.03,1.5,Delivered,Not Returned
CONV_SYN_00001728,CLK_SYN_00000967,AFF018,MER0030,CAMP0006,CUST003335,B09YZA234,SES00333502,2024-09-20 19:00:26,ORD_SYN_00001728,3,599.97,0.02,12.0,Delivered,Returned
CONV_SYN_00000684,CLK_SYN_00001086,AFF005,MER0027,CAMP0018,CUST004539,B08C1W5N87,SES00453903,2024-09-20 23:10:26,ORD_SYN_00000684,1,79.95,0.03,2.4,Cancelled,Not Returned
CONV_SYN_00001004,CLK_SYN_00005868,AFF018,MER0052,CAMP0026,CUST001548,B09VWX234,SES00154803,2024-09-21 00:28:57,ORD_SYN_00001004,1,599.0,0.02,11.98,Delivered,Not Returned
CONV_SYN_00001281,CLK_SYN_00008074,AFF018,MER0007,CAMP0012,CUST000274,B08EFG123,SES00027403,2024-09-21 04:13:04,ORD_SYN_00001281,1,79.99,0.03,2.4,Cancelled,Not Returned
CONV_SYN_00001180,CLK_SYN_00009614,AFF012,MER0037,CAMP0028,CUST001121,B07MNO012,SES00112102,2024-09-21 04:21:45,ORD_SYN_00001180,1,99.99,0.03,3.0,Delivered,Not Returned
CONV_SYN_00000531,CLK_SYN_00009842,AFF001,MER0052,CAMP0027,CUST001721,B09PQR012,SES00172102,2024-09-21 05:02:00,ORD_SYN_00000531,1,399.0,0.02,7.98,Delivered,Not Returned
CONV_SYN_00000490,CLK_SYN_00005976,AFF006,MER0025,CAMP0034,CUST004473,B09PQR901,SES00447301,2024-09-21 13:25:55,ORD_SYN_00000490,3,1049.97,0.02,21.0,Cancelled,Returned
CONV_SYN_00001881,CLK_SYN_00009441,AFF013,MER0075,CAMP0042,CUST004616,B09PQR345,SES00461602,2024-09-21 14:11:30,ORD_SYN_00001881,1,89.99,0.03,2.7,Delivered,Not Returned
CONV_SYN_00001178,CLK_SYN_00009331,AFF005,MER0073,CAMP0045,CUST000989,B08ABC567,SES00098902,2024-09-21 14:41:20,ORD_SYN_00001178,1,59.99,0.03,1.8,Delivered,Not Returned
CONV_SYN_00000243,CLK_SYN_00000773,AFF008,MER0058,CAMP0035,CUST000805,B09XYZ234,SES00080503,2024-09-21 17:23:32,ORD_SYN_00000243,1,348.0,0.02,6.96,Cancelled,Not Returned
CONV_SYN_00000342,CLK_SYN_00004893,AFF011,MER0099,CAMP0043,CUST001203,B09PQR345,SES00120303,2024-09-21 18:03:55,ORD_SYN_00000342,1,89.99,0.03,2.7,Delivered,Returned
CONV_SYN_00001306,CLK_SYN_00009223,AFF007,MER0012,CAMP0038,CUST002566,B09YZA234,SES00256601,2024-09-21 20:17:49,ORD_SYN_00001306,1,199.99,0.02,4.0,Delivered,Not Returned
CONV_SYN_00000105,CLK_SYN_00002214,AFF020,MER0010,CAMP0009,CUST003776,B07VWX234,SES00377601,2024-09-22 01:34:45,ORD_SYN_00000105,1,29.99,0.04,1.2,Delivered,Not Returned
CONV_SYN_00001113,CLK_SYN_00006120,AFF019,MER0095,CAMP0011,CUST002620,B08STU901,SES00262001,2024-09-22 02:52:43,ORD_SYN_00001113,1,379.99,0.025,9.5,Delivered,Not Returned
CONV_SYN_00001086,CLK_SYN_00009736,AFF008,MER0083,CAMP0011,CUST003924,B08EFG123,SES00392401,2024-09-22 03:06:24,ORD_SYN_00001086,2,159.98,0.03,4.8,Delivered,Not Returned
CONV_SYN_00001785,CLK_SYN_00009785,AFF019,MER0100,CAMP0001,CUST002565,B07VWX234,SES00256501,2024-09-22 09:55:34,ORD_SYN_00001785,1,29.99,0.04,1.2,Delivered,Not Returned
CONV_SYN_00000683,CLK_SYN_00006531,AFF014,MER0029,CAMP0035,CUST002730,B09GHI123,SES00273002,2024-09-22 13:20:54,ORD_SYN_00000683,1,179.99,0.025,4.5,Delivered,Not Returned
CONV_SYN_00000782,CLK_SYN_00003514,AFF009,MER0056,CAMP0040,CUST001239,B08STU345,SES00123901,2024-09-22 22:38:45,ORD_SYN_00000782,1,349.99,0.025,8.75,Delivered,Not Returned
CONV_SYN_00000516,CLK_SYN_00009736,AFF008,MER0083,CAMP0011,CUST003924,B08EFG123,SES00392401,2024-09-22 23:30:24,ORD_SYN_00000516,1,79.99,0.03,2.4,Delivered,Not Returned
CONV_SYN_00001109,CLK_SYN_00003440,AFF017,MER0025,CAMP0001,CUST000801,B07PQR345,SES00080103,2024-09-23 00:03:27,ORD_SYN_00001109,1,399.0,0.02,7.98,Delivered,Not Returned
CONV_SYN_00001382,CLK_SYN_00006564,AFF008,MER0058,CAMP0004,CUST002442,B08STU901,SES00244202,2024-09-23 01:22:08,ORD_SYN_00001382,1,379.99,0.025,9.5,Delivered,Returned
CONV_SYN_00000552,CLK_SYN_00004584,AFF006,MER0077,CAMP0041,CUST001701,B08STU901,SES00170101,2024-09-23 03:00:21,ORD_SYN_00000552,1,379.99,0.025,9.5,Delivered,Returned
CONV_SYN_00001643,CLK_SYN_00009367,AFF013,MER0045,CAMP0032,CUST001116,B07VWX234,SES00111601,2024-09-23 04:07:21,ORD_SYN_00001643,1,29.99,0.04,1.2,Cancelled,Not Returned
CONV_SYN_00000426,CLK_SYN_00001664,AFF018,MER0046,CAMP0006,CUST002005,B07MNO345,SES00200501,2024-09-23 09:08:35,ORD_SYN_00000426,1,59.99,0.04,2.4,Delivered,Not Returned
CONV_SYN_00001328,CLK_SYN_00004893,AFF011,MER0099,CAMP0043,CUST001203,B09PQR345,SES00120303,2024-09-23 13:12:19,ORD_SYN_00001328,1,89.99,0.03,2.7,Delivered,Not Returned
CONV_SYN_00000001,CLK_SYN_00006191,AFF016,MER0070,CAMP0014,CUST003843,B09YZA901,SES00384301,2024-09-23 14:23:55,ORD_SYN_00000001,1,199.99,0.03,6.0,Delivered,Not Returned
CONV_SYN_00000699,CLK_SYN_00005703,AFF011,MER0090,CAMP0003,CUST002039,B07VWX234,SES00203903,2024-09-23 16:51:26,ORD_SYN_00000699,1,29.99,0.04,1.2,Delivered,Returned
CONV_SYN_00001509,CLK_SYN_00006684,AFF007,MER0091,CAMP0006,CUST001389,B08STU901,SES00138901,2024-09-23 18:17:39,ORD_SYN_00001509,1,379.99,0.025,9.5,Delivered,Returned
CONV_SYN_00001014,CLK_SYN_00007593,AFF007,MER0036,CAMP0038,CUST003494,B08N5WRWNW,SES00349402,2024-09-23 20:20:53,ORD_SYN_00001014,1,49.99,0.04,2.0,Cancelled,Not Returned
CONV_SYN_00001930,CLK_SYN_00005041,AFF016,MER0099,CAMP0030,CUST001154,B08STU901,SES00115402,2024-09-24 00:59:49,ORD_SYN_00001930,1,379.99,0.025,9.5,Cancelled,Not Returned
CONV_SYN_00000084,CLK_SYN_00002544,AFF008,MER0044,CAMP0014,CUST004535,B09YZA234,SES00453502,2024-09-24 01:48:08,ORD_SYN_00000084,1,199.99,0.02,4.0,Delivered,Not Returned
CONV_SYN_00000674,CLK_SYN_00006684,AFF007,MER0091,CAMP0006,CUST001389,B08STU901,SES00138901,2024-09-24 03:13:27,ORD_SYN_00000674,1,379.99,0.025,9.5,Delivered,Not Returned
CONV_SYN_00001841,CLK_SYN_00009586,AFF016,MER0060,CAMP0009,CUST002400,B07DEF456,SES00240002,2024-09-24 03:52:26,ORD_SYN_00001841,1,299.0,0.025,7.48,Delivered,Not Returned
CONV_SYN_00000688,CLK_SYN_00007185,AFF005,MER0093,CAMP0011,CUST001893,B08ABC890,SES00189302,2024-09-24 15:43:50,ORD_SYN_00000688,1,249.99,0.025,6.25,Delivered,Not Returned
CONV_SYN_00001390,CLK_SYN_00001989,AFF012,MER0045,CAMP0038,CUST001541,B07MNO012,SES00154101,2024-09-25 05:22:07,ORD_SYN_00001390,1,99.99,0.03,3.0,Delivered,Returned
CONV_SYN_00000529,CLK_SYN_00006684,AFF007,MER0091,CAMP0006,CUST001389,B08STU901,SES00138901,2024-09-25 12:37:27,ORD_SYN_00000529,1,379.99,0.025,9.5,Delivered,Not Returned
CONV_SYN_00001639,CLK_SYN_00001946,AFF013,MER0078,CAMP0036,CUST001716,B08JKL345,SES00171602,2024-09-25 14:54:40,ORD_SYN_00001639,1,349.95,0.02,7.0,Delivered,Not Returned
CONV_SYN_00001394,CLK_SYN_00001580,AFF015,MER0037,CAMP0036,CUST000607,B09PQR345,SES00060703,2024-09-25 15:21:46,ORD_SYN_00001394,1,89.99,0.03,2.7,Delivered,Not Returned
CONV_SYN_00001946,CLK_SYN_00000475,AFF020,MER0022,CAMP0004,CUST003243,B08JKL456,SES00324302,2024-09-25 19:45:52,ORD_SYN_00001946,1,99.99,0.04,4.0,Delivered,Not Returned
CONV_SYN_00001436,CLK_SYN_00009798,AFF012,MER0056,CAMP0016,CUST000038,B08ABC890,SES00003802,2024-09-25 21:44:32,ORD_SYN_00001436,1,249.99,0.025,6.25,Delivered,Not Returned
CONV_SYN_00001773,CLK_SYN_00006918,AFF010,MER0049,CAMP0026,CUST001857,B08STU901,SES00185702,2024-09-25 23:03:49,ORD_SYN_00001773,1,379.99,0.025,9.5,Delivered,Returned
CONV_SYN_00000341,CLK_SYN_00001210,AFF004,MER0065,CAMP0008,CUST003497,B07MNO012,SES00349702,2024-09-26 04:20:46,ORD_SYN_00000341,1,99.99,0.03,3.0,Cancelled,Not Returned
CONV_SYN_00000177,CLK_SYN_00002015,AFF010,MER0009,CAMP0034,CUST003496,B07TUVW901,SES00349601,2024-09-26 04:56:18,ORD_SYN_00000177,1,149.95,0.025,3.75,Delivered,Returned
CONV_SYN_00001411,CLK_SYN_00005922,AFF010,MER0052,CAMP0040,CUST002193,B09PQR012,SES00219302,2024-09-26 06:12:08,ORD_SYN_00001411,1,399.0,0.02,7.98,Delivered,Not Returned
CONV_SYN_00001374,CLK_SYN_00005311,AFF010,MER0005,CAMP0002,CUST004165,B09PQR678,SES00416501,2024-09-26 06:30:16,ORD_SYN_00001374,1,399.99,0.02,8.0,Delivered,Returned
CONV_SYN_00001085,CLK_SYN_00005440,AFF011,MER0096,CAMP0045,CUST004888,B09DEF123,SES00488802,2024-09-26 11:44:09,ORD_SYN_00001085,1,1199.0,0.015,17.98,Delivered,Returned
CONV_SYN_00000301,CLK_SYN_00007786,AFF008,MER0075,CAMP0042,CUST000276,B07PQR345,SES00027602,2024-09-26 17:05:50,ORD_SYN_00000301,1,399.0,0.02,7.98,Delivered,Not Returned
CONV_SYN_00001912,CLK_SYN_00008858,AFF020,MER0013,CAMP0015,CUST004229,B09YZA890,SES00422902,2024-09-26 20:33:37,ORD_SYN_00001912,1,98.0,0.03,2.94,Delivered,Returned
CONV_SYN_00000544,CLK_SYN_00000952,AFF002,MER0053,CAMP0047,CUST004001,B07VWX901,SES00400101,2024-09-27 00:08:19,ORD_SYN_00000544,1,99.99,0.025,2.5,Cancelled,Not Returned
CONV_SYN_00000504,CLK_SYN_00003746,AFF011,MER0095,CAMP0009,CUST000253,B07FZ8S74R,SES00025301,2024-09-27 02:24:51,ORD_SYN_00000504,1,39.99,0.04,1.6,Delivered,Returned
CONV_SYN_00000643,CLK_SYN_00001989,AFF012,MER0045,CAMP0038,CUST001541,B07MNO012,SES00154101,2024-09-27 06:22:07,ORD_SYN_00000643,1,99.99,0.03,3.0,Delivered,Not Returned
CONV_SYN_00001886,CLK_SYN_00005440,AFF011,MER0096,CAMP0045,CUST004888,B09DEF123,SES00488802,2024-09-27 19:53:45,ORD_SYN_00001886,1,1199.0,0.015,17.98,Delivered,Not Returned
CONV_SYN_00000977,CLK_SYN_00008246,AFF005,MER0028,CAMP0021,CUST003194,B07DEF890,SES00319401,2024-09-27 20:01:25,ORD_SYN_00000977,1,25.99,0.04,1.04,Cancelled,Not Returned
CONV_SYN_00000244,CLK_SYN_00002470,AFF009,MER0019,CAMP0039,CUST004766,B09GHI789,SES00476602,2024-09-27 20:29:51,ORD_SYN_00000244,1,49.99,0.04,2.0,Delivered,Not Returned
CONV_SYN_00000115,CLK_SYN_00002322,AFF006,MER0093,CAMP0047,CUST003751,B08STU345,SES00375101,2024-09-27 20:36:45,ORD_SYN_00000115,1,349.99,0.025,8.75,Delivered,Not Returned
CONV_SYN_00000415,CLK_SYN_00005807,AFF006,MER0063,CAMP0040,CUST003660,B08STU901,SES00366003,2024-09-27 23:39:38,ORD_SYN_00000415,1,379.99,0.025,9.5,Cancelled,Returned
CONV_SYN_00000154,CLK_SYN_00009990,AFF012,MER0020,CAMP0010,CUST001968,B09XYZ234,SES00196802,2024-09-28 08:28:49,ORD_SYN_00000154,1,348.0,0.02,6.96,Delivered,Not Returned
CONV_SYN_00000755,CLK_SYN_00005534,AFF009,MER0065,CAMP0018,CUST002401,B08JKL789,SES00240103,2024-09-28 13:05:30,ORD_SYN_00000755,1,25.99,0.04,1.04,Delivered,Not Returned
CONV_SYN_00000185,CLK_SYN_00009990,AFF012,MER0020,CAMP0010,CUST001968,B09XYZ234,SES00196802,2024-09-28 13:06:01,ORD_SYN_00000185,1,348.0,0.02,6.96,Delivered,Not Returned
CONV_SYN_00001166,CLK_SYN_00008817,AFF001,MER0097,CAMP0048,CUST002039,B07PQR345,SES00203901,2024-09-28 19:22:14,ORD_SYN_00001166,1,399.0,0.02,7.98,Delivered,Not Returned
CONV_SYN_00000518,CLK_SYN_00002470,AFF009,MER0019,CAMP0039,CUST004766,B09GHI789,SES00476602,2024-09-29 03:43:03,ORD_SYN_00000518,1,49.99,0.04,2.0,Cancelled,Not Returned
CONV_SYN_00000130,CLK_SYN_00005237,AFF007,MER0013,CAMP0036,CUST001113,B07MNO789,SES00111302,2024-09-29 05:05:40,ORD_SYN_00000130,1,199.95,0.03,6.0,Delivered,Not Returned
CONV_SYN_00000441,CLK_SYN_00000837,AFF002,MER0028,CAMP0007,CUST001565,B09PQR012,SES00156502,2024-09-29 07:56:34,ORD_SYN_00000441,1,399.0,0.02,7.98,Cancelled,Not Returned
CONV_SYN_00000435,CLK_SYN_00007944,AFF012,MER0077,CAMP0048,CUST000636,B07HGJKL12,SES00063602,2024-09-29 08:52:44,ORD_SYN_00000435,1,249.0,0.02,4.98,Cancelled,Not Returned
CONV_SYN_00000661,CLK_SYN_00005005,AFF007,MER0041,CAMP0050,CUST004963,B08QRST678,SES00496301,2024-09-29 12:08:36,ORD_SYN_00000661,1,199.99,0.02,4.0,Cancelled,Returned
CONV_SYN_00001987,CLK_SYN_00004431,AFF017,MER0058,CAMP0042,CUST003900,B07TUVW901,SES00390003,2024-09-29 12:25:41,ORD_SYN_00001987,1,149.95,0.025,3.75,Delivered,Not Returned
CONV_SYN_00001953,CLK_SYN_00007944,AFF012,MER0077,CAMP0048,CUST000636,B07HGJKL12,SES00063602,2024-09-30 08:34:44,ORD_SYN_00001953,1,249.0,0.02,4.98,Delivered,Not Returned
CONV_SYN_00001981,CLK_SYN_00009526,AFF005,MER0002,CAMP0009,CUST004389,B08YZA567,SES00438902,2024-09-30 08:47:24,ORD_SYN_00001981,2,179.98,0.03,5.4,Delivered,Returned
CONV_SYN_00001770,CLK_SYN_00008475,AFF004,MER0074,CAMP0001,CUST003002,B08STU678,SES00300203,2024-09-30 12:11:01,ORD_SYN_00001770,1,69.99,0.03,2.1,Cancelled,Not Returned
CONV_SYN_00000660,CLK_SYN_00005532,AFF003,MER0068,CAMP0025,CUST000805,B07GHI789,SES00080503,2024-09-30 15:30:28,ORD_SYN_00000660,2,358.0,0.02,7.16,Cancelled,Not Returned
CONV_SYN_00000576,CLK_SYN_00003413,AFF014,MER0100,CAMP0036,CUST003750,B07HGJKL12,SES00375003,2024-09-30 18:53:24,ORD_SYN_00000576,1,249.0,0.02,4.98,Cancelled,Not Returned
CONV_SYN_00001529,CLK_SYN_00000004,AFF002,MER0005,CAMP0044,CUST000054,B07MNO789,SES00005401,2024-09-30 19:36:02,ORD_SYN_00001529,2,399.9,0.03,12.0,Cancelled,Not Returned
CONV_SYN_00001493,CLK_SYN_00002295,AFF012,MER0048,CAMP0002,CUST001319,B08ABC567,SES00131903,2024-10-01 00:46:29,ORD_SYN_00001493,3,179.97,0.03,5.4,Delivered,Not Returned
CONV_SYN_00001364,CLK_SYN_00004043,AFF005,MER0093,CAMP0015,CUST004708,B09GHI123,SES00470801,2024-10-01 14:07:07,ORD_SYN_00001364,1,179.99,0.025,4.5,Delivered,Not Returned
CONV_SYN_00000864,CLK_SYN_00005043,AFF001,MER0095,CAMP0031,CUST003855,B07VWX901,SES00385502,2024-10-01 15:55:27,ORD_SYN_00000864,1,99.99,0.025,2.5,Cancelled,Returned
CONV_SYN_00000666,CLK_SYN_00008395,AFF008,MER0040,CAMP0012,CUST002048,B09XYZ234,SES00204803,2024-10-01 17:45:47,ORD_SYN_00000666,1,348.0,0.02,6.96,Delivered,Returned
CONV_SYN_00000571,CLK_SYN_00004622,AFF009,MER0089,CAMP0018,CUST002049,B07MNO678,SES00204902,2024-10-01 19:35:55,ORD_SYN_00000571,2,69.98,0.04,2.8,Delivered,Returned
CONV_SYN_00000331,CLK_SYN_00001848,AFF011,MER0025,CAMP0013,CUST003306,B07DEF123,SES00330603,2024-10-01 20:17:17,ORD_SYN_00000331,1,99.99,0.03,3.0,Delivered,Returned
CONV_SYN_00001401,CLK_SYN_00004774,AFF016,MER0009,CAMP0031,CUST001507,B09HIJ890,SES00150702,2024-10-01 21:57:46,ORD_SYN_00001401,1,299.99,0.025,7.5,Delivered,Not Returned
CONV_SYN_00001219,CLK_SYN_00000200,AFF019,MER0081,CAMP0030,CUST001047,B08STU901,SES00104703,2024-10-02 02:18:30,ORD_SYN_00001219,1,379.99,0.025,9.5,Delivered,Returned
CONV_SYN_00001483,CLK_SYN_00006419,AFF001,MER0032,CAMP0049,CUST002135,B09PQR901,SES00213501,2024-10-02 06:21:34,ORD_SYN_00001483,1,349.99,0.02,7.0,Delivered,Returned
CONV_SYN_00000159,CLK_SYN_00006604,AFF012,MER0086,CAMP0001,CUST001571,B08ABC890,SES00157102,2024-10-02 18:17:16,ORD_SYN_00000159,1,249.99,0.025,6.25,Delivered,Not Returned
CONV_SYN_00000636,CLK_SYN_00003225,AFF012,MER0040,CAMP0001,CUST002034,B09GHI789,SES00203402,2024-10-02 20:46:17,ORD_SYN_00000636,1,49.99,0.04,2.0,Delivered,Not Returned
CONV_SYN_00000176,CLK_SYN_00009986,AFF009,MER0006,CAMP0046,CUST000133,B09YZA890,SES00013302,2024-10-03 00:22:20,ORD_SYN_00000176,1,98.0,0.03,2.94,Delivered,Not Returned
CONV_SYN_00001357,CLK_SYN_00001209,AFF001,MER0100,CAMP0002,CUST003149,B09PQR012,SES00314902,2024-10-03 05:16:38,ORD_SYN_00001357,1,399.0,0.02,7.98,Delivered,Not Returned
CONV_SYN_00000371,CLK_SYN_00007791,AFF008,MER0011,CAMP0047,CUST000005,B07MNO012,SES00000501,2024-10-03 07:26:15,ORD_SYN_00000371,1,99.99,0.03,3.0,Delivered,Returned
CONV_SYN_00000057,CLK_SYN_00004745,AFF006,MER0059,CAMP0042,CUST003468,B08ABC567,SES00346802,2024-10-03 11:46:37,ORD_SYN_00000057,1,59.99,0.03,1.8,Delivered,Not Returned
CONV_SYN_00000930,CLK_SYN_00003576,AFF010,MER0055,CAMP0038,CUST003082,B07TUVW901,SES00308202,2024-10-03 12:19:05,ORD_SYN_00000930,1,149.95,0.025,3.75,Delivered,Returned
CONV_SYN_00000044,CLK_SYN_00009661,AFF015,MER0024,CAMP0028,CUST004434,B08ABC567,SES00443401,2024-10-03 16:21:23,ORD_SYN_00000044,1,59.99,0.03,1.8,Delivered,Not Returned
CONV_SYN_00001791,CLK_SYN_00008489,AFF020,MER0076,CAMP0016,CUST000305,B08N5WRWNW,SES00030502,2024-10-04 00:36:14,ORD_SYN_00001791,1,49.99,0.04,2.0,Cancelled,Not Returned
CONV_SYN_00000831,CLK_SYN_00004406,AFF012,MER0096,CAMP0049,CUST001690,B07MNO678,SES00169003,2024-10-04 01:38:28,ORD_SYN_00000831,2,69.98,0.04,2.8,Delivered,Not Returned
CONV_SYN_00000600,CLK_SYN_00007254,AFF017,MER0040,CAMP0050,CUST000435,B07PQR345,SES00043501,2024-10-04 10:37:41,ORD_SYN_00000600,1,399.0,0.02,7.98,Delivered,Not Returned
CONV_SYN_00000340,CLK_SYN_00008764,AFF009,MER0002,CAMP0014,CUST004405,B09GHI123,SES00440503,2024-10-04 10:55:30,ORD_SYN_00000340,1,179.99,0.025,4.5,Delivered,Not Returned
CONV_SYN_00001778,CLK_SYN_00005161,AFF009,MER0052,CAMP0002,CUST003471,B09YZA890,SES00347101,2024-10-04 13:17:11,ORD_SYN_00001778,1,98.0,0.03,2.94,Delivered,Returned
CONV_SYN_00000487,CLK_SYN_00006123,AFF007,MER0065,CAMP0003,CUST000101,B09YZA234,SES00010102,2024-10-04 13:56:39,ORD_SYN_00000487,1,199.99,0.02,4.0,Delivered,Not Returned
CONV_SYN_00000629,CLK_SYN_00005301,AFF020,MER0037,CAMP0047,CUST001831,B07GHI789,SES00183103,2024-10-04 16:51:10,ORD_SYN_00000629,1,179.0,0.02,3.58,Cancelled,Not Returned
CONV_SYN_00001454,CLK_SYN_00004406,AFF012,MER0096,CAMP0049,CUST001690,B07MNO678,SES00169003,2024-10-05 00:03:40,ORD_SYN_00001454,1,34.99,0.04,1.4,Cancelled,Returned
CONV_SYN_00000769,CLK_SYN_00008569,AFF014,MER0017,CAMP0030,CUST004952,B08EFG456,SES00495203,2024-10-05 07:11:54,ORD_SYN_00000769,1,39.95,0.04,1.6,Delivered,Not Returned
CONV_SYN_00000405,CLK_SYN_00008764,AFF009,MER0002,CAMP0014,CUST004405,B09GHI123,SES00440503,2024-10-05 07:45:54,ORD_SYN_00000405,1,179.99,0.025,4.5,Cancelled,Not Returned
CONV_SYN_00001318,CLK_SYN_00009585,AFF002,MER0009,CAMP0038,CUST001191,B09PQR901,SES00119103,2024-10-05 12:53:12,ORD_SYN_00001318,1,349.99,0.02,7.0,Delivered,Not Returned
CONV_SYN_00001945,CLK_SYN_00001748,AFF017,MER0024,CAMP0012,CUST001709,B09YZA901,SES00170903,2024-10-05 20:47:01,ORD_SYN_00001945,1,199.99,0.03,6.0,Cancelled,Not Returned
CONV_SYN_00000135,CLK_SYN_00004586,AFF011,MER0041,CAMP0038,CUST003939,B09GHI123,SES00393902,2024-10-06 08:32:28,ORD_SYN_00000135,1,179.99,0.025,4.5,Delivered,Not Returned
CONV_SYN_00000932,CLK_SYN_00007479,AFF016,MER0055,CAMP0023,CUST004655,B09PQR012,SES00465501,2024-10-06 08:55:51,ORD_SYN_00000932,1,399.0,0.02,7.98,Delivered,Not Returned
CONV_SYN_00000533,CLK_SYN_00001842,AFF015,MER0069,CAMP0027,CUST002904,B08JKL789,SES00290401,2024-10-06 10:29:34,ORD_SYN_00000533,1,25.99,0.04,1.04,Cancelled,Returned
CONV_SYN_00001230,CLK_SYN_00006155,AFF017,MER0048,CAMP0005,CUST003079,B08ABC123,SES00307903,2024-10-06 19:55:28,ORD_SYN_00001230,1,2495.0,0.015,37.42,Cancelled,Returned
CONV_SYN_00000488,CLK_SYN_00007871,AFF010,MER0026,CAMP0050,CUST003556,B08JKL345,SES00355603,2024-10-06 20:20:51,ORD_SYN_00000488,1,349.95,0.02,7.0,Cancelled,Not Returned
CONV_SYN_00000728,CLK_SYN_00007776,AFF015,MER0074,CAMP0036,CUST000181,B07VWX901,SES00018102,2024-10-07 02:25:13,ORD_SYN_00000728,1,99.99,0.025,2.5,Delivered,Not Returned
CONV_SYN_00000824,CLK_SYN_00007621,AFF001,MER0071,CAMP0042,CUST004925,B08JKL012,SES00492502,2024-10-07 04:43:50,ORD_SYN_00000824,1,219.0,0.02,4.38,Delivered,Not Returned
CONV_SYN_00001387,CLK_SYN_00005024,AFF008,MER0076,CAMP0033,CUST003052,B09GHI789,SES00305202,2024-10-07 17:54:38,ORD_SYN_00001387,1,49.99,0.04,2.0,Cancelled,Not Returned
CONV_SYN_00000483,CLK_SYN_00002879,AFF016,MER0007,CAMP0023,CUST002857,B08STU901,SES00285703,2024-10-07 21:50:13,ORD_SYN_00000483,1,379.99,0.025,9.5,Delivered,Not Returned
CONV_SYN_00000959,CLK_SYN_00003591,AFF002,MER0030,CAMP0015,CUST004852,B07FZ8S74R,SES00485201,2024-10-07 22:43:05,ORD_SYN_00000959,1,39.99,0.04,1.6,Delivered,Returned
CONV_SYN_00000068,CLK_SYN_00006742,AFF003,MER0017,CAMP0043,CUST001723,B07DEF123,SES00172301,2024-10-08 06:52:33,ORD_SYN_00000068,2,199.98,0.03,6.0,Delivered,Not Returned
CONV_SYN_00001104,CLK_SYN_00003812,AFF020,MER0059,CAMP0042,CUST000556,B09VWX234,SES00055602,2024-10-08 20:32:31,ORD_SYN_00001104,1,599.0,0.02,11.98,Delivered,Not Returned
CONV_SYN_00001194,CLK_SYN_00003812,AFF020,MER0059,CAMP0042,CUST000556,B09VWX234,SES00055602,2024-10-08 21:34:55,ORD_SYN_00001194,3,1797.0,0.02,35.94,Delivered,Not Returned
CONV_SYN_00000299,CLK_SYN_00007014,AFF013,MER0069,CAMP0019,CUST004194,B08JKL012,SES00419403,2024-10-08 22:17:29,ORD_SYN_00000299,1,219.0,0.02,4.38,Delivered,Not Returned
CONV_SYN_00001226,CLK_SYN_00002687,AFF016,MER0085,CAMP0009,CUST000749,B08YZA567,SES00074903,2024-10-09 03:57:09,ORD_SYN_00001226,1,89.99,0.03,2.7,Cancelled,Not Returned
CONV_SYN_00000812,CLK_SYN_00007016,AFF002,MER0018,CAMP0026,CUST000717,B08STU234,SES00071701,2024-10-09 06:06:45,ORD_SYN_00000812,1,128.0,0.03,3.84,Delivered,Returned
CONV_SYN_00001286,CLK_SYN_00005481,AFF002,MER0075,CAMP0023,CUST000921,B09YZA901,SES00092103,2024-10-09 09:22:08,ORD_SYN_00001286,1,199.99,0.03,6.0,Delivered,Not Returned
CONV_SYN_00000297,CLK_SYN_00005071,AFF020,MER0020,CAMP0017,CUST003208,B09YZA901,SES00320803,2024-10-09 09:26:40,ORD_SYN_00000297,1,199.99,0.03,6.0,Cancelled,Not Returned
CONV_SYN_00000650,CLK_SYN_00003148,AFF005,MER0055,CAMP0006,CUST000618,B07FZ8S74R,SES00061802,2024-10-09 09:29:22,ORD_SYN_00000650,2,79.98,0.04,3.2,Delivered,Not Returned
CONV_SYN_00000759,CLK_SYN_00001715,AFF005,MER0034,CAMP0008,CUST004750,B08JKL456,SES00475001,2024-10-09 13:36:13,ORD_SYN_00000759,1,99.99,0.04,4.0,Delivered,Not Returned
CONV_SYN_00001222,CLK_SYN_00009989,AFF002,MER0005,CAMP0036,CUST004993,B08BCD234,SES00499301,2024-10-09 15:09:28,ORD_SYN_00001222,1,497.99,0.02,9.96,Delivered,Returned
CONV_SYN_00001208,CLK_SYN_00007014,AFF013,MER0069,CAMP0019,CUST004194,B08JKL012,SES00419403,2024-10-09 16:03:41,ORD_SYN_00001208,1,219.0,0.02,4.38,Delivered,Returned
CONV_SYN_00001798,CLK_SYN_00006641,AFF003,MER0025,CAMP0034,CUST000309,B07VWX678,SES00030901,2024-10-10 01:07:29,ORD_SYN_00001798,1,329.0,0.02,6.58,Delivered,Not Returned
CONV_SYN_00001303,CLK_SYN_00003057,AFF013,MER0019,CAMP0015,CUST000192,B07MNO789,SES00019202,2024-10-10 02:09:12,ORD_SYN_00001303,1,199.95,0.03,6.0,Delivered,Returned
CONV_SYN_00001314,CLK_SYN_00009304,AFF002,MER0027,CAMP0049,CUST002424,B09PQR345,SES00242403,2024-10-10 15:07:17,ORD_SYN_00001314,1,89.99,0.03,2.7,Delivered,Not Returned
CONV_SYN_00001558,CLK_SYN_00006360,AFF015,MER0009,CAMP0027,CUST003951,B09YZA890,SES00395101,2024-10-10 18:04:23,ORD_SYN_00001558,1,98.0,0.03,2.94,Delivered,Not Returned
CONV_SYN_00000124,CLK_SYN_00007883,AFF013,MER0041,CAMP0019,CUST004739,B09PQR678,SES00473901,2024-10-10 18:36:21,ORD_SYN_00000124,1,399.99,0.02,8.0,Cancelled,Not Returned
CONV_SYN_00000467,CLK_SYN_00004482,AFF018,MER0045,CAMP0041,CUST001673,B08ABC567,SES00167302,2024-10-11 01:23:40,ORD_SYN_00000467,1,59.99,0.03,1.8,Delivered,Not Returned
CONV_SYN_00000734,CLK_SYN_00007716,AFF020,MER0078,CAMP0007,CUST000653,B09YZA890,SES00065301,2024-10-11 22:58:32,ORD_SYN_00000734,1,98.0,0.03,2.94,Delivered,Not Returned
CONV_SYN_00001114,CLK_SYN_00001578,AFF011,MER0021,CAMP0002,CUST001121,B08STU901,SES00112102,2024-10-12 02:28:14,ORD_SYN_00001114,1,379.99,0.025,9.5,Delivered,Returned
CONV_SYN_00000035,CLK_SYN_00004450,AFF001,MER0055,CAMP0008,CUST000709,B08ABC567,SES00070903,2024-10-12 05:01:07,ORD_SYN_00000035,1,59.99,0.03,1.8,Delivered,Not Returned
CONV_SYN_00001828,CLK_SYN_00008895,AFF017,MER0045,CAMP0019,CUST001459,B09YZA890,SES00145903,2024-10-12 06:14:28,ORD_SYN_00001828,1,98.0,0.03,2.94,Delivered,Not Returned
CONV_SYN_00000411,CLK_SYN_00009094,AFF020,MER0034,CAMP0026,CUST003581,B09GHI123,SES00358102,2024-10-12 07:37:25,ORD_SYN_00000411,1,179.99,0.025,4.5,Cancelled,Returned
CONV_SYN_00000335,CLK_SYN_00008160,AFF001,MER0042,CAMP0009,CUST004520,B08ABC567,SES00452001,2024-10-13 04:07:12,ORD_SYN_00000335,1,59.99,0.03,1.8,Cancelled,Not Returned
CONV_SYN_00000939,CLK_SYN_00006455,AFF020,MER0046,CAMP0032,CUST001040,B07DEF890,SES00104002,2024-10-13 04:22:02,ORD_SYN_00000939,1,25.99,0.04,1.04,Delivered,Not Returned
CONV_SYN_00000998,CLK_SYN_00007954,AFF009,MER0094,CAMP0010,CUST002032,B08N5WRWNW,SES00203202,2024-10-13 13:09:59,ORD_SYN_00000998,1,49.99,0.04,2.0,Delivered,Returned
CONV_SYN_00000202,CLK_SYN_00004447,AFF011,MER0032,CAMP0028,CUST004010,B09GHI123,SES00401001,2024-10-13 16:01:52,ORD_SYN_00000202,1,179.99,0.025,4.5,Cancelled,Not Returned
CONV_SYN_00001505,CLK_SYN_00006009,AFF015,MER0051,CAMP0016,CUST001068,B08QRST678,SES00106803,2024-10-13 23:17:11,ORD_SYN_00001505,2,399.98,0.02,8.0,Delivered,Not Returned
CONV_SYN_00001815,CLK_SYN_00009979,AFF002,MER0018,CAMP0045,CUST004242,B07HGJKL12,SES00424202,2024-10-14 01:24:44,ORD_SYN_00001815,1,249.0,0.02,4.98,Delivered,Returned
CONV_SYN_00001000,CLK_SYN_00005441,AFF012,MER0092,CAMP0047,CUST002260,B09XYZ234,SES00226002,2024-10-14 05:02:44,ORD_SYN_00001000,1,348.0,0.02,6.96,Cancelled,Not Returned
CONV_SYN_00001968,CLK_SYN_00003052,AFF004,MER0003,CAMP0045,CUST004945,B09GHI123,SES00494501,2024-10-14 06:46:14,ORD_SYN_00001968,1,179.99,0.025,4.5,Cancelled,Not Returned
CONV_SYN_00001350,CLK_SYN_00004697,AFF002,MER0073,CAMP0005,CUST001216,B07MNO345,SES00121602,2024-10-14 16:14:10,ORD_SYN_00001350,1,59.99,0.04,2.4,Cancelled,Not Returned
CONV_SYN_00001641,CLK_SYN_00001018,AFF012,MER0051,CAMP0044,CUST000134,B08JKL456,SES00013401,2024-10-15 01:14:27,ORD_SYN_00001641,1,99.99,0.04,4.0,Delivered,Not Returned
CONV_SYN_00000127,CLK_SYN_00008241,AFF020,MER0084,CAMP0001,CUST004439,B08STU345,SES00443903,2024-10-15 16:43:17,ORD_SYN_00000127,1,349.99,0.025,8.75,Delivered,Not Returned
CONV_SYN_00000754,CLK_SYN_00004302,AFF014,MER0026,CAMP0001,CUST001191,B09PQR012,SES00119102,2024-10-15 17:56:56,ORD_SYN_00000754,1,399.0,0.02,7.98,Delivered,Not Returned
CONV_SYN_00000025,CLK_SYN_00003380,AFF003,MER0072,CAMP0006,CUST003097,B08JKL345,SES00309703,2024-10-15 18:30:11,ORD_SYN_00000025,1,349.95,0.02,7.0,Cancelled,Not Returned
CONV_SYN_00001603,CLK_SYN_00008476,AFF019,MER0076,CAMP0039,CUST000684,B09PQR678,SES00068402,2024-10-15 19:02:58,ORD_SYN_00001603,1,399.99,0.02,8.0,Cancelled,Not Returned
CONV_SYN_00001369,CLK_SYN_00008362,AFF015,MER0076,CAMP0020,CUST000986,B08BCD234,SES00098603,2024-10-15 19:08:24,ORD_SYN_00001369,1,497.99,0.02,9.96,Delivered,Not Returned
CONV_SYN_00000646,CLK_SYN_00009287,AFF005,MER0076,CAMP0049,CUST001321,B08MNO012,SES00132101,2024-10-16 05:14:22,ORD_SYN_00000646,1,149.99,0.03,4.5,Delivered,Not Returned
CONV_SYN_00000538,CLK_SYN_00003226,AFF011,MER0044,CAMP0048,CUST003149,B08ABC123,SES00314901,2024-10-16 06:38:03,ORD_SYN_00000538,1,2495.0,0.015,37.42,Delivered,Not Returned
CONV_SYN_00000980,CLK_SYN_00004644,AFF002,MER0050,CAMP0030,CUST003112,B08JKL345,SES00311202,2024-10-16 10:54:46,ORD_SYN_00000980,1,349.95,0.02,7.0,Delivered,Not Returned
CONV_SYN_00000075,CLK_SYN_00003223,AFF006,MER0017,CAMP0037,CUST002370,B09PQR012,SES00237002,2024-10-16 19:55:18,ORD_SYN_00000075,1,399.0,0.02,7.98,Delivered,Not Returned
CONV_SYN_00000071,CLK_SYN_00008556,AFF010,MER0099,CAMP0025,CUST002474,B07MNO789,SES00247401,2024-10-17 07:33:25,ORD_SYN_00000071,1,199.95,0.03,6.0,Delivered,Not Returned
CONV_SYN_00000708,CLK_SYN_00008376,AFF002,MER0075,CAMP0044,CUST003497,B09PQR345,SES00349703,2024-10-17 08:13:51,ORD_SYN_00000708,1,89.99,0.03,2.7,Delivered,Not Returned
CONV_SYN_00001367,CLK_SYN_00006266,AFF001,MER0063,CAMP0039,CUST002021,B09YZA890,SES00202102,2024-10-17 10:36:53,ORD_SYN_00001367,1,98.0,0.03,2.94,Delivered,Not Returned
CONV_SYN_00000694,CLK_SYN_00000705,AFF012,MER0078,CAMP0048,CUST000988,B07DEF123,SES00098801,2024-10-17 18:43:12,ORD_SYN_00000694,1,99.99,0.03,3.0,Delivered,Not Returned
CONV_SYN_00001690,CLK_SYN_00001235,AFF018,MER0034,CAMP0050,CUST004852,B08JKL789,SES00485201,2024-10-17 21:33:01,ORD_SYN_00001690,1,25.99,0.04,1.04,Cancelled,Not Returned
CONV_SYN_00001392,CLK_SYN_00004116,AFF002,MER0059,CAMP0046,CUST000012,B08ABC567,SES00001203,2024-10-18 00:31:24,ORD_SYN_00001392,1,59.99,0.03,1.8,Delivered,Not Returned
CONV_SYN_00000073,CLK_SYN_00009444,AFF003,MER0014,CAMP0030,CUST003143,B08JKL012,SES00314302,2024-10-18 07:34:06,ORD_SYN_00000073,1,219.0,0.02,4.38,Cancelled,Not Returned
CONV_SYN_00000746,CLK_SYN_00006136,AFF020,MER0018,CAMP0028,CUST003711,B09YZA890,SES00371103,2024-10-18 08:55:11,ORD_SYN_00000746,1,98.0,0.03,2.94,Delivered,Not Returned
CONV_SYN_00001038,CLK_SYN_00003529,AFF011,MER0072,CAMP0008,CUST003455,B07GHI456,SES00345501,2024-10-18 21:06:12,ORD_SYN_00001038,1,149.99,0.035,5.25,Delivered,Returned
CONV_SYN_00000770,CLK_SYN_00007915,AFF011,MER0036,CAMP0032,CUST002127,B09YZA890,SES00212702,2024-10-19 08:48:17,ORD_SYN_00000770,1,98.0,0.03,2.94,Delivered,Not Returned
CONV_SYN_00000907,CLK_SYN_00009303,AFF011,MER0039,CAMP0010,CUST004054,B07MNO345,SES00405402,2024-10-19 11:46:42,ORD_SYN_00000907,1,59.99,0.04,2.4,Delivered,Not Returned
CONV_SYN_00001258,CLK_SYN_00008808,AFF016,MER0026,CAMP0032,CUST003747,B07FZ8S74R,SES00374703,2024-10-19 22:58:26,ORD_SYN_00001258,1,39.99,0.04,1.6,Delivered,Not Returned
CONV_SYN_00001241,CLK_SYN_00003529,AFF011,MER0072,CAMP0008,CUST003455,B07GHI456,SES00345501,2024-10-20 02:59:00,ORD_SYN_00001241,1,149.99,0.035,5.25,Delivered,Not Returned
CONV_SYN_00001117,CLK_SYN_00003529,AFF011,MER0072,CAMP0008,CUST003455,B07GHI456,SES00345501,2024-10-20 05:26:36,ORD_SYN_00001117,1,149.99,0.035,5.25,Cancelled,Not Returned
CONV_SYN_00000353,CLK_SYN_00000707,AFF011,MER0040,CAMP0022,CUST003219,B09YZA234,SES00321902,2024-10-20 06:18:33,ORD_SYN_00000353,1,199.99,0.02,4.0,Delivered,Not Returned
CONV_SYN_00001042,CLK_SYN_00006484,AFF011,MER0006,CAMP0037,CUST004549,B07DEF890,SES00454903,2024-10-20 08:41:16,ORD_SYN_00001042,1,25.99,0.04,1.04,Delivered,Returned
CONV_SYN_00000838,CLK_SYN_00000034,AFF014,MER0070,CAMP0028,CUST004442,B08JKL789,SES00444201,2024-10-20 11:19:03,ORD_SYN_00000838,2,51.98,0.04,2.08,Delivered,Returned
CONV_SYN_00000088,CLK_SYN_00009777,AFF015,MER0039,CAMP0047,CUST001516,B08QRST678,SES00151603,2024-10-20 12:32:32,ORD_SYN_00000088,1,199.99,0.02,4.0,Delivered,Not Returned
CONV_SYN_00000167,CLK_SYN_00002711,AFF001,MER0062,CAMP0049,CUST004826,B07BCD890,SES00482601,2024-10-20 13:59:46,ORD_SYN_00000167,1,799.99,0.02,16.0,Cancelled,Not Returned
CONV_SYN_00000389,CLK_SYN_00006093,AFF015,MER0071,CAMP0035,CUST001496,B08EFG123,SES00149602,2024-10-20 16:07:34,ORD_SYN_00000389,1,79.99,0.03,2.4,Delivered,Not Returned
CONV_SYN_00000548,CLK_SYN_00001535,AFF006,MER0009,CAMP0018,CUST000213,B09PQR012,SES00021303,2024-10-20 20:17:07,ORD_SYN_00000548,1,399.0,0.02,7.98,Cancelled,Returned
CONV_SYN_00001654,CLK_SYN_00007714,AFF007,MER0083,CAMP0001,CUST000510,B09GHI123,SES00051001,2024-10-20 21:27:07,ORD_SYN_00001654,2,359.98,0.025,9.0,Cancelled,Not Returned
CONV_SYN_00000922,CLK_SYN_00001931,AFF018,MER0048,CAMP0045,CUST002062,B08ABC123,SES00206202,2024-10-20 21:47:18,ORD_SYN_00000922,1,2495.0,0.015,37.42,Delivered,Not Returned
CONV_SYN_00001185,CLK_SYN_00000707,AFF011,MER0040,CAMP0022,CUST003219,B09YZA234,SES00321902,2024-10-20 23:19:45,ORD_SYN_00001185,1,199.99,0.02,4.0,Delivered,Returned
CONV_SYN_00001985,CLK_SYN_00007714,AFF007,MER0083,CAMP0001,CUST000510,B09GHI123,SES00051001,2024-10-21 03:07:55,ORD_SYN_00001985,2,359.98,0.025,9.0,Delivered,Returned
CONV_SYN_00000722,CLK_SYN_00008947,AFF006,MER0031,CAMP0009,CUST001925,B08STU901,SES00192501,2024-10-21 05:00:59,ORD_SYN_00000722,1,379.99,0.025,9.5,Delivered,Not Returned
CONV_SYN_00001288,CLK_SYN_00001931,AFF018,MER0048,CAMP0045,CUST002062,B08ABC123,SES00206202,2024-10-21 08:02:18,ORD_SYN_00001288,1,2495.0,0.015,37.42,Delivered,Not Returned
CONV_SYN_00001308,CLK_SYN_00002051,AFF017,MER0027,CAMP0043,CUST004946,B09MNOP345,SES00494603,2024-10-21 12:59:57,ORD_SYN_00001308,2,159.98,0.03,4.8,Delivered,Returned
CONV_SYN_00000061,CLK_SYN_00004719,AFF010,MER0017,CAMP0006,CUST004258,B08N5WRWNW,SES00425801,2024-10-21 23:44:40,ORD_SYN_00000061,1,49.99,0.04,2.0,Delivered,Not Returned
CONV_SYN_00000295,CLK_SYN_00009719,AFF013,MER0072,CAMP0014,CUST000860,B08JKL456,SES00086001,2024-10-22 04:27:15,ORD_SYN_00000295,1,99.99,0.04,4.0,Delivered,Returned
CONV_SYN_00000200,CLK_SYN_00004932,AFF007,MER0099,CAMP0009,CUST002002,B07TUVW901,SES00200203,2024-10-22 05:54:03,ORD_SYN_00000200,1,149.95,0.025,3.75,Cancelled,Not Returned
CONV_SYN_00000463,CLK_SYN_00002675,AFF019,MER0063,CAMP0032,CUST002657,B09GHI123,SES00265702,2024-10-22 07:11:04,ORD_SYN_00000463,1,179.99,0.025,4.5,Cancelled,Returned
CONV_SYN_00001598,CLK_SYN_00007034,AFF013,MER0051,CAMP0041,CUST001048,B07FZ8S74R,SES00104801,2024-10-22 17:35:53,ORD_SYN_00001598,1,39.99,0.04,1.6,Delivered,Not Returned
CONV_SYN_00001182,CLK_SYN_00000847,AFF016,MER0073,CAMP0048,CUST002244,B09PQR678,SES00224401,2024-10-22 17:44:18,ORD_SYN_00001182,3,1199.97,0.02,24.0,Delivered,Not Returned
CONV_SYN_00000620,CLK_SYN_00009717,AFF013,MER0059,CAMP0006,CUST004337,B07MNO678,SES00433703,2024-10-23 01:29:16,ORD_SYN_00000620,2,69.98,0.04,2.8,Delivered,Not Returned
CONV_SYN_00001486,CLK_SYN_00005254,AFF001,MER0041,CAMP0047,CUST001649,B07DEF123,SES00164901,2024-10-23 04:25:11,ORD_SYN_00001486,1,99.99,0.03,3.0,Delivered,Returned
CONV_SYN_00001098,CLK_SYN_00005462,AFF006,MER0032,CAMP0030,CUST003634,B08STU678,SES00363403,2024-10-23 07:51:36,ORD_SYN_00001098,1,69.99,0.03,2.1,Delivered,Not Returned
CONV_SYN_00000519,CLK_SYN_00008748,AFF012,MER0071,CAMP0036,CUST000769,B09YZA234,SES00076901,2024-10-23 10:52:50,ORD_SYN_00000519,1,199.99,0.02,4.0,Cancelled,Not Returned
CONV_SYN_00000281,CLK_SYN_00004446,AFF005,MER0072,CAMP0017,CUST001976,B09GHI456,SES00197601,2024-10-23 10:55:06,ORD_SYN_00000281,1,99.99,0.03,3.0,Delivered,Not Returned
CONV_SYN_00001275,CLK_SYN_00002990,AFF015,MER0069,CAMP0023,CUST000860,B07MNO678,SES00086003,2024-10-24 03:01:11,ORD_SYN_00001275,1,34.99,0.04,1.4,Delivered,Not Returned
CONV_SYN_00000421,CLK_SYN_00003695,AFF008,MER0007,CAMP0004,CUST003042,B07GHI456,SES00304201,2024-10-24 05:43:34,ORD_SYN_00000421,1,149.99,0.035,5.25,Cancelled,Not Returned
CONV_SYN_00001077,CLK_SYN_00003771,AFF001,MER0089,CAMP0049,CUST000662,B09GHI789,SES00066201,2024-10-24 06:31:47,ORD_SYN_00001077,1,49.99,0.04,2.0,Delivered,Returned
CONV_SYN_00000339,CLK_SYN_00000018,AFF016,MER0072,CAMP0017,CUST002158,B09PQR012,SES00215803,2024-10-24 08:51:44,ORD_SYN_00000339,1,399.0,0.02,7.98,Delivered,Not Returned
CONV_SYN_00001356,CLK_SYN_00006270,AFF002,MER0060,CAMP0033,CUST001362,B09MNOP345,SES00136201,2024-10-24 08:58:43,ORD_SYN_00001356,1,79.99,0.03,2.4,Delivered,Returned
CONV_SYN_00001044,CLK_SYN_00000188,AFF017,MER0092,CAMP0003,CUST004935,B08C1W5N87,SES00493501,2024-10-24 13:42:00,ORD_SYN_00001044,2,159.9,0.03,4.8,Cancelled,Not Returned
CONV_SYN_00000957,CLK_SYN_00009306,AFF013,MER0083,CAMP0043,CUST002900,B07MNO789,SES00290001,2024-10-25 05:10:01,ORD_SYN_00000957,1,199.95,0.03,6.0,Delivered,Returned
CONV_SYN_00000624,CLK_SYN_00005604,AFF002,MER0012,CAMP0008,CUST004589,B09YZA234,SES00458902,2024-10-25 09:55:13,ORD_SYN_00000624,1,199.99,0.02,4.0,Delivered,Returned
CONV_SYN_00000230,CLK_SYN_00008765,AFF014,MER0082,CAMP0016,CUST004000,B08BCD234,SES00400001,2024-10-25 11:42:52,ORD_SYN_00000230,1,497.99,0.02,9.96,Delivered,Not Returned
CONV_SYN_00000112,CLK_SYN_00000253,AFF011,MER0075,CAMP0024,CUST002562,B09YZA901,SES00256201,2024-10-25 12:44:12,ORD_SYN_00000112,1,199.99,0.03,6.0,Cancelled,Returned
CONV_SYN_00000109,CLK_SYN_00004215,AFF009,MER0055,CAMP0005,CUST002049,B09DEF123,SES00204902,2024-10-25 13:36:51,ORD_SYN_00000109,1,1199.0,0.015,17.98,Cancelled,Not Returned
CONV_SYN_00000357,CLK_SYN_00004869,AFF003,MER0030,CAMP0050,CUST003397,B07GHI456,SES00339701,2024-10-25 14:26:05,ORD_SYN_00000357,1,149.99,0.035,5.25,Delivered,Not Returned
CONV_SYN_00001353,CLK_SYN_00004869,AFF003,MER0030,CAMP0050,CUST003397,B07GHI456,SES00339701,2024-10-25 21:51:17,ORD_SYN_00001353,1,149.99,0.035,5.25,Delivered,Returned
CONV_SYN_00001899,CLK_SYN_00006969,AFF006,MER0085,CAMP0009,CUST000457,B08JKL012,SES00045702,2024-10-26 00:51:48,ORD_SYN_00001899,1,219.0,0.02,4.38,Delivered,Returned
CONV_SYN_00001812,CLK_SYN_00003015,AFF003,MER0048,CAMP0035,CUST002630,B08JKL456,SES00263003,2024-10-26 01:14:09,ORD_SYN_00001812,1,99.99,0.04,4.0,Delivered,Not Returned
CONV_SYN_00001807,CLK_SYN_00002186,AFF008,MER0014,CAMP0005,CUST002510,B08STU678,SES00251003,2024-10-26 05:22:05,ORD_SYN_00001807,1,69.99,0.03,2.1,Delivered,Not Returned
CONV_SYN_00000678,CLK_SYN_00001713,AFF017,MER0099,CAMP0006,CUST003264,B08JKL456,SES00326403,2024-10-26 07:37:36,ORD_SYN_00000678,1,99.99,0.04,4.0,Delivered,Not Returned
CONV_SYN_00000231,CLK_SYN_00005604,AFF002,MER0012,CAMP0008,CUST004589,B09YZA234,SES00458902,2024-10-26 09:13:13,ORD_SYN_00000231,1,199.99,0.02,4.0,Delivered,Not Returned
CONV_SYN_00000183,CLK_SYN_00001766,AFF016,MER0088,CAMP0035,CUST004788,B09YZA901,SES00478803,2024-10-26 12:20:14,ORD_SYN_00000183,1,199.99,0.03,6.0,Delivered,Not Returned
CONV_SYN_00001156,CLK_SYN_00004869,AFF003,MER0030,CAMP0050,CUST003397,B07GHI456,SES00339701,2024-10-26 20:19:29,ORD_SYN_00001156,2,299.98,0.035,10.5,Delivered,Not Returned
CONV_SYN_00000797,CLK_SYN_00002686,AFF015,MER0019,CAMP0041,CUST000635,B07GHI456,SES00063503,2024-10-27 02:59:54,ORD_SYN_00000797,1,149.99,0.035,5.25,Cancelled,Not Returned
CONV_SYN_00000300,CLK_SYN_00000084,AFF014,MER0003,CAMP0010,CUST000835,B08EFG123,SES00083503,2024-10-27 08:06:49,ORD_SYN_00000300,1,79.99,0.03,2.4,Cancelled,Returned
CONV_SYN_00000817,CLK_SYN_00006627,AFF004,MER0001,CAMP0045,CUST000767,B07DEF123,SES00076701,2024-10-27 08:16:24,ORD_SYN_00000817,1,99.99,0.03,3.0,Delivered,Not Returned
CONV_SYN_00000810,CLK_SYN_00001888,AFF020,MER0043,CAMP0032,CUST000479,B07PQR345,SES00047902,2024-10-27 11:03:38,ORD_SYN_00000810,3,1197.0,0.02,23.94,Delivered,Not Returned
CONV_SYN_00001365,CLK_SYN_00009947,AFF015,MER0027,CAMP0019,CUST004497,B09YZA567,SES00449701,2024-10-27 15:48:57,ORD_SYN_00001365,1,49.99,0.03,1.5,Delivered,Returned
CONV_SYN_00001391,CLK_SYN_00006318,AFF008,MER0075,CAMP0025,CUST003917,B08JKL789,SES00391703,2024-10-27 18:28:13,ORD_SYN_00001391,1,25.99,0.04,1.04,Delivered,Returned
CONV_SYN_00001709,CLK_SYN_00008976,AFF009,MER0072,CAMP0044,CUST002583,B07PQR345,SES00258303,2024-10-28 00:40:59,ORD_SYN_00001709,1,399.0,0.02,7.98,Delivered,Not Returned
CONV_SYN_00000915,CLK_SYN_00003904,AFF010,MER0059,CAMP0001,CUST004770,B09YZA567,SES00477002,2024-10-28 00:45:44,ORD_SYN_00000915,1,49.99,0.03,1.5,Delivered,Returned
CONV_SYN_00001418,CLK_SYN_00002682,AFF017,MER0045,CAMP0001,CUST000588,B07VWX567,SES00058801,2024-10-28 02:08:04,ORD_SYN_00001418,1,99.0,0.025,2.48,Delivered,Not Returned
CONV_SYN_00000053,CLK_SYN_00002698,AFF006,MER0081,CAMP0037,CUST002884,B07MNO678,SES00288401,2024-10-28 11:32:08,ORD_SYN_00000053,1,34.99,0.04,1.4,Cancelled,Not Returned
CONV_SYN_00000866,CLK_SYN_00006220,AFF014,MER0092,CAMP0035,CUST002013,B09HIJ890,SES00201301,2024-10-28 21:16:18,ORD_SYN_00000866,1,299.99,0.025,7.5,Delivered,Not Returned
CONV_SYN_00001381,CLK_SYN_00006615,AFF012,MER0057,CAMP0016,CUST004805,B09DEF123,SES00480502,2024-10-29 00:55:51,ORD_SYN_00001381,1,1199.0,0.015,17.98,Delivered,Not Returned
CONV_SYN_00001339,CLK_SYN_00004102,AFF016,MER0003,CAMP0010,CUST004533,B08QRST678,SES00453302,2024-10-29 01:57:06,ORD_SYN_00001339,1,199.99,0.02,4.0,Delivered,Not Returned
CONV_SYN_00001503,CLK_SYN_00004777,AFF005,MER0089,CAMP0045,CUST001940,B09XYZ234,SES00194003,2024-10-29 04:50:34,ORD_SYN_00001503,1,348.0,0.02,6.96,Delivered,Not Returned
CONV_SYN_00001835,CLK_SYN_00001237,AFF003,MER0038,CAMP0044,CUST003471,B09VWX234,SES00347102,2024-10-29 08:23:56,ORD_SYN_00001835,1,599.0,0.02,11.98,Delivered,Returned
CONV_SYN_00001276,CLK_SYN_00004735,AFF010,MER0054,CAMP0007,CUST002667,B08STU901,SES00266703,2024-10-29 20:30:05,ORD_SYN_00001276,1,379.99,0.025,9.5,Delivered,Not Returned
CONV_SYN_00001313,CLK_SYN_00006289,AFF008,MER0008,CAMP0010,CUST001561,B07MNO012,SES00156102,2024-10-29 20:43:26,ORD_SYN_00001313,1,99.99,0.03,3.0,Delivered,Returned
CONV_SYN_00001984,CLK_SYN_00003631,AFF008,MER0008,CAMP0037,CUST003343,B07MNO678,SES00334303,2024-10-29 20:43:52,ORD_SYN_00001984,1,34.99,0.04,1.4,Delivered,Returned
CONV_SYN_00001903,CLK_SYN_00002561,AFF001,MER0024,CAMP0025,CUST001260,B07BCD890,SES00126002,2024-10-29 21:19:14,ORD_SYN_00001903,1,799.99,0.02,16.0,Delivered,Not Returned
CONV_SYN_00001177,CLK_SYN_00009214,AFF014,MER0032,CAMP0009,CUST004171,B09GHI456,SES00417102,2024-10-29 23:07:05,ORD_SYN_00001177,1,99.99,0.03,3.0,Delivered,Not Returned
CONV_SYN_00001489,CLK_SYN_00005610,AFF017,MER0063,CAMP0009,CUST004996,B08ABC890,SES00499603,2024-10-30 00:51:46,ORD_SYN_00001489,1,249.99,0.025,6.25,Cancelled,Not Returned
CONV_SYN_00001868,CLK_SYN_00003617,AFF006,MER0052,CAMP0020,CUST002384,B07GHI789,SES00238401,2024-10-30 04:32:55,ORD_SYN_00001868,2,358.0,0.02,7.16,Cancelled,Not Returned
CONV_SYN_00001863,CLK_SYN_00008759,AFF020,MER0014,CAMP0017,CUST001981,B09GHI456,SES00198102,2024-10-30 17:46:17,ORD_SYN_00001863,1,99.99,0.03,3.0,Delivered,Not Returned
CONV_SYN_00000832,CLK_SYN_00003631,AFF008,MER0008,CAMP0037,CUST003343,B07MNO678,SES00334303,2024-10-31 14:20:28,ORD_SYN_00000832,1,34.99,0.04,1.4,Delivered,Not Returned
CONV_SYN_00000396,CLK_SYN_00004703,AFF008,MER0032,CAMP0018,CUST002467,B09PQR901,SES00246701,2024-10-31 17:13:51,ORD_SYN_00000396,1,349.99,0.02,7.0,Delivered,Not Returned
CONV_SYN_00000401,CLK_SYN_00006124,AFF006,MER0065,CAMP0002,CUST000363,B09PQR345,SES00036302,2024-11-01 08:52:30,ORD_SYN_00000401,1,89.99,0.03,2.7,Delivered,Not Returned
CONV_SYN_00000218,CLK_SYN_00000515,AFF003,MER0053,CAMP0042,CUST002316,B07MNO678,SES00231601,2024-11-01 12:27:14,ORD_SYN_00000218,1,34.99,0.04,1.4,Cancelled,Not Returned
CONV_SYN_00000267,CLK_SYN_00008949,AFF011,MER0008,CAMP0007,CUST004277,B08JKL789,SES00427703,2024-11-01 17:23:38,ORD_SYN_00000267,1,25.99,0.04,1.04,Delivered,Not Returned
CONV_SYN_00000478,CLK_SYN_00006743,AFF011,MER0017,CAMP0016,CUST003691,B09GHI123,SES00369103,2024-11-01 17:56:36,ORD_SYN_00000478,1,179.99,0.025,4.5,Cancelled,Not Returned
CONV_SYN_00001706,CLK_SYN_00000616,AFF001,MER0073,CAMP0046,CUST001883,B08JKL012,SES00188302,2024-11-01 19:25:02,ORD_SYN_00001706,1,219.0,0.02,4.38,Delivered,Not Returned
CONV_SYN_00000527,CLK_SYN_00000789,AFF002,MER0031,CAMP0021,CUST004842,B09PQR678,SES00484202,2024-11-02 12:26:09,ORD_SYN_00000527,1,399.99,0.02,8.0,Cancelled,Returned
CONV_SYN_00000322,CLK_SYN_00003338,AFF017,MER0009,CAMP0045,CUST003390,B08JKL345,SES00339003,2024-11-02 14:55:30,ORD_SYN_00000322,1,349.95,0.02,7.0,Delivered,Not Returned
CONV_SYN_00000010,CLK_SYN_00008730,AFF008,MER0031,CAMP0002,CUST003593,B09DEF123,SES00359301,2024-11-02 15:09:16,ORD_SYN_00000010,1,1199.0,0.015,17.98,Delivered,Not Returned
CONV_SYN_00001244,CLK_SYN_00004734,AFF001,MER0089,CAMP0030,CUST000422,B09DEF123,SES00042202,2024-11-02 16:35:08,ORD_SYN_00001244,1,1199.0,0.015,17.98,Delivered,Not Returned
CONV_SYN_00001787,CLK_SYN_00007278,AFF002,MER0065,CAMP0049,CUST000328,B09YZA234,SES00032802,2024-11-03 01:54:28,ORD_SYN_00001787,1,199.99,0.02,4.0,Delivered,Returned
CONV_SYN_00001124,CLK_SYN_00002072,AFF009,MER0035,CAMP0043,CUST001531,B09PQR345,SES00153101,2024-11-03 02:35:15,ORD_SYN_00001124,1,89.99,0.03,2.7,Delivered,Not Returned
CONV_SYN_00001034,CLK_SYN_00004897,AFF017,MER0046,CAMP0029,CUST000627,B09YZA901,SES00062701,2024-11-03 07:02:45,ORD_SYN_00001034,1,199.99,0.03,6.0,Delivered,Not Returned
CONV_SYN_00000103,CLK_SYN_00003169,AFF001,MER0099,CAMP0030,CUST004365,B07PQR345,SES00436502,2024-11-03 14:00:23,ORD_SYN_00000103,1,399.0,0.02,7.98,Delivered,Not Returned
CONV_SYN_00001261,CLK_SYN_00005766,AFF016,MER0001,CAMP0041,CUST001553,B08STU678,SES00155302,2024-11-03 14:58:16,ORD_SYN_00001261,1,69.99,0.03,2.1,Delivered,Not Returned
CONV_SYN_00001205,CLK_SYN_00009278,AFF016,MER0080,CAMP0017,CUST003401,B08STU901,SES00340103,2024-11-03 18:53:04,ORD_SYN_00001205,1,379.99,0.025,9.5,Delivered,Returned
CONV_SYN_00001578,CLK_SYN_00002366,AFF019,MER0051,CAMP0016,CUST003736,B09GHI456,SES00373601,2024-11-04 04:39:12,ORD_SYN_00001578,1,99.99,0.03,3.0,Delivered,Not Returned
CONV_SYN_00000954,CLK_SYN_00004295,AFF012,MER0077,CAMP0022,CUST001883,B09DEF123,SES00188302,2024-11-04 14:22:42,ORD_SYN_00000954,1,1199.0,0.015,17.98,Delivered,Not Returned
CONV_SYN_00001331,CLK_SYN_00003088,AFF014,MER0083,CAMP0011,CUST003582,B08YZA567,SES00358203,2024-11-04 15:42:49,ORD_SYN_00001331,1,89.99,0.03,2.7,Delivered,Not Returned
CONV_SYN_00001211,CLK_SYN_00009558,AFF020,MER0077,CAMP0036,CUST000101,B08ABC567,SES00010103,2024-11-04 19:44:54,ORD_SYN_00001211,1,59.99,0.03,1.8,Delivered,Not Returned
CONV_SYN_00001164,CLK_SYN_00002735,AFF013,MER0046,CAMP0043,CUST001256,B08ABC567,SES00125603,2024-11-05 12:07:23,ORD_SYN_00001164,1,59.99,0.03,1.8,Delivered,Returned
CONV_SYN_00000857,CLK_SYN_00006233,AFF004,MER0035,CAMP0036,CUST002652,B07TUVW901,SES00265202,2024-11-05 13:07:48,ORD_SYN_00000857,1,149.95,0.025,3.75,Delivered,Not Returned
CONV_SYN_00000665,CLK_SYN_00007141,AFF020,MER0070,CAMP0040,CUST000341,B09HIJ890,SES00034102,2024-11-05 18:44:55,ORD_SYN_00000665,1,299.99,0.025,7.5,Delivered,Not Returned
CONV_SYN_00001630,CLK_SYN_00008024,AFF012,MER0008,CAMP0018,CUST003598,B09MNOP345,SES00359802,2024-11-06 06:45:59,ORD_SYN_00001630,1,79.99,0.03,2.4,Delivered,Not Returned
CONV_SYN_00000043,CLK_SYN_00004856,AFF019,MER0085,CAMP0038,CUST002770,B09YZA234,SES00277001,2024-11-06 08:05:55,ORD_SYN_00000043,1,199.99,0.02,4.0,Cancelled,Not Returned
CONV_SYN_00000706,CLK_SYN_00007222,AFF018,MER0051,CAMP0037,CUST001128,B07BCD890,SES00112803,2024-11-06 10:13:20,ORD_SYN_00000706,1,799.99,0.02,16.0,Delivered,Not Returned
CONV_SYN_00001576,CLK_SYN_00004040,AFF010,MER0065,CAMP0041,CUST003943,B09YZA234,SES00394302,2024-11-06 17:27:43,ORD_SYN_00001576,1,199.99,0.02,4.0,Delivered,Not Returned
CONV_SYN_00001496,CLK_SYN_00003001,AFF004,MER0028,CAMP0015,CUST002402,B09MNOP345,SES00240201,2024-11-06 21:39:04,ORD_SYN_00001496,1,79.99,0.03,2.4,Cancelled,Not Returned
CONV_SYN_00000257,CLK_SYN_00003203,AFF007,MER0025,CAMP0002,CUST000602,B09GHI789,SES00060203,2024-11-07 14:48:04,ORD_SYN_00000257,1,49.99,0.04,2.0,Delivered,Not Returned
CONV_SYN_00001659,CLK_SYN_00000230,AFF020,MER0032,CAMP0023,CUST002977,B08STU234,SES00297703,2024-11-07 18:08:44,ORD_SYN_00001659,1,128.0,0.03,3.84,Cancelled,Returned
CONV_SYN_00000762,CLK_SYN_00009079,AFF005,MER0021,CAMP0012,CUST001070,B07MNO012,SES00107002,2024-11-07 20:05:57,ORD_SYN_00000762,1,99.99,0.03,3.0,Cancelled,Not Returned
CONV_SYN_00001084,CLK_SYN_00009067,AFF015,MER0039,CAMP0045,CUST004426,B08N5WRWNW,SES00442601,2024-11-08 09:02:00,ORD_SYN_00001084,1,49.99,0.04,2.0,Delivered,Not Returned
CONV_SYN_00001615,CLK_SYN_00000956,AFF010,MER0063,CAMP0002,CUST000552,B07MNO012,SES00055203,2024-11-08 09:43:54,ORD_SYN_00001615,1,99.99,0.03,3.0,Delivered,Returned
CONV_SYN_00001764,CLK_SYN_00004062,AFF011,MER0026,CAMP0027,CUST003214,B08ABC567,SES00321402,2024-11-08 10:29:55,ORD_SYN_00001764,1,59.99,0.03,1.8,Delivered,Not Returned
CONV_SYN_00001108,CLK_SYN_00001343,AFF008,MER0072,CAMP0033,CUST002732,B09HIJ890,SES00273201,2024-11-08 12:11:43,ORD_SYN_00001108,1,299.99,0.025,7.5,Delivered,Not Returned
CONV_SYN_00000076,CLK_SYN_00005833,AFF010,MER0043,CAMP0009,CUST003911,B08STU345,SES00391102,2024-11-08 13:55:30,ORD_SYN_00000076,1,349.99,0.025,8.75,Cancelled,Returned
CONV_SYN_00001068,CLK_SYN_00004838,AFF011,MER0020,CAMP0032,CUST001456,B07GHI789,SES00145603,2024-11-09 10:11:43,ORD_SYN_00001068,1,179.0,0.02,3.58,Cancelled,Returned
CONV_SYN_00001988,CLK_SYN_00004838,AFF011,MER0020,CAMP0032,CUST001456,B07GHI789,SES00145603,2024-11-09 14:17:43,ORD_SYN_00001988,1,179.0,0.02,3.58,Delivered,Not Returned
CONV_SYN_00001279,CLK_SYN_00002146,AFF017,MER0031,CAMP0006,CUST003543,B07DEF890,SES00354301,2024-11-09 14:55:07,ORD_SYN_00001279,1,25.99,0.04,1.04,Delivered,Not Returned
CONV_SYN_00000082,CLK_SYN_00001395,AFF018,MER0036,CAMP0026,CUST000813,B08ABC123,SES00081301,2024-11-09 17:19:58,ORD_SYN_00000082,2,4990.0,0.015,74.85,Delivered,Not Returned
CONV_SYN_00000996,CLK_SYN_00003848,AFF013,MER0096,CAMP0046,CUST001056,B09PQR012,SES00105602,2024-11-09 18:41:48,ORD_SYN_00000996,1,399.0,0.02,7.98,Delivered,Returned
CONV_SYN_00000628,CLK_SYN_00006517,AFF003,MER0014,CAMP0034,CUST001469,B09PQR012,SES00146903,2024-11-09 21:33:25,ORD_SYN_00000628,1,399.0,0.02,7.98,Delivered,Not Returned
CONV_SYN_00001321,CLK_SYN_00004625,AFF013,MER0068,CAMP0019,CUST000969,B08EFG123,SES00096901,2024-11-09 22:46:51,ORD_SYN_00001321,1,79.99,0.03,2.4,Delivered,Not Returned
CONV_SYN_00000900,CLK_SYN_00004002,AFF015,MER0072,CAMP0004,CUST000625,B07TUVW901,SES00062502,2024-11-10 01:20:26,ORD_SYN_00000900,1,149.95,0.025,3.75,Delivered,Not Returned
CONV_SYN_00001636,CLK_SYN_00007296,AFF016,MER0031,CAMP0038,CUST000305,B08JKL345,SES00030502,2024-11-10 06:27:43,ORD_SYN_00001636,1,349.95,0.02,7.0,Delivered,Not Returned
CONV_SYN_00001882,CLK_SYN_00003704,AFF011,MER0030,CAMP0025,CUST000905,B09GHI123,SES00090501,2024-11-10 08:31:11,ORD_SYN_00001882,1,179.99,0.025,4.5,Delivered,Not Returned
CONV_SYN_00000449,CLK_SYN_00009368,AFF018,MER0040,CAMP0009,CUST004305,B07DEF890,SES00430501,2024-11-10 10:41:44,ORD_SYN_00000449,1,25.99,0.04,1.04,Delivered,Not Returned
CONV_SYN_00001345,CLK_SYN_00000643,AFF007,MER0094,CAMP0025,CUST001226,B09VWX234,SES00122602,2024-11-10 19:27:12,ORD_SYN_00001345,2,1198.0,0.02,23.96,Cancelled,Not Returned
CONV_SYN_00001043,CLK_SYN_00003785,AFF005,MER0073,CAMP0046,CUST002732,B08ABC890,SES00273201,2024-11-10 20:24:05,ORD_SYN_00001043,1,249.99,0.025,6.25,Delivered,Returned
CONV_SYN_00001952,CLK_SYN_00007881,AFF014,MER0074,CAMP0002,CUST002914,B08ABC123,SES00291401,2024-11-11 01:40:53,ORD_SYN_00001952,1,2495.0,0.015,37.42,Cancelled,Returned
CONV_SYN_00001671,CLK_SYN_00009900,AFF010,MER0026,CAMP0028,CUST002919,B07MNO678,SES00291902,2024-11-11 04:29:47,ORD_SYN_00001671,2,69.98,0.04,2.8,Cancelled,Returned
CONV_SYN_00000911,CLK_SYN_00000643,AFF007,MER0094,CAMP0025,CUST001226,B09VWX234,SES00122602,2024-11-11 05:57:12,ORD_SYN_00000911,1,599.0,0.02,11.98,Delivered,Not Returned
CONV_SYN_00001573,CLK_SYN_00005112,AFF007,MER0078,CAMP0020,CUST004997,B08STU345,SES00499703,2024-11-11 07:40:07,ORD_SYN_00001573,2,699.98,0.025,17.5,Delivered,Returned
CONV_SYN_00001046,CLK_SYN_00007920,AFF013,MER0083,CAMP0005,CUST002530,B07DEF123,SES00253001,2024-11-11 11:54:08,ORD_SYN_00001046,1,99.99,0.03,3.0,Delivered,Not Returned
CONV_SYN_00001351,CLK_SYN_00005608,AFF014,MER0021,CAMP0010,CUST004085,B09YZA567,SES00408503,2024-11-11 14:21:43,ORD_SYN_00001351,1,49.99,0.03,1.5,Delivered,Not Returned
CONV_SYN_00001900,CLK_SYN_00008182,AFF017,MER0016,CAMP0002,CUST002209,B09YZA234,SES00220901,2024-11-11 16:33:47,ORD_SYN_00001900,3,599.97,0.02,12.0,Cancelled,Not Returned
CONV_SYN_00000707,CLK_SYN_00004817,AFF012,MER0090,CAMP0015,CUST003774,B09GHI123,SES00377401,2024-11-11 17:48:07,ORD_SYN_00000707,1,179.99,0.025,4.5,Delivered,Not Returned
CONV_SYN_00001172,CLK_SYN_00003733,AFF012,MER0052,CAMP0018,CUST001540,B08ABC123,SES00154002,2024-11-11 17:51:43,ORD_SYN_00001172,1,2495.0,0.015,37.42,Delivered,Not Returned
CONV_SYN_00001612,CLK_SYN_00003936,AFF009,MER0057,CAMP0016,CUST001203,B07GHI456,SES00120302,2024-11-12 03:16:43,ORD_SYN_00001612,1,149.99,0.035,5.25,Delivered,Returned
CONV_SYN_00001190,CLK_SYN_00007094,AFF011,MER0061,CAMP0013,CUST002605,B07MNO345,SES00260502,2024-11-12 10:06:48,ORD_SYN_00001190,1,59.99,0.04,2.4,Delivered,Returned
CONV_SYN_00000623,CLK_SYN_00002659,AFF007,MER0086,CAMP0033,CUST002926,B08YZA567,SES00292601,2024-11-12 23:29:49,ORD_SYN_00000623,1,89.99,0.03,2.7,Delivered,Returned
CONV_SYN_00000083,CLK_SYN_00000568,AFF008,MER0011,CAMP0035,CUST003566,B07VWX234,SES00356603,2024-11-13 06:58:20,ORD_SYN_00000083,2,59.98,0.04,2.4,Delivered,Returned
CONV_SYN_00000022,CLK_SYN_00002744,AFF013,MER0020,CAMP0015,CUST000480,B07VWX567,SES00048002,2024-11-13 11:06:42,ORD_SYN_00000022,2,198.0,0.025,4.95,Delivered,Not Returned
CONV_SYN_00001045,CLK_SYN_00002744,AFF013,MER0020,CAMP0015,CUST000480,B07VWX567,SES00048002,2024-11-13 15:27:06,ORD_SYN_00001045,1,99.0,0.025,2.48,Delivered,Not Returned
CONV_SYN_00001274,CLK_SYN_00002122,AFF004,MER0001,CAMP0042,CUST003684,B07DEF456,SES00368401,2024-11-13 15:37:18,ORD_SYN_00001274,1,299.0,0.025,7.48,Delivered,Not Returned
CONV_SYN_00000865,CLK_SYN_00005360,AFF014,MER0036,CAMP0008,CUST003660,B07VWX234,SES00366003,2024-11-13 19:37:15,ORD_SYN_00000865,1,29.99,0.04,1.2,Delivered,Not Returned
CONV_SYN_00000592,CLK_SYN_00007199,AFF009,MER0093,CAMP0016,CUST003607,B07TUVW901,SES00360703,2024-11-13 22:25:49,ORD_SYN_00000592,1,149.95,0.025,3.75,Cancelled,Returned
CONV_SYN_00000963,CLK_SYN_00001831,AFF012,MER0093,CAMP0038,CUST000849,B07DEF890,SES00084903,2024-11-14 05:40:17,ORD_SYN_00000963,1,25.99,0.04,1.04,Delivered,Not Returned
CONV_SYN_00000796,CLK_SYN_00004785,AFF009,MER0045,CAMP0042,CUST003138,B07MNO012,SES00313803,2024-11-14 06:30:40,ORD_SYN_00000796,1,99.99,0.03,3.0,Delivered,Not Returned
CONV_SYN_00000349,CLK_SYN_00009420,AFF017,MER0064,CAMP0013,CUST003729,B08ABC567,SES00372901,2024-11-14 13:11:55,ORD_SYN_00000349,1,59.99,0.03,1.8,Cancelled,Not Returned
CONV_SYN_00001319,CLK_SYN_00000568,AFF008,MER0011,CAMP0035,CUST003566,B07VWX234,SES00356603,2024-11-14 20:15:08,ORD_SYN_00001319,1,29.99,0.04,1.2,Delivered,Not Returned
CONV_SYN_00000222,CLK_SYN_00002122,AFF004,MER0001,CAMP0042,CUST003684,B07DEF456,SES00368401,2024-11-14 20:34:54,ORD_SYN_00000222,2,598.0,0.025,14.95,Delivered,Not Returned
CONV_SYN_00001139,CLK_SYN_00008506,AFF014,MER0062,CAMP0009,CUST000355,B09PQR678,SES00035501,2024-11-14 23:38:22,ORD_SYN_00001139,1,399.99,0.02,8.0,Delivered,Not Returned
CONV_SYN_00000675,CLK_SYN_00006655,AFF014,MER0064,CAMP0013,CUST001791,B08STU234,SES00179103,2024-11-15 05:03:49,ORD_SYN_00000675,1,128.0,0.03,3.84,Delivered,Not Returned
CONV_SYN_00000568,CLK_SYN_00005666,AFF013,MER0013,CAMP0016,CUST001618,B07HGJKL12,SES00161801,2024-11-15 07:07:11,ORD_SYN_00000568,1,249.0,0.02,4.98,Delivered,Not Returned
CONV_SYN_00000570,CLK_SYN_00006655,AFF014,MER0064,CAMP0013,CUST001791,B08STU234,SES00179103,2024-11-15 09:00:13,ORD_SYN_00000570,1,128.0,0.03,3.84,Delivered,Not Returned
CONV_SYN_00000131,CLK_SYN_00001356,AFF004,MER0067,CAMP0047,CUST003214,B08N5WRWNW,SES00321401,2024-11-15 15:42:42,ORD_SYN_00000131,1,49.99,0.04,2.0,Delivered,Not Returned
CONV_SYN_00001508,CLK_SYN_00002260,AFF014,MER0043,CAMP0002,CUST004977,B07MNO789,SES00497701,2024-11-15 20:03:30,ORD_SYN_00001508,1,199.95,0.03,6.0,Delivered,Not Returned
CONV_SYN_00000287,CLK_SYN_00008796,AFF013,MER0094,CAMP0010,CUST004681,B09MNOP345,SES00468102,2024-11-15 21:15:32,ORD_SYN_00000287,2,159.98,0.03,4.8,Delivered,Not Returned
CONV_SYN_00001563,CLK_SYN_00009514,AFF017,MER0077,CAMP0038,CUST004508,B07MNO345,SES00450801,2024-11-15 23:16:02,ORD_SYN_00001563,1,59.99,0.04,2.4,Delivered,Returned
CONV_SYN_00001547,CLK_SYN_00004359,AFF013,MER0042,CAMP0006,CUST000959,B08STU345,SES00095902,2024-11-16 11:28:24,ORD_SYN_00001547,1,349.99,0.025,8.75,Cancelled,Returned
CONV_SYN_00001548,CLK_SYN_00007416,AFF007,MER0008,CAMP0010,CUST004189,B09YZA234,SES00418901,2024-11-16 18:17:28,ORD_SYN_00001548,1,199.99,0.02,4.0,Delivered,Not Returned
CONV_SYN_00000511,CLK_SYN_00002166,AFF019,MER0100,CAMP0025,CUST003183,B09PQR012,SES00318301,2024-11-16 23:53:01,ORD_SYN_00000511,1,399.0,0.02,7.98,Delivered,Returned
CONV_SYN_00001593,CLK_SYN_00003888,AFF019,MER0037,CAMP0040,CUST002190,B08YZA567,SES00219003,2024-11-17 02:50:53,ORD_SYN_00001593,1,89.99,0.03,2.7,Cancelled,Not Returned
CONV_SYN_00001461,CLK_SYN_00008753,AFF013,MER0028,CAMP0023,CUST003813,B07DEF123,SES00381302,2024-11-17 07:01:03,ORD_SYN_00001461,1,99.99,0.03,3.0,Delivered,Not Returned
CONV_SYN_00000042,CLK_SYN_00002455,AFF005,MER0007,CAMP0012,CUST004752,B08EFG123,SES00475201,2024-11-17 10:48:44,ORD_SYN_00000042,1,79.99,0.03,2.4,Cancelled,Not Returned
CONV_SYN_00001010,CLK_SYN_00009217,AFF016,MER0068,CAMP0049,CUST001742,B07PQR345,SES00174203,2024-11-17 21:27:04,ORD_SYN_00001010,1,399.0,0.02,7.98,Delivered,Not Returned
CONV_SYN_00001039,CLK_SYN_00009880,AFF020,MER0035,CAMP0033,CUST004507,B07PQR345,SES00450703,2024-11-18 02:34:50,ORD_SYN_00001039,1,399.0,0.02,7.98,Delivered,Returned
CONV_SYN_00000237,CLK_SYN_00005661,AFF016,MER0094,CAMP0022,CUST004146,B08JKL789,SES00414602,2024-11-18 04:39:26,ORD_SYN_00000237,2,51.98,0.04,2.08,Delivered,Returned
CONV_SYN_00001285,CLK_SYN_00000454,AFF008,MER0005,CAMP0036,CUST003075,B07EFG567,SES00307501,2024-11-18 13:32:27,ORD_SYN_00001285,1,449.95,0.025,11.25,Delivered,Not Returned
CONV_SYN_00000479,CLK_SYN_00006255,AFF012,MER0100,CAMP0006,CUST002595,B07MNO678,SES00259501,2024-11-18 17:32:12,ORD_SYN_00000479,2,69.98,0.04,2.8,Delivered,Returned
CONV_SYN_00001948,CLK_SYN_00003859,AFF017,MER0057,CAMP0024,CUST002290,B07HGJKL12,SES00229002,2024-11-19 06:53:18,ORD_SYN_00001948,1,249.0,0.02,4.98,Delivered,Returned
CONV_SYN_00000207,CLK_SYN_00008818,AFF001,MER0022,CAMP0048,CUST002351,B07DEF123,SES00235102,2024-11-19 08:49:36,ORD_SYN_00000207,3,299.97,0.03,9.0,Delivered,Returned
CONV_SYN_00001188,CLK_SYN_00001329,AFF004,MER0048,CAMP0024,CUST000170,B08MNO012,SES00017001,2024-11-19 15:26:54,ORD_SYN_00001188,1,149.99,0.03,4.5,Delivered,Not Returned
CONV_SYN_00000491,CLK_SYN_00006872,AFF017,MER0051,CAMP0029,CUST001422,B09GHI123,SES00142202,2024-11-20 08:35:38,ORD_SYN_00000491,1,179.99,0.025,4.5,Delivered,Not Returned
CONV_SYN_00000702,CLK_SYN_00002341,AFF013,MER0097,CAMP0006,CUST001632,B09GHI789,SES00163203,2024-11-20 12:17:28,ORD_SYN_00000702,1,49.99,0.04,2.0,Delivered,Not Returned
CONV_SYN_00001942,CLK_SYN_00008349,AFF012,MER0086,CAMP0011,CUST001859,B09GHI123,SES00185902,2024-11-20 13:14:42,ORD_SYN_00001942,1,179.99,0.025,4.5,Delivered,Not Returned
CONV_SYN_00000040,CLK_SYN_00003272,AFF018,MER0075,CAMP0024,CUST000020,B08EFG123,SES00002002,2024-11-20 15:03:33,ORD_SYN_00000040,1,79.99,0.03,2.4,Delivered,Not Returned
CONV_SYN_00001554,CLK_SYN_00002228,AFF003,MER0014,CAMP0005,CUST003209,B07TUVW901,SES00320902,2024-11-20 15:29:07,ORD_SYN_00001554,1,149.95,0.025,3.75,Delivered,Not Returned
CONV_SYN_00000868,CLK_SYN_00003896,AFF008,MER0050,CAMP0005,CUST000184,B09YZA890,SES00018402,2024-11-20 17:38:18,ORD_SYN_00000868,1,98.0,0.03,2.94,Delivered,Not Returned
CONV_SYN_00001352,CLK_SYN_00000279,AFF010,MER0067,CAMP0049,CUST001441,B08STU345,SES00144101,2024-11-21 01:02:55,ORD_SYN_00001352,1,349.99,0.025,8.75,Delivered,Not Returned
CONV_SYN_00000160,CLK_SYN_00008245,AFF004,MER0005,CAMP0004,CUST000323,B09PQR012,SES00032302,2024-11-21 03:21:24,ORD_SYN_00000160,1,399.0,0.02,7.98,Delivered,Not Returned
CONV_SYN_00001269,CLK_SYN_00008245,AFF004,MER0005,CAMP0004,CUST000323,B09PQR012,SES00032302,2024-11-22 08:17:48,ORD_SYN_00001269,1,399.0,0.02,7.98,Delivered,Not Returned
CONV_SYN_00001595,CLK_SYN_00005372,AFF017,MER0098,CAMP0049,CUST002246,B09HIJ890,SES00224602,2024-11-22 09:00:17,ORD_SYN_00001595,1,299.99,0.025,7.5,Delivered,Not Returned
CONV_SYN_00001875,CLK_SYN_00008215,AFF009,MER0066,CAMP0033,CUST002075,B09YZA901,SES00207502,2024-11-22 09:30:08,ORD_SYN_00001875,1,199.99,0.03,6.0,Cancelled,Not Returned
CONV_SYN_00000583,CLK_SYN_00005372,AFF017,MER0098,CAMP0049,CUST002246,B09HIJ890,SES00224602,2024-11-22 13:13:29,ORD_SYN_00000583,3,899.97,0.025,22.5,Delivered,Returned
CONV_SYN_00001223,CLK_SYN_00005988,AFF014,MER0008,CAMP0044,CUST001369,B08BCD234,SES00136901,2024-11-22 15:49:30,ORD_SYN_00001223,1,497.99,0.02,9.96,Delivered,Not Returned
CONV_SYN_00001624,CLK_SYN_00002778,AFF007,MER0081,CAMP0012,CUST002504,B07DEF123,SES00250401,2024-11-22 22:24:55,ORD_SYN_00001624,2,199.98,0.03,6.0,Delivered,Not Returned
CONV_SYN_00001662,CLK_SYN_00009480,AFF016,MER0094,CAMP0035,CUST002049,B08MNO012,SES00204902,2024-11-23 00:21:28,ORD_SYN_00001662,1,149.99,0.03,4.5,Delivered,Not Returned
CONV_SYN_00000546,CLK_SYN_00003139,AFF020,MER0076,CAMP0018,CUST001453,B08STU901,SES00145303,2024-11-23 06:38:36,ORD_SYN_00000546,1,379.99,0.025,9.5,Delivered,Not Returned
CONV_SYN_00001498,CLK_SYN_00002353,AFF001,MER0052,CAMP0041,CUST002600,B08ABC567,SES00260003,2024-11-23 09:39:36,ORD_SYN_00001498,1,59.99,0.03,1.8,Delivered,Not Returned
CONV_SYN_00001079,CLK_SYN_00006019,AFF001,MER0079,CAMP0030,CUST001575,B07FZ8S74R,SES00157503,2024-11-23 13:13:07,ORD_SYN_00001079,1,39.99,0.04,1.6,Cancelled,Not Returned
CONV_SYN_00001582,CLK_SYN_00009298,AFF017,MER0027,CAMP0037,CUST002815,B07GHI789,SES00281501,2024-11-23 14:04:40,ORD_SYN_00001582,1,179.0,0.02,3.58,Cancelled,Returned
CONV_SYN_00001322,CLK_SYN_00004730,AFF015,MER0077,CAMP0024,CUST004406,B07DEF890,SES00440601,2024-11-23 17:28:38,ORD_SYN_00001322,1,25.99,0.04,1.04,Delivered,Returned
CONV_SYN_00001848,CLK_SYN_00006548,AFF007,MER0086,CAMP0013,CUST003466,B07DEF890,SES00346602,2024-11-23 17:49:10,ORD_SYN_00001848,2,51.98,0.04,2.08,Delivered,Not Returned
CONV_SYN_00000819,CLK_SYN_00005372,AFF017,MER0098,CAMP0049,CUST002246,B09HIJ890,SES00224602,2024-11-23 19:01:29,ORD_SYN_00000819,2,599.98,0.025,15.0,Delivered,Not Returned
CONV_SYN_00000197,CLK_SYN_00001025,AFF020,MER0016,CAMP0026,CUST001981,B07VWX567,SES00198102,2024-11-23 22:12:53,ORD_SYN_00000197,2,198.0,0.025,4.95,Delivered,Returned
CONV_SYN_00000400,CLK_SYN_00005428,AFF005,MER0039,CAMP0028,CUST001177,B09YZA234,SES00117703,2024-11-24 00:00:20,ORD_SYN_00000400,1,199.99,0.02,4.0,Delivered,Not Returned
CONV_SYN_00001131,CLK_SYN_00003126,AFF015,MER0033,CAMP0044,CUST001368,B07VWX678,SES00136803,2024-11-24 01:53:55,ORD_SYN_00001131,2,658.0,0.02,13.16,Cancelled,Not Returned
CONV_SYN_00000659,CLK_SYN_00000364,AFF017,MER0077,CAMP0027,CUST002851,B08MNO012,SES00285102,2024-11-24 10:17:13,ORD_SYN_00000659,1,149.99,0.03,4.5,Delivered,Not Returned
CONV_SYN_00000472,CLK_SYN_00004234,AFF002,MER0013,CAMP0011,CUST000320,B08BCD234,SES00032002,2024-11-24 10:34:31,ORD_SYN_00000472,1,497.99,0.02,9.96,Cancelled,Returned
CONV_SYN_00000877,CLK_SYN_00003750,AFF005,MER0046,CAMP0037,CUST001100,B08ABC567,SES00110002,2024-11-24 15:46:46,ORD_SYN_00000877,1,59.99,0.03,1.8,Delivered,Not Returned
CONV_SYN_00001647,CLK_SYN_00008798,AFF018,MER0089,CAMP0003,CUST004101,B08ABC567,SES00410101,2024-11-24 17:57:09,ORD_SYN_00001647,1,59.99,0.03,1.8,Delivered,Not Returned
CONV_SYN_00000474,CLK_SYN_00008941,AFF012,MER0085,CAMP0017,CUST003167,B09DEF123,SES00316702,2024-11-25 07:28:50,ORD_SYN_00000474,1,1199.0,0.015,17.98,Delivered,Returned
CONV_SYN_00001421,CLK_SYN_00004760,AFF008,MER0081,CAMP0034,CUST002919,B09PQR345,SES00291903,2024-11-26 00:15:59,ORD_SYN_00001421,1,89.99,0.03,2.7,Delivered,Not Returned
CONV_SYN_00001329,CLK_SYN_00006288,AFF003,MER0095,CAMP0006,CUST003754,B08STU901,SES00375402,2024-11-26 08:32:32,ORD_SYN_00001329,1,379.99,0.025,9.5,Delivered,Not Returned
CONV_SYN_00000107,CLK_SYN_00002869,AFF001,MER0036,CAMP0008,CUST004693,B09HIJ012,SES00469303,2024-11-26 10:06:19,ORD_SYN_00000107,1,139.99,0.04,5.6,Delivered,Returned
CONV_SYN_00001173,CLK_SYN_00002869,AFF001,MER0036,CAMP0008,CUST004693,B09HIJ012,SES00469303,2024-11-26 14:41:07,ORD_SYN_00001173,1,139.99,0.04,5.6,Delivered,Not Returned
CONV_SYN_00001451,CLK_SYN_00008401,AFF012,MER0078,CAMP0015,CUST003456,B08JKL456,SES00345602,2024-11-26 17:02:37,ORD_SYN_00001451,1,99.99,0.04,4.0,Delivered,Not Returned
CONV_SYN_00001836,CLK_SYN_00002504,AFF003,MER0005,CAMP0022,CUST001880,B08EFG123,SES00188002,2024-11-27 00:19:24,ORD_SYN_00001836,1,79.99,0.03,2.4,Delivered,Not Returned
CONV_SYN_00001534,CLK_SYN_00008694,AFF011,MER0076,CAMP0025,CUST003266,B09YZA234,SES00326601,2024-11-27 04:45:45,ORD_SYN_00001534,1,199.99,0.02,4.0,Delivered,Not Returned
CONV_SYN_00001290,CLK_SYN_00002719,AFF013,MER0100,CAMP0018,CUST004643,B08JKL345,SES00464302,2024-11-27 13:53:39,ORD_SYN_00001290,1,349.95,0.02,7.0,Delivered,Not Returned
CONV_SYN_00000296,CLK_SYN_00005805,AFF012,MER0093,CAMP0042,CUST004959,B08C1W5N87,SES00495901,2024-11-27 17:57:39,ORD_SYN_00000296,1,79.95,0.03,2.4,Delivered,Returned
CONV_SYN_00001513,CLK_SYN_00008151,AFF016,MER0003,CAMP0025,CUST004643,B07VWX234,SES00464303,2024-11-28 12:35:16,ORD_SYN_00001513,1,29.99,0.04,1.2,Delivered,Not Returned
CONV_SYN_00000118,CLK_SYN_00000073,AFF017,MER0043,CAMP0018,CUST002447,B08ABC890,SES00244702,2024-11-28 16:21:05,ORD_SYN_00000118,1,249.99,0.025,6.25,Cancelled,Returned
CONV_SYN_00000760,CLK_SYN_00007960,AFF002,MER0025,CAMP0021,CUST001263,B07DEF890,SES00126302,2024-11-28 16:22:39,ORD_SYN_00000760,1,25.99,0.04,1.04,Cancelled,Returned
CONV_SYN_00000451,CLK_SYN_00002774,AFF013,MER0077,CAMP0042,CUST001839,B07DEF456,SES00183903,2024-11-28 16:31:59,ORD_SYN_00000451,1,299.0,0.025,7.48,Delivered,Returned
CONV_SYN_00001611,CLK_SYN_00008151,AFF016,MER0003,CAMP0025,CUST004643,B07VWX234,SES00464303,2024-11-28 16:55:40,ORD_SYN_00001611,1,29.99,0.04,1.2,Delivered,Not Returned
CONV_SYN_00000890,CLK_SYN_00007851,AFF003,MER0087,CAMP0044,CUST002464,B08JKL012,SES00246402,2024-11-29 01:04:40,ORD_SYN_00000890,1,219.0,0.02,4.38,Delivered,Returned
CONV_SYN_00001389,CLK_SYN_00003469,AFF002,MER0068,CAMP0039,CUST004428,B09PQR901,SES00442801,2024-11-29 01:38:49,ORD_SYN_00001389,1,349.99,0.02,7.0,Delivered,Not Returned
CONV_SYN_00001830,CLK_SYN_00001941,AFF003,MER0099,CAMP0011,CUST003546,B07GHI789,SES00354602,2024-11-29 03:19:48,ORD_SYN_00001830,1,179.0,0.02,3.58,Delivered,Not Returned
CONV_SYN_00001487,CLK_SYN_00005539,AFF008,MER0079,CAMP0048,CUST002743,B09PQR012,SES00274303,2024-11-29 03:25:39,ORD_SYN_00001487,1,399.0,0.02,7.98,Delivered,Not Returned
CONV_SYN_00001417,CLK_SYN_00002681,AFF014,MER0092,CAMP0030,CUST002583,B07DEF456,SES00258301,2024-11-29 08:39:08,ORD_SYN_00001417,3,897.0,0.025,22.43,Delivered,Not Returned
CONV_SYN_00001666,CLK_SYN_00005778,AFF015,MER0010,CAMP0037,CUST001486,B09GHI789,SES00148601,2024-11-29 12:22:47,ORD_SYN_00001666,1,49.99,0.04,2.0,Cancelled,Not Returned
CONV_SYN_00001360,CLK_SYN_00009778,AFF003,MER0078,CAMP0040,CUST002392,B08EFG456,SES00239201,2024-11-29 18:24:47,ORD_SYN_00001360,1,39.95,0.04,1.6,Delivered,Returned
CONV_SYN_00000923,CLK_SYN_00003063,AFF018,MER0058,CAMP0027,CUST002715,B09PQR678,SES00271502,2024-11-29 19:58:54,ORD_SYN_00000923,1,399.99,0.02,8.0,Delivered,Returned
CONV_SYN_00001777,CLK_SYN_00000485,AFF013,MER0028,CAMP0001,CUST004688,B07VWX234,SES00468801,2024-11-29 20:36:55,ORD_SYN_00001777,1,29.99,0.04,1.2,Delivered,Not Returned
CONV_SYN_00001485,CLK_SYN_00001227,AFF014,MER0013,CAMP0026,CUST003901,B07MNO678,SES00390103,2024-11-30 00:33:03,ORD_SYN_00001485,1,34.99,0.04,1.4,Cancelled,Not Returned
CONV_SYN_00000593,CLK_SYN_00002136,AFF019,MER0096,CAMP0044,CUST002356,B07TUVW901,SES00235601,2024-11-30 06:14:51,ORD_SYN_00000593,1,149.95,0.025,3.75,Delivered,Not Returned
CONV_SYN_00001844,CLK_SYN_00007656,AFF017,MER0027,CAMP0020,CUST000120,B08STU234,SES00012001,2024-11-30 08:18:50,ORD_SYN_00001844,3,384.0,0.03,11.52,Delivered,Not Returned
CONV_SYN_00001136,CLK_SYN_00000919,AFF013,MER0010,CAMP0003,CUST001822,B08STU345,SES00182201,2024-11-30 08:36:23,ORD_SYN_00001136,1,349.99,0.025,8.75,Delivered,Not Returned
CONV_SYN_00001238,CLK_SYN_00009778,AFF003,MER0078,CAMP0040,CUST002392,B08EFG456,SES00239201,2024-11-30 12:31:59,ORD_SYN_00001238,1,39.95,0.04,1.6,Cancelled,Not Returned
CONV_SYN_00001371,CLK_SYN_00001771,AFF020,MER0039,CAMP0049,CUST003637,B09PQR345,SES00363703,2024-11-30 14:49:12,ORD_SYN_00001371,1,89.99,0.03,2.7,Delivered,Returned
CONV_SYN_00001094,CLK_SYN_00001882,AFF010,MER0055,CAMP0042,CUST001252,B09YZA567,SES00125202,2024-11-30 15:40:28,ORD_SYN_00001094,3,149.97,0.03,4.5,Delivered,Returned
CONV_SYN_00000293,CLK_SYN_00007491,AFF002,MER0051,CAMP0044,CUST003417,B09GHI789,SES00341703,2024-11-30 17:47:43,ORD_SYN_00000293,1,49.99,0.04,2.0,Cancelled,Returned
CONV_SYN_00001358,CLK_SYN_00009688,AFF008,MER0013,CAMP0023,CUST001271,B08EFG123,SES00127102,2024-11-30 18:03:52,ORD_SYN_00001358,1,79.99,0.03,2.4,Delivered,Returned
CONV_SYN_00001864,CLK_SYN_00003780,AFF010,MER0098,CAMP0036,CUST000457,B08JKL345,SES00045703,2024-11-30 20:28:16,ORD_SYN_00001864,1,349.95,0.02,7.0,Delivered,Not Returned
CONV_SYN_00000861,CLK_SYN_00005290,AFF013,MER0084,CAMP0044,CUST000696,B07GHI789,SES00069602,2024-11-30 20:51:09,ORD_SYN_00000861,2,358.0,0.02,7.16,Delivered,Not Returned
CONV_SYN_00001949,CLK_SYN_00001995,AFF016,MER0005,CAMP0004,CUST003693,B07MNO678,SES00369303,2024-12-01 00:20:16,ORD_SYN_00001949,3,104.97,0.04,4.2,Delivered,Not Returned
CONV_SYN_00001693,CLK_SYN_00001372,AFF001,MER0011,CAMP0044,CUST000325,B08STU234,SES00032502,2024-12-01 01:45:02,ORD_SYN_00001693,1,128.0,0.03,3.84,Cancelled,Not Returned
CONV_SYN_00001296,CLK_SYN_00008652,AFF006,MER0017,CAMP0046,CUST002230,B08ABC567,SES00223003,2024-12-01 06:12:03,ORD_SYN_00001296,1,59.99,0.03,1.8,Delivered,Not Returned
CONV_SYN_00001504,CLK_SYN_00007351,AFF018,MER0098,CAMP0025,CUST000894,B09MNOP345,SES00089401,2024-12-01 06:58:54,ORD_SYN_00001504,1,79.99,0.03,2.4,Delivered,Not Returned
CONV_SYN_00001050,CLK_SYN_00006181,AFF014,MER0073,CAMP0027,CUST002380,B08STU234,SES00238002,2024-12-01 08:09:51,ORD_SYN_00001050,1,128.0,0.03,3.84,Cancelled,Not Returned
CONV_SYN_00001852,CLK_SYN_00000797,AFF018,MER0096,CAMP0036,CUST002943,B07MNO789,SES00294301,2024-12-01 14:47:30,ORD_SYN_00001852,1,199.95,0.03,6.0,Cancelled,Not Returned
CONV_SYN_00000359,CLK_SYN_00003942,AFF010,MER0046,CAMP0037,CUST004400,B09VWX234,SES00440002,2024-12-01 19:41:45,ORD_SYN_00000359,1,599.0,0.02,11.98,Delivered,Not Returned
CONV_SYN_00000384,CLK_SYN_00006740,AFF018,MER0038,CAMP0030,CUST004420,B07TUVW901,SES00442001,2024-12-01 20:16:53,ORD_SYN_00000384,1,149.95,0.025,3.75,Delivered,Returned
CONV_SYN_00000280,CLK_SYN_00006181,AFF014,MER0073,CAMP0027,CUST002380,B08STU234,SES00238002,2024-12-01 20:34:27,ORD_SYN_00000280,1,128.0,0.03,3.84,Cancelled,Not Returned
CONV_SYN_00001075,CLK_SYN_00003534,AFF013,MER0092,CAMP0043,CUST003061,B09HIJ012,SES00306101,2024-12-01 23:07:48,ORD_SYN_00001075,1,139.99,0.04,5.6,Delivered,Not Returned
CONV_SYN_00000945,CLK_SYN_00006732,AFF001,MER0048,CAMP0029,CUST000387,B08STU901,SES00038703,2024-12-02 02:30:36,ORD_SYN_00000945,2,759.98,0.025,19.0,Delivered,Not Returned
CONV_SYN_00001867,CLK_SYN_00006216,AFF013,MER0084,CAMP0002,CUST000534,B08STU901,SES00053403,2024-12-02 03:18:29,ORD_SYN_00001867,1,379.99,0.025,9.5,Delivered,Not Returned
CONV_SYN_00000028,CLK_SYN_00004655,AFF015,MER0034,CAMP0009,CUST002634,B08STU901,SES00263402,2024-12-02 03:58:45,ORD_SYN_00000028,1,379.99,0.025,9.5,Cancelled,Not Returned
CONV_SYN_00001596,CLK_SYN_00001613,AFF006,MER0002,CAMP0045,CUST004215,B08EFG123,SES00421503,2024-12-02 06:42:54,ORD_SYN_00001596,2,159.98,0.03,4.8,Delivered,Returned
CONV_SYN_00001760,CLK_SYN_00007764,AFF013,MER0080,CAMP0047,CUST004775,B08ABC890,SES00477501,2024-12-03 02:50:34,ORD_SYN_00001760,1,249.99,0.025,6.25,Cancelled,Not Returned
CONV_SYN_00001565,CLK_SYN_00009561,AFF016,MER0040,CAMP0012,CUST001114,B08ABC567,SES00111402,2024-12-03 11:36:11,ORD_SYN_00001565,1,59.99,0.03,1.8,Cancelled,Not Returned
CONV_SYN_00001410,CLK_SYN_00006299,AFF012,MER0030,CAMP0019,CUST002855,B08QRST678,SES00285502,2024-12-03 12:39:16,ORD_SYN_00001410,2,399.98,0.02,8.0,Delivered,Returned
CONV_SYN_00001753,CLK_SYN_00000099,AFF005,MER0067,CAMP0032,CUST001035,B09MNOP345,SES00103503,2024-12-03 15:38:06,ORD_SYN_00001753,2,159.98,0.03,4.8,Cancelled,Not Returned
CONV_SYN_00000407,CLK_SYN_00008516,AFF018,MER0067,CAMP0024,CUST003121,B09PQR012,SES00312101,2024-12-03 16:31:21,ORD_SYN_00000407,1,399.0,0.02,7.98,Delivered,Not Returned
CONV_SYN_00001788,CLK_SYN_00000379,AFF003,MER0082,CAMP0044,CUST001040,B07VWX678,SES00104003,2024-12-04 00:37:46,ORD_SYN_00001788,2,658.0,0.02,13.16,Delivered,Not Returned
CONV_SYN_00001762,CLK_SYN_00008242,AFF013,MER0006,CAMP0023,CUST002338,B07MNO012,SES00233801,2024-12-04 06:22:16,ORD_SYN_00001762,1,99.99,0.03,3.0,Cancelled,Returned
CONV_SYN_00001854,CLK_SYN_00003277,AFF002,MER0058,CAMP0002,CUST002569,B09PQR678,SES00256901,2024-12-04 07:05:32,ORD_SYN_00001854,1,399.99,0.02,8.0,Delivered,Not Returned
CONV_SYN_00001402,CLK_SYN_00007236,AFF017,MER0084,CAMP0032,CUST002040,B07DEF890,SES00204002,2024-12-04 11:21:48,ORD_SYN_00001402,2,51.98,0.04,2.08,Delivered,Returned
CONV_SYN_00001998,CLK_SYN_00009561,AFF016,MER0040,CAMP0012,CUST001114,B08ABC567,SES00111402,2024-12-04 14:01:59,ORD_SYN_00001998,1,59.99,0.03,1.8,Delivered,Not Returned
CONV_SYN_00001870,CLK_SYN_00000379,AFF003,MER0082,CAMP0044,CUST001040,B07VWX678,SES00104003,2024-12-04 14:39:34,ORD_SYN_00001870,1,329.0,0.02,6.58,Delivered,Returned
CONV_SYN_00000238,CLK_SYN_00009561,AFF016,MER0040,CAMP0012,CUST001114,B08ABC567,SES00111402,2024-12-04 19:09:11,ORD_SYN_00000238,2,119.98,0.03,3.6,Delivered,Not Returned
CONV_SYN_00000023,CLK_SYN_00004423,AFF018,MER0008,CAMP0048,CUST003646,B07EFG567,SES00364603,2024-12-05 01:18:10,ORD_SYN_00000023,1,449.95,0.025,11.25,Delivered,Not Returned
CONV_SYN_00000445,CLK_SYN_00008128,AFF015,MER0070,CAMP0020,CUST003234,B09HIJ012,SES00323401,2024-12-05 05:33:14,ORD_SYN_00000445,1,139.99,0.04,5.6,Delivered,Not Returned
CONV_SYN_00000590,CLK_SYN_00004282,AFF006,MER0078,CAMP0028,CUST003280,B09YZA901,SES00328002,2024-12-05 10:47:01,ORD_SYN_00000590,2,399.98,0.03,12.0,Cancelled,Not Returned
CONV_SYN_00000078,CLK_SYN_00001783,AFF006,MER0016,CAMP0042,CUST000281,B07DEF890,SES00028103,2024-12-06 10:02:30,ORD_SYN_00000078,1,25.99,0.04,1.04,Delivered,Returned
CONV_SYN_00000876,CLK_SYN_00005212,AFF005,MER0073,CAMP0041,CUST003508,B08JKL456,SES00350802,2024-12-06 23:32:00,ORD_SYN_00000876,2,199.98,0.04,8.0,Cancelled,Not Returned
CONV_SYN_00001661,CLK_SYN_00004423,AFF018,MER0008,CAMP0048,CUST003646,B07EFG567,SES00364603,2024-12-07 04:04:58,ORD_SYN_00001661,1,449.95,0.025,11.25,Delivered,Not Returned
CONV_SYN_00000208,CLK_SYN_00000606,AFF006,MER0092,CAMP0039,CUST004914,B09GHI789,SES00491401,2024-12-07 06:46:39,ORD_SYN_00000208,2,99.98,0.04,4.0,Delivered,Not Returned
CONV_SYN_00000856,CLK_SYN_00009039,AFF012,MER0075,CAMP0031,CUST001551,B08STU901,SES00155102,2024-12-07 17:43:25,ORD_SYN_00000856,1,379.99,0.025,9.5,Delivered,Not Returned
CONV_SYN_00001629,CLK_SYN_00009821,AFF004,MER0100,CAMP0049,CUST000649,B09PQR678,SES00064901,2024-12-07 20:15:35,ORD_SYN_00001629,1,399.99,0.02,8.0,Cancelled,Not Returned
CONV_SYN_00000362,CLK_SYN_00007717,AFF016,MER0056,CAMP0002,CUST004576,B09YZA890,SES00457603,2024-12-07 20:22:21,ORD_SYN_00000362,1,98.0,0.03,2.94,Delivered,Not Returned
CONV_SYN_00000574,CLK_SYN_00001781,AFF015,MER0015,CAMP0047,CUST001488,B08YZA567,SES00148802,2024-12-07 21:06:55,ORD_SYN_00000574,1,89.99,0.03,2.7,Cancelled,Returned
CONV_SYN_00001320,CLK_SYN_00003224,AFF007,MER0065,CAMP0003,CUST002231,B09YZA567,SES00223102,2024-12-08 01:45:10,ORD_SYN_00001320,3,149.97,0.03,4.5,Delivered,Not Returned
CONV_SYN_00000906,CLK_SYN_00007566,AFF014,MER0003,CAMP0012,CUST002491,B07VWX234,SES00249101,2024-12-08 01:57:30,ORD_SYN_00000906,1,29.99,0.04,1.2,Delivered,Not Returned
CONV_SYN_00000314,CLK_SYN_00009469,AFF013,MER0003,CAMP0046,CUST002163,B09GHI123,SES00216301,2024-12-08 09:23:59,ORD_SYN_00000314,2,359.98,0.025,9.0,Delivered,Not Returned
CONV_SYN_00001965,CLK_SYN_00004401,AFF003,MER0043,CAMP0026,CUST002402,B08N5WRWNW,SES00240202,2024-12-08 14:07:46,ORD_SYN_00001965,2,99.98,0.04,4.0,Delivered,Not Returned
CONV_SYN_00000834,CLK_SYN_00001811,AFF014,MER0034,CAMP0046,CUST001259,B07VWX567,SES00125901,2024-12-08 21:25:44,ORD_SYN_00000834,1,99.0,0.025,2.48,Delivered,Not Returned
CONV_SYN_00000632,CLK_SYN_00008173,AFF010,MER0065,CAMP0039,CUST000723,B09PQR901,SES00072302,2024-12-09 03:36:25,ORD_SYN_00000632,2,699.98,0.02,14.0,Delivered,Not Returned
CONV_SYN_00001210,CLK_SYN_00006162,AFF014,MER0025,CAMP0043,CUST003716,B09YZA234,SES00371601,2024-12-09 08:10:40,ORD_SYN_00001210,1,199.99,0.02,4.0,Delivered,Not Returned
CONV_SYN_00000543,CLK_SYN_00006295,AFF014,MER0058,CAMP0027,CUST004976,B09VWX234,SES00497601,2024-12-09 16:47:03,ORD_SYN_00000543,1,599.0,0.02,11.98,Cancelled,Not Returned
CONV_SYN_00000562,CLK_SYN_00001093,AFF003,MER0095,CAMP0023,CUST004136,B07VWX567,SES00413602,2024-12-10 00:58:11,ORD_SYN_00000562,1,99.0,0.025,2.48,Cancelled,Not Returned
CONV_SYN_00001022,CLK_SYN_00001034,AFF019,MER0013,CAMP0012,CUST003838,B08JKL789,SES00383801,2024-12-10 16:15:09,ORD_SYN_00001022,1,25.99,0.04,1.04,Delivered,Not Returned
CONV_SYN_00001771,CLK_SYN_00008254,AFF013,MER0010,CAMP0024,CUST002342,B07MNO012,SES00234202,2024-12-10 21:44:26,ORD_SYN_00001771,1,99.99,0.03,3.0,Cancelled,Not Returned
CONV_SYN_00001304,CLK_SYN_00009917,AFF006,MER0080,CAMP0005,CUST000563,B09PQR012,SES00056302,2024-12-10 21:59:32,ORD_SYN_00001304,1,399.0,0.02,7.98,Delivered,Not Returned
CONV_SYN_00001992,CLK_SYN_00003118,AFF001,MER0025,CAMP0024,CUST002763,B09XYZ234,SES00276303,2024-12-11 11:01:45,ORD_SYN_00001992,1,348.0,0.02,6.96,Cancelled,Not Returned
CONV_SYN_00000428,CLK_SYN_00003454,AFF012,MER0035,CAMP0008,CUST004136,B07MNO678,SES00413602,2024-12-11 19:40:02,ORD_SYN_00000428,1,34.99,0.04,1.4,Cancelled,Not Returned
CONV_SYN_00001477,CLK_SYN_00008110,AFF002,MER0005,CAMP0010,CUST003385,B08STU678,SES00338501,2024-12-11 20:49:58,ORD_SYN_00001477,1,69.99,0.03,2.1,Delivered,Not Returned
CONV_SYN_00001335,CLK_SYN_00006725,AFF011,MER0001,CAMP0016,CUST000859,B08QRST678,SES00085902,2024-12-11 21:20:07,ORD_SYN_00001335,1,199.99,0.02,4.0,Delivered,Not Returned
CONV_SYN_00001212,CLK_SYN_00009218,AFF003,MER0016,CAMP0032,CUST001638,B07EFG567,SES00163803,2024-12-11 22:46:52,ORD_SYN_00001212,1,449.95,0.025,11.25,Delivered,Returned
CONV_SYN_00000612,CLK_SYN_00009218,AFF003,MER0016,CAMP0032,CUST001638,B07EFG567,SES00163803,2024-12-12 02:03:04,ORD_SYN_00000612,1,449.95,0.025,11.25,Delivered,Returned
CONV_SYN_00000924,CLK_SYN_00003836,AFF020,MER0020,CAMP0033,CUST000389,B07DEF123,SES00038903,2024-12-12 02:05:38,ORD_SYN_00000924,1,99.99,0.03,3.0,Delivered,Not Returned
CONV_SYN_00000588,CLK_SYN_00003454,AFF012,MER0035,CAMP0008,CUST004136,B07MNO678,SES00413602,2024-12-12 05:43:38,ORD_SYN_00000588,1,34.99,0.04,1.4,Delivered,Not Returned
CONV_SYN_00001434,CLK_SYN_00009338,AFF003,MER0043,CAMP0027,CUST004219,B09HIJ012,SES00421901,2024-12-12 07:08:36,ORD_SYN_00001434,2,279.98,0.04,11.2,Delivered,Not Returned
CONV_SYN_00000302,CLK_SYN_00003454,AFF012,MER0035,CAMP0008,CUST004136,B07MNO678,SES00413602,2024-12-12 15:06:26,ORD_SYN_00000302,1,34.99,0.04,1.4,Delivered,Not Returned
CONV_SYN_00000964,CLK_SYN_00006586,AFF016,MER0031,CAMP0047,CUST002369,B07HGJKL12,SES00236901,2024-12-12 20:03:44,ORD_SYN_00000964,1,249.0,0.02,4.98,Cancelled,Not Returned
CONV_SYN_00001915,CLK_SYN_00003454,AFF012,MER0035,CAMP0008,CUST004136,B07MNO678,SES00413602,2024-12-12 22:16:02,ORD_SYN_00001915,2,69.98,0.04,2.8,Cancelled,Returned
CONV_SYN_00001473,CLK_SYN_00003706,AFF002,MER0035,CAMP0003,CUST003453,B07GHI789,SES00345301,2024-12-13 02:18:41,ORD_SYN_00001473,1,179.0,0.02,3.58,Delivered,Returned
CONV_SYN_00001733,CLK_SYN_00002352,AFF006,MER0051,CAMP0029,CUST002764,B07VWX678,SES00276403,2024-12-13 03:29:12,ORD_SYN_00001733,2,658.0,0.02,13.16,Delivered,Returned
CONV_SYN_00001711,CLK_SYN_00003836,AFF020,MER0020,CAMP0033,CUST000389,B07DEF123,SES00038903,2024-12-13 04:18:50,ORD_SYN_00001711,1,99.99,0.03,3.0,Delivered,Not Returned
CONV_SYN_00001685,CLK_SYN_00001679,AFF008,MER0073,CAMP0030,CUST003008,B09PQR012,SES00300801,2024-12-13 06:30:25,ORD_SYN_00001685,1,399.0,0.02,7.98,Delivered,Returned
CONV_SYN_00001752,CLK_SYN_00007549,AFF017,MER0011,CAMP0043,CUST001587,B07FZ8S74R,SES00158701,2024-12-13 10:06:01,ORD_SYN_00001752,1,39.99,0.04,1.6,Delivered,Not Returned
CONV_SYN_00001680,CLK_SYN_00004547,AFF019,MER0037,CAMP0038,CUST000846,B09PQR901,SES00084603,2024-12-13 14:23:18,ORD_SYN_00001680,1,349.99,0.02,7.0,Cancelled,Returned
CONV_SYN_00001806,CLK_SYN_00007047,AFF008,MER0087,CAMP0034,CUST003973,B09YZA567,SES00397302,2024-12-13 20:11:10,ORD_SYN_00001806,1,49.99,0.03,1.5,Delivered,Not Returned
CONV_SYN_00000271,CLK_SYN_00001031,AFF005,MER0042,CAMP0028,CUST000521,B08STU901,SES00052102,2024-12-13 23:13:43,ORD_SYN_00000271,1,379.99,0.025,9.5,Delivered,Not Returned
CONV_SYN_00000069,CLK_SYN_00007483,AFF007,MER0090,CAMP0005,CUST000069,B07GHI789,SES00006902,2024-12-14 03:16:19,ORD_SYN_00000069,1,179.0,0.02,3.58,Delivered,Not Returned
CONV_SYN_00001725,CLK_SYN_00001367,AFF006,MER0007,CAMP0049,CUST003530,B08STU345,SES00353001,2024-12-14 05:18:31,ORD_SYN_00001725,1,349.99,0.025,8.75,Delivered,Not Returned
CONV_SYN_00000927,CLK_SYN_00001909,AFF016,MER0083,CAMP0038,CUST001490,B09GHI123,SES00149002,2024-12-14 05:48:45,ORD_SYN_00000927,1,179.99,0.025,4.5,Delivered,Not Returned
CONV_SYN_00000158,CLK_SYN_00007382,AFF018,MER0039,CAMP0021,CUST003699,B08N5WRWNW,SES00369901,2024-12-14 10:26:12,ORD_SYN_00000158,3,149.97,0.04,6.0,Delivered,Not Returned
CONV_SYN_00001120,CLK_SYN_00008889,AFF013,MER0083,CAMP0013,CUST001877,B07DEF456,SES00187701,2024-12-14 11:25:14,ORD_SYN_00001120,1,299.0,0.025,7.48,Delivered,Not Returned
CONV_SYN_00000720,CLK_SYN_00002799,AFF001,MER0052,CAMP0023,CUST000163,B09DEF123,SES00016302,2024-12-14 22:16:17,ORD_SYN_00000720,1,1199.0,0.015,17.98,Cancelled,Not Returned
CONV_SYN_00000847,CLK_SYN_00006735,AFF001,MER0018,CAMP0002,CUST000673,B07VWX567,SES00067302,2024-12-15 00:49:24,ORD_SYN_00000847,1,99.0,0.025,2.48,Delivered,Returned
CONV_SYN_00000937,CLK_SYN_00006522,AFF007,MER0092,CAMP0011,CUST000373,B09XYZ234,SES00037302,2024-12-15 06:24:02,ORD_SYN_00000937,1,348.0,0.02,6.96,Delivered,Not Returned
CONV_SYN_00001406,CLK_SYN_00006675,AFF003,MER0062,CAMP0027,CUST002512,B09YZA234,SES00251201,2024-12-15 16:17:03,ORD_SYN_00001406,1,199.99,0.02,4.0,Cancelled,Not Returned
CONV_SYN_00001822,CLK_SYN_00003873,AFF007,MER0048,CAMP0035,CUST003913,B09DEF123,SES00391302,2024-12-15 17:31:31,ORD_SYN_00001822,3,3597.0,0.015,53.95,Delivered,Not Returned
CONV_SYN_00000729,CLK_SYN_00009762,AFF001,MER0075,CAMP0026,CUST000628,B09GHI789,SES00062801,2024-12-15 22:57:38,ORD_SYN_00000729,1,49.99,0.04,2.0,Delivered,Not Returned
CONV_SYN_00000047,CLK_SYN_00006715,AFF008,MER0044,CAMP0020,CUST000337,B07VWX567,SES00033701,2024-12-16 03:46:33,ORD_SYN_00000047,1,99.0,0.025,2.48,Delivered,Not Returned
CONV_SYN_00001033,CLK_SYN_00002459,AFF008,MER0057,CAMP0005,CUST000926,B08STU901,SES00092603,2024-12-16 05:55:19,ORD_SYN_00001033,1,379.99,0.025,9.5,Delivered,Not Returned
CONV_SYN_00001425,CLK_SYN_00002001,AFF018,MER0050,CAMP0050,CUST001276,B07VWX678,SES00127603,2024-12-16 08:55:08,ORD_SYN_00001425,2,658.0,0.02,13.16,Cancelled,Not Returned
CONV_SYN_00000446,CLK_SYN_00003075,AFF009,MER0099,CAMP0013,CUST003139,B09VWX234,SES00313901,2024-12-16 10:50:01,ORD_SYN_00000446,2,1198.0,0.02,23.96,Cancelled,Not Returned
CONV_SYN_00001786,CLK_SYN_00002204,AFF018,MER0051,CAMP0036,CUST004349,B09PQR345,SES00434903,2024-12-16 11:26:41,ORD_SYN_00001786,1,89.99,0.03,2.7,Delivered,Not Returned
CONV_SYN_00000149,CLK_SYN_00006715,AFF008,MER0044,CAMP0020,CUST000337,B07VWX567,SES00033701,2024-12-16 22:08:45,ORD_SYN_00000149,1,99.0,0.025,2.48,Delivered,Not Returned
CONV_SYN_00000399,CLK_SYN_00003312,AFF006,MER0036,CAMP0002,CUST000547,B09HIJ012,SES00054703,2024-12-17 03:01:02,ORD_SYN_00000399,1,139.99,0.04,5.6,Delivered,Not Returned
CONV_SYN_00000724,CLK_SYN_00009762,AFF001,MER0075,CAMP0026,CUST000628,B09GHI789,SES00062801,2024-12-17 04:38:26,ORD_SYN_00000724,1,49.99,0.04,2.0,Delivered,Not Returned
CONV_SYN_00000216,CLK_SYN_00003312,AFF006,MER0036,CAMP0002,CUST000547,B09HIJ012,SES00054703,2024-12-17 08:42:26,ORD_SYN_00000216,1,139.99,0.04,5.6,Delivered,Not Returned
CONV_SYN_00001408,CLK_SYN_00000072,AFF005,MER0008,CAMP0016,CUST003442,B08JKL456,SES00344202,2024-12-17 13:57:21,ORD_SYN_00001408,1,99.99,0.04,4.0,Delivered,Not Returned
CONV_SYN_00001672,CLK_SYN_00000508,AFF008,MER0067,CAMP0017,CUST001097,B07DEF123,SES00109702,2024-12-18 01:15:20,ORD_SYN_00001672,1,99.99,0.03,3.0,Delivered,Not Returned
CONV_SYN_00000594,CLK_SYN_00004574,AFF006,MER0009,CAMP0019,CUST004636,B09VWX234,SES00463603,2024-12-18 10:07:29,ORD_SYN_00000594,1,599.0,0.02,11.98,Delivered,Not Returned
CONV_SYN_00000619,CLK_SYN_00001216,AFF005,MER0038,CAMP0003,CUST001572,B07MNO345,SES00157202,2024-12-18 12:38:11,ORD_SYN_00000619,1,59.99,0.04,2.4,Delivered,Not Returned
CONV_SYN_00001907,CLK_SYN_00001476,AFF007,MER0026,CAMP0038,CUST003462,B07DEF456,SES00346202,2024-12-18 16:59:18,ORD_SYN_00001907,1,299.0,0.025,7.48,Delivered,Not Returned
CONV_SYN_00000566,CLK_SYN_00005487,AFF013,MER0061,CAMP0005,CUST002159,B07PQR345,SES00215903,2024-12-18 22:23:11,ORD_SYN_00000566,1,399.0,0.02,7.98,Delivered,Returned
CONV_SYN_00001936,CLK_SYN_00000143,AFF009,MER0100,CAMP0004,CUST001077,B08EFG456,SES00107701,2024-12-19 10:15:20,ORD_SYN_00001936,1,39.95,0.04,1.6,Delivered,Returned
CONV_SYN_00001363,CLK_SYN_00003673,AFF002,MER0039,CAMP0030,CUST002784,B07MNO789,SES00278401,2024-12-19 12:44:48,ORD_SYN_00001363,1,199.95,0.03,6.0,Delivered,Returned
CONV_SYN_00001506,CLK_SYN_00009229,AFF015,MER0091,CAMP0022,CUST002895,B09YZA567,SES00289501,2024-12-20 03:54:18,ORD_SYN_00001506,1,49.99,0.03,1.5,Delivered,Not Returned
CONV_SYN_00001622,CLK_SYN_00009402,AFF001,MER0006,CAMP0040,CUST002230,B09YZA890,SES00223003,2024-12-20 10:18:37,ORD_SYN_00001622,1,98.0,0.03,2.94,Delivered,Not Returned
CONV_SYN_00001245,CLK_SYN_00000193,AFF019,MER0050,CAMP0022,CUST000337,B08ABC123,SES00033702,2024-12-20 12:56:58,ORD_SYN_00001245,1,2495.0,0.015,37.42,Cancelled,Returned
CONV_SYN_00000255,CLK_SYN_00005211,AFF002,MER0086,CAMP0003,CUST004825,B08MNO012,SES00482503,2024-12-20 20:19:20,ORD_SYN_00000255,1,149.99,0.03,4.5,Delivered,Not Returned
CONV_SYN_00001682,CLK_SYN_00005255,AFF005,MER0038,CAMP0019,CUST000428,B07MNO678,SES00042802,2024-12-21 06:30:21,ORD_SYN_00001682,1,34.99,0.04,1.4,Delivered,Returned
CONV_SYN_00000051,CLK_SYN_00007295,AFF019,MER0047,CAMP0032,CUST004412,B07DEF456,SES00441201,2024-12-21 10:45:23,ORD_SYN_00000051,1,299.0,0.025,7.48,Delivered,Not Returned
CONV_SYN_00000485,CLK_SYN_00005039,AFF012,MER0100,CAMP0025,CUST003256,B07VWX234,SES00325602,2024-12-21 11:13:52,ORD_SYN_00000485,1,29.99,0.04,1.2,Delivered,Returned
CONV_SYN_00000152,CLK_SYN_00009042,AFF019,MER0015,CAMP0043,CUST001185,B09YZA901,SES00118503,2024-12-21 12:32:20,ORD_SYN_00000152,1,199.99,0.03,6.0,Delivered,Not Returned
CONV_SYN_00000274,CLK_SYN_00008219,AFF001,MER0048,CAMP0025,CUST000995,B07BCD890,SES00099501,2024-12-21 17:06:43,ORD_SYN_00000274,1,799.99,0.02,16.0,Delivered,Not Returned
CONV_SYN_00000062,CLK_SYN_00007357,AFF005,MER0037,CAMP0049,CUST003052,B09PQR012,SES00305201,2024-12-21 18:59:34,ORD_SYN_00000062,1,399.0,0.02,7.98,Delivered,Not Returned
CONV_SYN_00000837,CLK_SYN_00007327,AFF009,MER0023,CAMP0025,CUST002680,B09YZA901,SES00268003,2024-12-22 01:07:11,ORD_SYN_00000837,1,199.99,0.03,6.0,Delivered,Returned
CONV_SYN_00001083,CLK_SYN_00007357,AFF005,MER0037,CAMP0049,CUST003052,B09PQR012,SES00305201,2024-12-22 03:16:58,ORD_SYN_00001083,1,399.0,0.02,7.98,Cancelled,Returned
CONV_SYN_00000418,CLK_SYN_00001131,AFF009,MER0008,CAMP0011,CUST001443,B08ABC567,SES00144302,2024-12-22 04:56:00,ORD_SYN_00000418,1,59.99,0.03,1.8,Cancelled,Not Returned
CONV_SYN_00001905,CLK_SYN_00003964,AFF016,MER0037,CAMP0031,CUST000725,B08QRST678,SES00072501,2024-12-22 11:41:48,ORD_SYN_00001905,1,199.99,0.02,4.0,Cancelled,Not Returned
CONV_SYN_00001793,CLK_SYN_00002824,AFF006,MER0025,CAMP0039,CUST004118,B07DEF456,SES00411802,2024-12-22 13:36:24,ORD_SYN_00001793,1,299.0,0.025,7.48,Delivered,Not Returned
CONV_SYN_00001994,CLK_SYN_00008611,AFF019,MER0057,CAMP0028,CUST002429,B09HIJ012,SES00242902,2024-12-22 15:54:38,ORD_SYN_00001994,1,139.99,0.04,5.6,Delivered,Not Returned
CONV_SYN_00001947,CLK_SYN_00004692,AFF002,MER0055,CAMP0021,CUST000337,B07BCD890,SES00033701,2024-12-23 03:39:50,ORD_SYN_00001947,1,799.99,0.02,16.0,Delivered,Not Returned
CONV_SYN_00000093,CLK_SYN_00004744,AFF002,MER0083,CAMP0036,CUST002156,B08STU901,SES00215601,2024-12-23 07:26:14,ORD_SYN_00000093,1,379.99,0.025,9.5,Delivered,Returned
CONV_SYN_00000457,CLK_SYN_00003521,AFF004,MER0097,CAMP0022,CUST002793,B07EFG567,SES00279301,2024-12-23 14:46:55,ORD_SYN_00000457,1,449.95,0.025,11.25,Delivered,Not Returned
CONV_SYN_00001579,CLK_SYN_00001602,AFF012,MER0086,CAMP0044,CUST004438,B08BCD234,SES00443803,2024-12-23 17:03:13,ORD_SYN_00001579,1,497.99,0.02,9.96,Delivered,Not Returned
CONV_SYN_00001458,CLK_SYN_00001126,AFF005,MER0074,CAMP0034,CUST004063,B08STU678,SES00406301,2024-12-23 18:58:44,ORD_SYN_00001458,1,69.99,0.03,2.1,Delivered,Not Returned
CONV_SYN_00000700,CLK_SYN_00001126,AFF005,MER0074,CAMP0034,CUST004063,B08STU678,SES00406301,2024-12-24 02:02:20,ORD_SYN_00000700,1,69.99,0.03,2.1,Delivered,Not Returned
CONV_SYN_00000883,CLK_SYN_00008145,AFF009,MER0021,CAMP0025,CUST001877,B08STU234,SES00187701,2024-12-24 22:34:03,ORD_SYN_00000883,2,256.0,0.03,7.68,Cancelled,Not Returned
CONV_SYN_00000146,CLK_SYN_00008848,AFF013,MER0007,CAMP0017,CUST002423,B07GHI789,SES00242302,2024-12-24 23:03:20,ORD_SYN_00000146,2,358.0,0.02,7.16,Cancelled,Returned
CONV_SYN_00001937,CLK_SYN_00009198,AFF001,MER0046,CAMP0034,CUST000231,B09YZA901,SES00023101,2024-12-24 23:51:28,ORD_SYN_00001937,1,199.99,0.03,6.0,Delivered,Not Returned
CONV_SYN_00001407,CLK_SYN_00006711,AFF020,MER0092,CAMP0015,CUST001992,B09PQR345,SES00199203,2024-12-25 00:51:20,ORD_SYN_00001407,1,89.99,0.03,2.7,Cancelled,Not Returned
CONV_SYN_00001589,CLK_SYN_00009358,AFF005,MER0011,CAMP0011,CUST002148,B09PQR012,SES00214803,2024-12-25 02:22:14,ORD_SYN_00001589,1,399.0,0.02,7.98,Delivered,Not Returned
CONV_SYN_00000916,CLK_SYN_00004314,AFF015,MER0036,CAMP0034,CUST003506,B07HGJKL12,SES00350603,2024-12-25 03:30:41,ORD_SYN_00000916,1,249.0,0.02,4.98,Delivered,Not Returned
CONV_SYN_00001958,CLK_SYN_00000526,AFF006,MER0087,CAMP0041,CUST001071,B07MNO345,SES00107102,2024-12-25 05:59:27,ORD_SYN_00001958,2,119.98,0.04,4.8,Cancelled,Not Returned
CONV_SYN_00001462,CLK_SYN_00007950,AFF002,MER0074,CAMP0046,CUST003643,B07GHI456,SES00364302,2024-12-25 07:24:43,ORD_SYN_00001462,1,149.99,0.035,5.25,Delivered,Not Returned
CONV_SYN_00001838,CLK_SYN_00008772,AFF001,MER0051,CAMP0031,CUST004501,B07HGJKL12,SES00450101,2024-12-25 19:23:05,ORD_SYN_00001838,1,249.0,0.02,4.98,Cancelled,Returned
CONV_SYN_00000110,CLK_SYN_00004314,AFF015,MER0036,CAMP0034,CUST003506,B07HGJKL12,SES00350603,2024-12-25 20:18:05,ORD_SYN_00000110,1,249.0,0.02,4.98,Delivered,Returned
CONV_SYN_00001741,CLK_SYN_00000891,AFF003,MER0041,CAMP0008,CUST002471,B08EFG456,SES00247101,2024-12-25 21:09:23,ORD_SYN_00001741,3,119.85,0.04,4.79,Delivered,Not Returned
CONV_SYN_00001983,CLK_SYN_00007812,AFF014,MER0043,CAMP0012,CUST003618,B07MNO789,SES00361803,2024-12-25 23:27:50,ORD_SYN_00001983,1,199.95,0.03,6.0,Delivered,Returned
CONV_SYN_00001386,CLK_SYN_00004509,AFF019,MER0090,CAMP0008,CUST004862,B08STU345,SES00486203,2024-12-26 00:05:13,ORD_SYN_00001386,1,349.99,0.025,8.75,Delivered,Not Returned
CONV_SYN_00000830,CLK_SYN_00000782,AFF009,MER0087,CAMP0042,CUST004371,B08C1W5N87,SES00437101,2024-12-26 06:45:36,ORD_SYN_00000830,1,79.95,0.03,2.4,Cancelled,Returned
CONV_SYN_00001825,CLK_SYN_00009041,AFF004,MER0092,CAMP0012,CUST002343,B09PQR012,SES00234302,2024-12-26 10:48:47,ORD_SYN_00001825,1,399.0,0.02,7.98,Cancelled,Not Returned
CONV_SYN_00000434,CLK_SYN_00002103,AFF019,MER0071,CAMP0028,CUST000544,B09YZA234,SES00054402,2024-12-26 15:02:09,ORD_SYN_00000434,1,199.99,0.02,4.0,Delivered,Returned
CONV_SYN_00001251,CLK_SYN_00008851,AFF006,MER0034,CAMP0040,CUST004892,B07MNO012,SES00489202,2024-12-27 04:53:16,ORD_SYN_00001251,1,99.99,0.03,3.0,Delivered,Not Returned
CONV_SYN_00000246,CLK_SYN_00007260,AFF019,MER0087,CAMP0001,CUST002972,B07EFG567,SES00297201,2024-12-27 12:11:13,ORD_SYN_00000246,2,899.9,0.025,22.5,Cancelled,Not Returned
CONV_SYN_00000476,CLK_SYN_00004648,AFF015,MER0004,CAMP0036,CUST001656,B08STU345,SES00165602,2024-12-27 18:15:36,ORD_SYN_00000476,1,349.99,0.025,8.75,Delivered,Not Returned
CONV_SYN_00001001,CLK_SYN_00007359,AFF017,MER0015,CAMP0008,CUST002243,B07VWX567,SES00224303,2024-12-27 21:51:30,ORD_SYN_00001001,1,99.0,0.025,2.48,Delivered,Not Returned
CONV_SYN_00001884,CLK_SYN_00004513,AFF012,MER0012,CAMP0009,CUST001355,B08STU901,SES00135502,2024-12-27 22:12:25,ORD_SYN_00001884,1,379.99,0.025,9.5,Delivered,Not Returned
CONV_SYN_00000252,CLK_SYN_00004573,AFF018,MER0020,CAMP0011,CUST000941,B07MNO789,SES00094102,2024-12-27 23:31:07,ORD_SYN_00000252,1,199.95,0.03,6.0,Delivered,Returned
CONV_SYN_00000502,CLK_SYN_00004554,AFF001,MER0078,CAMP0013,CUST002942,B09YZA234,SES00294202,2024-12-28 02:42:16,ORD_SYN_00000502,1,199.99,0.02,4.0,Cancelled,Returned
CONV_SYN_00000394,CLK_SYN_00007260,AFF019,MER0087,CAMP0001,CUST002972,B07EFG567,SES00297201,2024-12-28 03:07:01,ORD_SYN_00000394,1,449.95,0.025,11.25,Delivered,Not Returned
CONV_SYN_00001920,CLK_SYN_00002768,AFF010,MER0071,CAMP0047,CUST004692,B09PQR901,SES00469203,2024-12-28 04:02:50,ORD_SYN_00001920,1,349.99,0.02,7.0,Delivered,Returned
CONV_SYN_00000444,CLK_SYN_00000934,AFF015,MER0042,CAMP0022,CUST000834,B07VWX234,SES00083403,2024-12-28 05:04:50,ORD_SYN_00000444,1,29.99,0.04,1.2,Delivered,Not Returned
CONV_SYN_00001740,CLK_SYN_00001410,AFF018,MER0094,CAMP0003,CUST000909,B08EFG123,SES00090902,2024-12-28 07:18:40,ORD_SYN_00001740,1,79.99,0.03,2.4,Cancelled,Not Returned
CONV_SYN_00000372,CLK_SYN_00002738,AFF005,MER0017,CAMP0004,CUST003738,B09MNOP345,SES00373802,2024-12-28 09:59:34,ORD_SYN_00000372,1,79.99,0.03,2.4,Delivered,Returned
CONV_SYN_00001191,CLK_SYN_00002067,AFF014,MER0056,CAMP0013,CUST000650,B09GHI456,SES00065003,2024-12-28 10:23:01,ORD_SYN_00001191,1,99.99,0.03,3.0,Delivered,Not Returned
CONV_SYN_00000894,CLK_SYN_00000329,AFF001,MER0030,CAMP0035,CUST000270,B07MNO789,SES00027001,2024-12-28 21:52:11,ORD_SYN_00000894,1,199.95,0.03,6.0,Cancelled,Returned
CONV_SYN_00000680,CLK_SYN_00002522,AFF004,MER0069,CAMP0012,CUST004531,B09GHI789,SES00453102,2024-12-29 00:46:51,ORD_SYN_00000680,1,49.99,0.04,2.0,Delivered,Returned
CONV_SYN_00001419,CLK_SYN_00009557,AFF018,MER0064,CAMP0048,CUST002819,B08JKL345,SES00281902,2024-12-29 10:31:25,ORD_SYN_00001419,2,699.9,0.02,14.0,Delivered,Not Returned
CONV_SYN_00000761,CLK_SYN_00009009,AFF009,MER0090,CAMP0043,CUST001599,B07FZ8S74R,SES00159902,2024-12-29 11:15:32,ORD_SYN_00000761,1,39.99,0.04,1.6,Cancelled,Not Returned
CONV_SYN_00000569,CLK_SYN_00005668,AFF010,MER0056,CAMP0010,CUST002881,B07MNO789,SES00288102,2024-12-29 12:37:16,ORD_SYN_00000569,1,199.95,0.03,6.0,Cancelled,Not Returned
CONV_SYN_00001465,CLK_SYN_00006416,AFF004,MER0069,CAMP0046,CUST001582,B08EFG456,SES00158201,2024-12-30 00:12:45,ORD_SYN_00001465,2,79.9,0.04,3.2,Delivered,Not Returned
CONV_SYN_00001889,CLK_SYN_00003850,AFF005,MER0083,CAMP0041,CUST000189,B09PQR901,SES00018903,2024-12-30 01:06:23,ORD_SYN_00001889,1,349.99,0.02,7.0,Delivered,Returned
CONV_SYN_00001627,CLK_SYN_00009746,AFF015,MER0062,CAMP0025,CUST004015,B07FZ8S74R,SES00401502,2024-12-30 04:19:28,ORD_SYN_00001627,1,39.99,0.04,1.6,Cancelled,Not Returned
CONV_SYN_00000781,CLK_SYN_00009174,AFF014,MER0034,CAMP0007,CUST003168,B09PQR345,SES00316802,2024-12-30 05:18:47,ORD_SYN_00000781,1,89.99,0.03,2.7,Delivered,Not Returned
CONV_SYN_00001910,CLK_SYN_00002067,AFF014,MER0056,CAMP0013,CUST000650,B09GHI456,SES00065003,2024-12-30 13:21:49,ORD_SYN_00001910,2,199.98,0.03,6.0,Delivered,Not Returned
CONV_SYN_00000143,CLK_SYN_00000517,AFF005,MER0053,CAMP0007,CUST001702,B08N5WRWNW,SES00170203,2024-12-30 14:19:09,ORD_SYN_00000143,1,49.99,0.04,2.0,Delivered,Returned
CONV_SYN_00001444,CLK_SYN_00005656,AFF011,MER0001,CAMP0030,CUST004064,B08ABC123,SES00406401,2024-12-30 18:28:39,ORD_SYN_00001444,1,2495.0,0.015,37.42,Cancelled,Not Returned
CONV_SYN_00000191,CLK_SYN_00006633,AFF010,MER0042,CAMP0037,CUST001655,B09DEF123,SES00165503,2024-12-31 01:07:38,ORD_SYN_00000191,1,1199.0,0.015,17.98,Delivered,Not Returned
CONV_SYN_00001070,CLK_SYN_00008810,AFF004,MER0083,CAMP0007,CUST000483,B08STU901,SES00048303,2024-12-31 06:24:45,ORD_SYN_00001070,1,379.99,0.025,9.5,Delivered,Not Returned
CONV_SYN_00000436,CLK_SYN_00008255,AFF013,MER0023,CAMP0030,CUST000405,B09PQR012,SES00040503,2024-12-31 10:08:25,ORD_SYN_00000436,1,399.0,0.02,7.98,Delivered,Returned
CONV_SYN_00001683,CLK_SYN_00009097,AFF012,MER0081,CAMP0046,CUST002993,B07GHI456,SES00299302,2024-12-31 13:57:29,ORD_SYN_00001683,1,149.99,0.035,5.25,Delivered,Not Returned
CONV_SYN_00001073,CLK_SYN_00004136,AFF013,MER0012,CAMP0029,CUST002806,B07VWX234,SES00280602,2025-01-01 23:16:23,ORD_SYN_00001073,1,29.99,0.04,1.2,Delivered,Returned
CONV_SYN_00001221,CLK_SYN_00007710,AFF005,MER0041,CAMP0030,CUST001540,B07MNO678,SES00154001,2025-01-02 02:03:13,ORD_SYN_00001221,1,34.99,0.04,1.4,Delivered,Not Returned
CONV_SYN_00000211,CLK_SYN_00009381,AFF020,MER0083,CAMP0011,CUST001623,B08STU901,SES00162301,2025-01-03 01:28:18,ORD_SYN_00000211,1,379.99,0.025,9.5,Delivered,Returned
CONV_SYN_00001789,CLK_SYN_00005512,AFF020,MER0052,CAMP0011,CUST004846,B08ABC890,SES00484601,2025-01-03 09:36:51,ORD_SYN_00001789,1,249.99,0.025,6.25,Delivered,Not Returned
CONV_SYN_00001326,CLK_SYN_00004598,AFF011,MER0016,CAMP0037,CUST002558,B07MNO678,SES00255803,2025-01-03 11:30:01,ORD_SYN_00001326,1,34.99,0.04,1.4,Delivered,Returned
CONV_SYN_00000029,CLK_SYN_00000938,AFF008,MER0018,CAMP0034,CUST001891,B07GHI456,SES00189103,2025-01-03 14:57:09,ORD_SYN_00000029,2,299.98,0.035,10.5,Delivered,Not Returned
